epoch	train_mse	test_mse	test_accuracy
1	0.250296	0.250237	0.4202
2	0.250231	0.250166	0.4719
3	0.250168	0.250097	0.4590
4	0.250108	0.250030	0.5344
5	0.250049	0.249965	0.5459
6	0.249992	0.249902	0.5523
7	0.249937	0.249841	0.5506
8	0.249883	0.249781	0.5511
9	0.249831	0.249724	0.5499
10	0.249781	0.249667	0.5504
11	0.249732	0.249613	0.5492
12	0.249685	0.249560	0.5485
13	0.249639	0.249508	0.5492
14	0.249594	0.249458	0.5490
15	0.249551	0.249409	0.5488
16	0.249509	0.249362	0.5485
17	0.249469	0.249316	0.5485
18	0.249429	0.249271	0.5485
19	0.249391	0.249228	0.5485
20	0.249354	0.249186	0.5488
21	0.249318	0.249145	0.5488
22	0.249283	0.249105	0.5488
23	0.249250	0.249066	0.5488
24	0.249217	0.249029	0.5488
25	0.249185	0.248992	0.5488
26	0.249154	0.248956	0.5488
27	0.249124	0.248922	0.5488
28	0.249095	0.248888	0.5488
29	0.249067	0.248855	0.5488
30	0.249040	0.248823	0.5488
31	0.249014	0.248792	0.5488
32	0.248988	0.248762	0.5488
33	0.248963	0.248733	0.5488
34	0.248939	0.248704	0.5488
35	0.248915	0.248677	0.5488
36	0.248893	0.248650	0.5488
37	0.248871	0.248624	0.5488
38	0.248849	0.248598	0.5488
39	0.248828	0.248573	0.5488
40	0.248808	0.248549	0.5488
41	0.248789	0.248525	0.5488
42	0.248770	0.248502	0.5488
43	0.248751	0.248480	0.5488
44	0.248733	0.248458	0.5488
45	0.248716	0.248437	0.5488
46	0.248699	0.248417	0.5488
47	0.248683	0.248397	0.5488
48	0.248667	0.248377	0.5488
49	0.248651	0.248358	0.5488
50	0.248636	0.248340	0.5488
51	0.248622	0.248322	0.5488
52	0.248608	0.248304	0.5488
53	0.248594	0.248287	0.5488
54	0.248581	0.248270	0.5488
55	0.248568	0.248254	0.5488
56	0.248555	0.248238	0.5488
57	0.248543	0.248223	0.5488
58	0.248531	0.248208	0.5488
59	0.248519	0.248193	0.5488
60	0.248508	0.248179	0.5488
61	0.248497	0.248165	0.5488
62	0.248487	0.248151	0.5488
63	0.248476	0.248138	0.5488
64	0.248466	0.248125	0.5488
65	0.248456	0.248112	0.5488
66	0.248447	0.248100	0.5488
67	0.248438	0.248088	0.5488
68	0.248429	0.248076	0.5488
69	0.248420	0.248065	0.5488
70	0.248411	0.248053	0.5488
71	0.248403	0.248043	0.5488
72	0.248395	0.248032	0.5488
73	0.248387	0.248021	0.5488
74	0.248380	0.248011	0.5488
75	0.248372	0.248001	0.5488
76	0.248365	0.247992	0.5488
77	0.248358	0.247982	0.5488
78	0.248351	0.247973	0.5488
79	0.248345	0.247964	0.5488
80	0.248338	0.247955	0.5488
81	0.248332	0.247947	0.5488
82	0.248326	0.247938	0.5488
83	0.248320	0.247930	0.5488
84	0.248314	0.247922	0.5488
85	0.248308	0.247914	0.5488
86	0.248302	0.247906	0.5488
87	0.248297	0.247899	0.5488
88	0.248292	0.247891	0.5488
89	0.248287	0.247884	0.5488
90	0.248281	0.247877	0.5488
91	0.248277	0.247870	0.5488
92	0.248272	0.247863	0.5488
93	0.248267	0.247857	0.5488
94	0.248262	0.247850	0.5488
95	0.248258	0.247844	0.5488
96	0.248254	0.247838	0.5488
97	0.248249	0.247832	0.5488
98	0.248245	0.247826	0.5488
99	0.248241	0.247820	0.5488
100	0.248237	0.247814	0.5488
101	0.248233	0.247808	0.5488
102	0.248229	0.247803	0.5488
103	0.248226	0.247797	0.5488
104	0.248222	0.247792	0.5488
105	0.248219	0.247787	0.5488
106	0.248215	0.247782	0.5488
107	0.248212	0.247777	0.5488
108	0.248208	0.247772	0.5488
109	0.248205	0.247767	0.5488
110	0.248202	0.247762	0.5488
111	0.248199	0.247758	0.5488
112	0.248196	0.247753	0.5488
113	0.248193	0.247749	0.5488
114	0.248190	0.247744	0.5488
115	0.248187	0.247740	0.5488
116	0.248184	0.247736	0.5488
117	0.248181	0.247732	0.5488
118	0.248178	0.247727	0.5488
119	0.248176	0.247723	0.5488
120	0.248173	0.247719	0.5488
121	0.248171	0.247716	0.5488
122	0.248168	0.247712	0.5488
123	0.248165	0.247708	0.5488
124	0.248163	0.247704	0.5488
125	0.248161	0.247701	0.5488
126	0.248158	0.247697	0.5488
127	0.248156	0.247693	0.5488
128	0.248154	0.247690	0.5488
129	0.248151	0.247686	0.5488
130	0.248149	0.247683	0.5488
131	0.248147	0.247680	0.5488
132	0.248145	0.247676	0.5488
133	0.248143	0.247673	0.5488
134	0.248141	0.247670	0.5488
135	0.248138	0.247667	0.5488
136	0.248136	0.247664	0.5488
137	0.248134	0.247661	0.5488
138	0.248132	0.247658	0.5488
139	0.248130	0.247655	0.5488
140	0.248129	0.247652	0.5488
141	0.248127	0.247649	0.5488
142	0.248125	0.247646	0.5488
143	0.248123	0.247643	0.5488
144	0.248121	0.247640	0.5488
145	0.248119	0.247638	0.5488
146	0.248117	0.247635	0.5488
147	0.248116	0.247632	0.5488
148	0.248114	0.247630	0.5488
149	0.248112	0.247627	0.5488
150	0.248111	0.247624	0.5488
151	0.248109	0.247622	0.5488
152	0.248107	0.247619	0.5488
153	0.248106	0.247617	0.5488
154	0.248104	0.247614	0.5488
155	0.248102	0.247612	0.5488
156	0.248101	0.247610	0.5488
157	0.248099	0.247607	0.5488
158	0.248097	0.247605	0.5488
159	0.248096	0.247602	0.5488
160	0.248094	0.247600	0.5488
161	0.248093	0.247598	0.5488
162	0.248091	0.247596	0.5488
163	0.248090	0.247593	0.5488
164	0.248088	0.247591	0.5488
165	0.248087	0.247589	0.5488
166	0.248085	0.247587	0.5488
167	0.248084	0.247585	0.5488
168	0.248082	0.247582	0.5488
169	0.248081	0.247580	0.5488
170	0.248080	0.247578	0.5488
171	0.248078	0.247576	0.5488
172	0.248077	0.247574	0.5488
173	0.248075	0.247572	0.5488
174	0.248074	0.247570	0.5488
175	0.248072	0.247568	0.5488
176	0.248071	0.247566	0.5488
177	0.248070	0.247564	0.5488
178	0.248068	0.247562	0.5488
179	0.248067	0.247560	0.5488
180	0.248066	0.247558	0.5488
181	0.248064	0.247556	0.5488
182	0.248063	0.247554	0.5488
183	0.248062	0.247552	0.5488
184	0.248060	0.247550	0.5488
185	0.248059	0.247549	0.5488
186	0.248058	0.247547	0.5488
187	0.248056	0.247545	0.5488
188	0.248055	0.247543	0.5488
189	0.248054	0.247541	0.5488
190	0.248052	0.247539	0.5488
191	0.248051	0.247538	0.5488
192	0.248050	0.247536	0.5488
193	0.248049	0.247534	0.5488
194	0.248047	0.247532	0.5488
195	0.248046	0.247530	0.5488
196	0.248045	0.247529	0.5488
197	0.248044	0.247527	0.5488
198	0.248042	0.247525	0.5488
199	0.248041	0.247524	0.5488
200	0.248040	0.247522	0.5488
201	0.248039	0.247520	0.5488
202	0.248037	0.247518	0.5488
203	0.248036	0.247517	0.5488
204	0.248035	0.247515	0.5488
205	0.248034	0.247513	0.5488
206	0.248032	0.247512	0.5488
207	0.248031	0.247510	0.5488
208	0.248030	0.247508	0.5488
209	0.248029	0.247507	0.5488
210	0.248027	0.247505	0.5488
211	0.248026	0.247503	0.5488
212	0.248025	0.247502	0.5488
213	0.248024	0.247500	0.5488
214	0.248023	0.247499	0.5488
215	0.248021	0.247497	0.5488
216	0.248020	0.247495	0.5488
217	0.248019	0.247494	0.5488
218	0.248018	0.247492	0.5488
219	0.248016	0.247491	0.5488
220	0.248015	0.247489	0.5488
221	0.248014	0.247488	0.5488
222	0.248013	0.247486	0.5488
223	0.248012	0.247484	0.5488
224	0.248010	0.247483	0.5488
225	0.248009	0.247481	0.5488
226	0.248008	0.247480	0.5488
227	0.248007	0.247478	0.5488
228	0.248006	0.247477	0.5488
229	0.248005	0.247475	0.5488
230	0.248003	0.247474	0.5488
231	0.248002	0.247472	0.5488
232	0.248001	0.247471	0.5488
233	0.248000	0.247469	0.5488
234	0.247999	0.247468	0.5488
235	0.247997	0.247466	0.5488
236	0.247996	0.247465	0.5488
237	0.247995	0.247463	0.5488
238	0.247994	0.247462	0.5488
239	0.247993	0.247460	0.5488
240	0.247991	0.247459	0.5488
241	0.247990	0.247457	0.5488
242	0.247989	0.247456	0.5488
243	0.247988	0.247454	0.5488
244	0.247987	0.247453	0.5488
245	0.247985	0.247451	0.5488
246	0.247984	0.247450	0.5488
247	0.247983	0.247448	0.5488
248	0.247982	0.247447	0.5488
249	0.247981	0.247446	0.5488
250	0.247980	0.247444	0.5488
251	0.247978	0.247443	0.5488
252	0.247977	0.247441	0.5488
253	0.247976	0.247440	0.5488
254	0.247975	0.247438	0.5488
255	0.247974	0.247437	0.5488
256	0.247972	0.247435	0.5488
257	0.247971	0.247434	0.5488
258	0.247970	0.247433	0.5488
259	0.247969	0.247431	0.5488
260	0.247968	0.247430	0.5488
261	0.247967	0.247428	0.5488
262	0.247965	0.247427	0.5488
263	0.247964	0.247425	0.5488
264	0.247963	0.247424	0.5488
265	0.247962	0.247423	0.5488
266	0.247961	0.247421	0.5488
267	0.247959	0.247420	0.5488
268	0.247958	0.247418	0.5488
269	0.247957	0.247417	0.5488
270	0.247956	0.247416	0.5488
271	0.247955	0.247414	0.5488
272	0.247954	0.247413	0.5488
273	0.247952	0.247411	0.5488
274	0.247951	0.247410	0.5488
275	0.247950	0.247409	0.5488
276	0.247949	0.247407	0.5488
277	0.247948	0.247406	0.5488
278	0.247946	0.247404	0.5488
279	0.247945	0.247403	0.5488
280	0.247944	0.247402	0.5488
281	0.247943	0.247400	0.5488
282	0.247942	0.247399	0.5488
283	0.247940	0.247397	0.5488
284	0.247939	0.247396	0.5488
285	0.247938	0.247395	0.5488
286	0.247937	0.247393	0.5488
287	0.247936	0.247392	0.5488
288	0.247934	0.247390	0.5488
289	0.247933	0.247389	0.5488
290	0.247932	0.247388	0.5488
291	0.247931	0.247386	0.5488
292	0.247930	0.247385	0.5488
293	0.247928	0.247383	0.5488
294	0.247927	0.247382	0.5488
295	0.247926	0.247381	0.5488
296	0.247925	0.247379	0.5488
297	0.247924	0.247378	0.5488
298	0.247922	0.247377	0.5488
299	0.247921	0.247375	0.5488
300	0.247920	0.247374	0.5488
301	0.247919	0.247372	0.5488
302	0.247918	0.247371	0.5488
303	0.247916	0.247370	0.5488
304	0.247915	0.247368	0.5488
305	0.247914	0.247367	0.5488
306	0.247913	0.247365	0.5488
307	0.247912	0.247364	0.5488
308	0.247910	0.247363	0.5488
309	0.247909	0.247361	0.5488
310	0.247908	0.247360	0.5488
311	0.247907	0.247359	0.5488
312	0.247905	0.247357	0.5488
313	0.247904	0.247356	0.5488
314	0.247903	0.247354	0.5488
315	0.247902	0.247353	0.5488
316	0.247901	0.247352	0.5488
317	0.247899	0.247350	0.5488
318	0.247898	0.247349	0.5488
319	0.247897	0.247347	0.5488
320	0.247896	0.247346	0.5488
321	0.247894	0.247345	0.5488
322	0.247893	0.247343	0.5488
323	0.247892	0.247342	0.5488
324	0.247891	0.247340	0.5488
325	0.247890	0.247339	0.5488
326	0.247888	0.247338	0.5488
327	0.247887	0.247336	0.5488
328	0.247886	0.247335	0.5488
329	0.247885	0.247334	0.5488
330	0.247883	0.247332	0.5488
331	0.247882	0.247331	0.5488
332	0.247881	0.247329	0.5488
333	0.247880	0.247328	0.5488
334	0.247878	0.247327	0.5488
335	0.247877	0.247325	0.5488
336	0.247876	0.247324	0.5488
337	0.247875	0.247322	0.5488
338	0.247873	0.247321	0.5488
339	0.247872	0.247320	0.5488
340	0.247871	0.247318	0.5488
341	0.247870	0.247317	0.5488
342	0.247868	0.247315	0.5488
343	0.247867	0.247314	0.5488
344	0.247866	0.247313	0.5488
345	0.247865	0.247311	0.5488
346	0.247863	0.247310	0.5488
347	0.247862	0.247308	0.5488
348	0.247861	0.247307	0.5488
349	0.247860	0.247306	0.5488
350	0.247858	0.247304	0.5488
351	0.247857	0.247303	0.5488
352	0.247856	0.247301	0.5488
353	0.247855	0.247300	0.5488
354	0.247853	0.247299	0.5488
355	0.247852	0.247297	0.5488
356	0.247851	0.247296	0.5488
357	0.247850	0.247294	0.5488
358	0.247848	0.247293	0.5488
359	0.247847	0.247292	0.5488
360	0.247846	0.247290	0.5488
361	0.247844	0.247289	0.5488
362	0.247843	0.247287	0.5488
363	0.247842	0.247286	0.5488
364	0.247841	0.247285	0.5488
365	0.247839	0.247283	0.5488
366	0.247838	0.247282	0.5488
367	0.247837	0.247280	0.5488
368	0.247835	0.247279	0.5488
369	0.247834	0.247278	0.5488
370	0.247833	0.247276	0.5488
371	0.247832	0.247275	0.5488
372	0.247830	0.247273	0.5488
373	0.247829	0.247272	0.5488
374	0.247828	0.247270	0.5488
375	0.247826	0.247269	0.5488
376	0.247825	0.247268	0.5488
377	0.247824	0.247266	0.5488
378	0.247823	0.247265	0.5488
379	0.247821	0.247263	0.5488
380	0.247820	0.247262	0.5488
381	0.247819	0.247260	0.5488
382	0.247817	0.247259	0.5488
383	0.247816	0.247258	0.5488
384	0.247815	0.247256	0.5488
385	0.247813	0.247255	0.5488
386	0.247812	0.247253	0.5488
387	0.247811	0.247252	0.5488
388	0.247810	0.247250	0.5488
389	0.247808	0.247249	0.5488
390	0.247807	0.247248	0.5488
391	0.247806	0.247246	0.5488
392	0.247804	0.247245	0.5488
393	0.247803	0.247243	0.5488
394	0.247802	0.247242	0.5488
395	0.247800	0.247240	0.5488
396	0.247799	0.247239	0.5488
397	0.247798	0.247237	0.5488
398	0.247796	0.247236	0.5488
399	0.247795	0.247235	0.5488
400	0.247794	0.247233	0.5488
401	0.247792	0.247232	0.5488
402	0.247791	0.247230	0.5488
403	0.247790	0.247229	0.5488
404	0.247788	0.247227	0.5488
405	0.247787	0.247226	0.5488
406	0.247786	0.247224	0.5488
407	0.247784	0.247223	0.5488
408	0.247783	0.247221	0.5488
409	0.247782	0.247220	0.5488
410	0.247780	0.247218	0.5488
411	0.247779	0.247217	0.5488
412	0.247778	0.247215	0.5488
413	0.247776	0.247214	0.5488
414	0.247775	0.247213	0.5488
415	0.247774	0.247211	0.5488
416	0.247772	0.247210	0.5488
417	0.247771	0.247208	0.5488
418	0.247769	0.247207	0.5488
419	0.247768	0.247205	0.5488
420	0.247767	0.247204	0.5488
421	0.247765	0.247202	0.5488
422	0.247764	0.247201	0.5488
423	0.247763	0.247199	0.5488
424	0.247761	0.247198	0.5488
425	0.247760	0.247196	0.5488
426	0.247759	0.247195	0.5488
427	0.247757	0.247193	0.5488
428	0.247756	0.247192	0.5488
429	0.247754	0.247190	0.5488
430	0.247753	0.247189	0.5488
431	0.247752	0.247187	0.5488
432	0.247750	0.247186	0.5488
433	0.247749	0.247184	0.5488
434	0.247748	0.247183	0.5488
435	0.247746	0.247181	0.5488
436	0.247745	0.247180	0.5488
437	0.247743	0.247178	0.5488
438	0.247742	0.247177	0.5488
439	0.247741	0.247175	0.5488
440	0.247739	0.247174	0.5488
441	0.247738	0.247172	0.5488
442	0.247736	0.247171	0.5488
443	0.247735	0.247169	0.5488
444	0.247734	0.247168	0.5488
445	0.247732	0.247166	0.5488
446	0.247731	0.247165	0.5488
447	0.247729	0.247163	0.5488
448	0.247728	0.247161	0.5488
449	0.247727	0.247160	0.5488
450	0.247725	0.247158	0.5488
451	0.247724	0.247157	0.5488
452	0.247722	0.247155	0.5488
453	0.247721	0.247154	0.5488
454	0.247719	0.247152	0.5488
455	0.247718	0.247151	0.5488
456	0.247717	0.247149	0.5488
457	0.247715	0.247148	0.5488
458	0.247714	0.247146	0.5488
459	0.247712	0.247145	0.5488
460	0.247711	0.247143	0.5488
461	0.247709	0.247141	0.5488
462	0.247708	0.247140	0.5488
463	0.247707	0.247138	0.5488
464	0.247705	0.247137	0.5488
465	0.247704	0.247135	0.5488
466	0.247702	0.247134	0.5488
467	0.247701	0.247132	0.5488
468	0.247699	0.247130	0.5488
469	0.247698	0.247129	0.5488
470	0.247696	0.247127	0.5488
471	0.247695	0.247126	0.5488
472	0.247694	0.247124	0.5488
473	0.247692	0.247123	0.5488
474	0.247691	0.247121	0.5488
475	0.247689	0.247119	0.5488
476	0.247688	0.247118	0.5488
477	0.247686	0.247116	0.5488
478	0.247685	0.247115	0.5488
479	0.247683	0.247113	0.5488
480	0.247682	0.247111	0.5488
481	0.247680	0.247110	0.5488
482	0.247679	0.247108	0.5488
483	0.247677	0.247107	0.5488
484	0.247676	0.247105	0.5488
485	0.247674	0.247103	0.5488
486	0.247673	0.247102	0.5488
487	0.247671	0.247100	0.5488
488	0.247670	0.247099	0.5488
489	0.247668	0.247097	0.5488
490	0.247667	0.247095	0.5488
491	0.247665	0.247094	0.5488
492	0.247664	0.247092	0.5488
493	0.247662	0.247091	0.5488
494	0.247661	0.247089	0.5488
495	0.247659	0.247087	0.5488
496	0.247658	0.247086	0.5488
497	0.247656	0.247084	0.5488
498	0.247655	0.247082	0.5488
499	0.247653	0.247081	0.5488
500	0.247652	0.247079	0.5488
501	0.247650	0.247078	0.5488
502	0.247649	0.247076	0.5488
503	0.247647	0.247074	0.5488
504	0.247646	0.247073	0.5488
505	0.247644	0.247071	0.5488
506	0.247643	0.247069	0.5488
507	0.247641	0.247068	0.5488
508	0.247640	0.247066	0.5488
509	0.247638	0.247064	0.5488
510	0.247637	0.247063	0.5488
511	0.247635	0.247061	0.5488
512	0.247634	0.247059	0.5488
513	0.247632	0.247058	0.5488
514	0.247631	0.247056	0.5488
515	0.247629	0.247054	0.5488
516	0.247627	0.247053	0.5488
517	0.247626	0.247051	0.5488
518	0.247624	0.247049	0.5488
519	0.247623	0.247048	0.5488
520	0.247621	0.247046	0.5488
521	0.247620	0.247044	0.5488
522	0.247618	0.247043	0.5488
523	0.247617	0.247041	0.5488
524	0.247615	0.247039	0.5488
525	0.247613	0.247038	0.5488
526	0.247612	0.247036	0.5488
527	0.247610	0.247034	0.5488
528	0.247609	0.247033	0.5488
529	0.247607	0.247031	0.5488
530	0.247605	0.247029	0.5488
531	0.247604	0.247027	0.5488
532	0.247602	0.247026	0.5488
533	0.247601	0.247024	0.5488
534	0.247599	0.247022	0.5488
535	0.247598	0.247021	0.5488
536	0.247596	0.247019	0.5488
537	0.247594	0.247017	0.5488
538	0.247593	0.247015	0.5488
539	0.247591	0.247014	0.5488
540	0.247590	0.247012	0.5488
541	0.247588	0.247010	0.5488
542	0.247586	0.247008	0.5488
543	0.247585	0.247007	0.5488
544	0.247583	0.247005	0.5488
545	0.247581	0.247003	0.5488
546	0.247580	0.247002	0.5488
547	0.247578	0.247000	0.5488
548	0.247577	0.246998	0.5488
549	0.247575	0.246996	0.5488
550	0.247573	0.246995	0.5488
551	0.247572	0.246993	0.5488
552	0.247570	0.246991	0.5488
553	0.247568	0.246989	0.5488
554	0.247567	0.246987	0.5488
555	0.247565	0.246986	0.5488
556	0.247564	0.246984	0.5488
557	0.247562	0.246982	0.5488
558	0.247560	0.246980	0.5488
559	0.247559	0.246979	0.5488
560	0.247557	0.246977	0.5488
561	0.247555	0.246975	0.5488
562	0.247554	0.246973	0.5488
563	0.247552	0.246971	0.5488
564	0.247550	0.246970	0.5488
565	0.247549	0.246968	0.5488
566	0.247547	0.246966	0.5488
567	0.247545	0.246964	0.5488
568	0.247544	0.246963	0.5488
569	0.247542	0.246961	0.5488
570	0.247540	0.246959	0.5488
571	0.247539	0.246957	0.5488
572	0.247537	0.246955	0.5488
573	0.247535	0.246953	0.5488
574	0.247534	0.246952	0.5488
575	0.247532	0.246950	0.5488
576	0.247530	0.246948	0.5488
577	0.247528	0.246946	0.5488
578	0.247527	0.246944	0.5488
579	0.247525	0.246943	0.5488
580	0.247523	0.246941	0.5488
581	0.247522	0.246939	0.5488
582	0.247520	0.246937	0.5488
583	0.247518	0.246935	0.5488
584	0.247516	0.246933	0.5488
585	0.247515	0.246931	0.5488
586	0.247513	0.246930	0.5488
587	0.247511	0.246928	0.5488
588	0.247510	0.246926	0.5488
589	0.247508	0.246924	0.5488
590	0.247506	0.246922	0.5488
591	0.247504	0.246920	0.5488
592	0.247503	0.246918	0.5488
593	0.247501	0.246917	0.5488
594	0.247499	0.246915	0.5488
595	0.247497	0.246913	0.5488
596	0.247496	0.246911	0.5488
597	0.247494	0.246909	0.5488
598	0.247492	0.246907	0.5488
599	0.247490	0.246905	0.5488
600	0.247489	0.246903	0.5488
601	0.247487	0.246902	0.5488
602	0.247485	0.246900	0.5488
603	0.247483	0.246898	0.5488
604	0.247482	0.246896	0.5488
605	0.247480	0.246894	0.5488
606	0.247478	0.246892	0.5488
607	0.247476	0.246890	0.5488
608	0.247474	0.246888	0.5488
609	0.247473	0.246886	0.5488
610	0.247471	0.246884	0.5488
611	0.247469	0.246882	0.5488
612	0.247467	0.246881	0.5488
613	0.247465	0.246879	0.5488
614	0.247464	0.246877	0.5488
615	0.247462	0.246875	0.5488
616	0.247460	0.246873	0.5488
617	0.247458	0.246871	0.5488
618	0.247456	0.246869	0.5488
619	0.247455	0.246867	0.5488
620	0.247453	0.246865	0.5488
621	0.247451	0.246863	0.5488
622	0.247449	0.246861	0.5488
623	0.247447	0.246859	0.5488
624	0.247445	0.246857	0.5488
625	0.247444	0.246855	0.5488
626	0.247442	0.246853	0.5488
627	0.247440	0.246851	0.5488
628	0.247438	0.246849	0.5488
629	0.247436	0.246847	0.5488
630	0.247434	0.246845	0.5488
631	0.247433	0.246843	0.5488
632	0.247431	0.246841	0.5488
633	0.247429	0.246839	0.5488
634	0.247427	0.246837	0.5488
635	0.247425	0.246835	0.5488
636	0.247423	0.246833	0.5488
637	0.247421	0.246831	0.5488
638	0.247420	0.246829	0.5488
639	0.247418	0.246827	0.5488
640	0.247416	0.246825	0.5488
641	0.247414	0.246823	0.5488
642	0.247412	0.246821	0.5488
643	0.247410	0.246819	0.5488
644	0.247408	0.246817	0.5488
645	0.247406	0.246815	0.5488
646	0.247404	0.246813	0.5488
647	0.247403	0.246811	0.5488
648	0.247401	0.246809	0.5488
649	0.247399	0.246807	0.5488
650	0.247397	0.246805	0.5488
651	0.247395	0.246803	0.5488
652	0.247393	0.246801	0.5488
653	0.247391	0.246799	0.5488
654	0.247389	0.246797	0.5488
655	0.247387	0.246795	0.5488
656	0.247385	0.246793	0.5488
657	0.247383	0.246791	0.5488
658	0.247381	0.246789	0.5488
659	0.247379	0.246786	0.5488
660	0.247377	0.246784	0.5488
661	0.247376	0.246782	0.5488
662	0.247374	0.246780	0.5488
663	0.247372	0.246778	0.5488
664	0.247370	0.246776	0.5488
665	0.247368	0.246774	0.5488
666	0.247366	0.246772	0.5488
667	0.247364	0.246770	0.5488
668	0.247362	0.246768	0.5488
669	0.247360	0.246765	0.5488
670	0.247358	0.246763	0.5488
671	0.247356	0.246761	0.5488
672	0.247354	0.246759	0.5488
673	0.247352	0.246757	0.5488
674	0.247350	0.246755	0.5488
675	0.247348	0.246753	0.5488
676	0.247346	0.246751	0.5488
677	0.247344	0.246748	0.5488
678	0.247342	0.246746	0.5488
679	0.247340	0.246744	0.5488
680	0.247338	0.246742	0.5488
681	0.247336	0.246740	0.5488
682	0.247334	0.246738	0.5488
683	0.247332	0.246736	0.5488
684	0.247330	0.246733	0.5488
685	0.247328	0.246731	0.5488
686	0.247326	0.246729	0.5488
687	0.247324	0.246727	0.5488
688	0.247322	0.246725	0.5488
689	0.247320	0.246723	0.5488
690	0.247318	0.246720	0.5488
691	0.247316	0.246718	0.5488
692	0.247314	0.246716	0.5488
693	0.247311	0.246714	0.5488
694	0.247309	0.246712	0.5488
695	0.247307	0.246709	0.5488
696	0.247305	0.246707	0.5488
697	0.247303	0.246705	0.5488
698	0.247301	0.246703	0.5488
699	0.247299	0.246701	0.5488
700	0.247297	0.246698	0.5488
701	0.247295	0.246696	0.5488
702	0.247293	0.246694	0.5488
703	0.247291	0.246692	0.5488
704	0.247289	0.246689	0.5488
705	0.247287	0.246687	0.5488
706	0.247284	0.246685	0.5488
707	0.247282	0.246683	0.5488
708	0.247280	0.246680	0.5488
709	0.247278	0.246678	0.5488
710	0.247276	0.246676	0.5488
711	0.247274	0.246674	0.5488
712	0.247272	0.246671	0.5488
713	0.247270	0.246669	0.5488
714	0.247267	0.246667	0.5488
715	0.247265	0.246665	0.5488
716	0.247263	0.246662	0.5488
717	0.247261	0.246660	0.5488
718	0.247259	0.246658	0.5488
719	0.247257	0.246655	0.5488
720	0.247255	0.246653	0.5488
721	0.247252	0.246651	0.5488
722	0.247250	0.246648	0.5488
723	0.247248	0.246646	0.5488
724	0.247246	0.246644	0.5488
725	0.247244	0.246642	0.5488
726	0.247242	0.246639	0.5488
727	0.247239	0.246637	0.5488
728	0.247237	0.246635	0.5488
729	0.247235	0.246632	0.5488
730	0.247233	0.246630	0.5488
731	0.247231	0.246628	0.5488
732	0.247228	0.246625	0.5488
733	0.247226	0.246623	0.5488
734	0.247224	0.246620	0.5488
735	0.247222	0.246618	0.5488
736	0.247220	0.246616	0.5488
737	0.247217	0.246613	0.5488
738	0.247215	0.246611	0.5488
739	0.247213	0.246609	0.5488
740	0.247211	0.246606	0.5488
741	0.247209	0.246604	0.5488
742	0.247206	0.246601	0.5488
743	0.247204	0.246599	0.5488
744	0.247202	0.246597	0.5488
745	0.247200	0.246594	0.5488
746	0.247197	0.246592	0.5488
747	0.247195	0.246590	0.5488
748	0.247193	0.246587	0.5488
749	0.247191	0.246585	0.5488
750	0.247188	0.246582	0.5488
751	0.247186	0.246580	0.5488
752	0.247184	0.246577	0.5488
753	0.247181	0.246575	0.5488
754	0.247179	0.246573	0.5488
755	0.247177	0.246570	0.5488
756	0.247175	0.246568	0.5488
757	0.247172	0.246565	0.5488
758	0.247170	0.246563	0.5488
759	0.247168	0.246560	0.5488
760	0.247165	0.246558	0.5488
761	0.247163	0.246555	0.5488
762	0.247161	0.246553	0.5488
763	0.247158	0.246550	0.5488
764	0.247156	0.246548	0.5488
765	0.247154	0.246545	0.5488
766	0.247151	0.246543	0.5488
767	0.247149	0.246541	0.5488
768	0.247147	0.246538	0.5488
769	0.247144	0.246536	0.5488
770	0.247142	0.246533	0.5488
771	0.247140	0.246531	0.5488
772	0.247137	0.246528	0.5488
773	0.247135	0.246525	0.5488
774	0.247133	0.246523	0.5488
775	0.247130	0.246520	0.5488
776	0.247128	0.246518	0.5488
777	0.247125	0.246515	0.5488
778	0.247123	0.246513	0.5488
779	0.247121	0.246510	0.5488
780	0.247118	0.246508	0.5488
781	0.247116	0.246505	0.5488
782	0.247114	0.246503	0.5488
783	0.247111	0.246500	0.5488
784	0.247109	0.246498	0.5488
785	0.247106	0.246495	0.5488
786	0.247104	0.246492	0.5488
787	0.247101	0.246490	0.5488
788	0.247099	0.246487	0.5488
789	0.247097	0.246485	0.5488
790	0.247094	0.246482	0.5488
791	0.247092	0.246479	0.5488
792	0.247089	0.246477	0.5488
793	0.247087	0.246474	0.5488
794	0.247084	0.246472	0.5488
795	0.247082	0.246469	0.5488
796	0.247079	0.246466	0.5488
797	0.247077	0.246464	0.5488
798	0.247075	0.246461	0.5488
799	0.247072	0.246459	0.5488
800	0.247070	0.246456	0.5488
801	0.247067	0.246453	0.5488
802	0.247065	0.246451	0.5488
803	0.247062	0.246448	0.5488
804	0.247060	0.246445	0.5488
805	0.247057	0.246443	0.5488
806	0.247055	0.246440	0.5488
807	0.247052	0.246437	0.5488
808	0.247050	0.246435	0.5488
809	0.247047	0.246432	0.5488
810	0.247045	0.246429	0.5488
811	0.247042	0.246427	0.5488
812	0.247039	0.246424	0.5488
813	0.247037	0.246421	0.5488
814	0.247034	0.246418	0.5488
815	0.247032	0.246416	0.5488
816	0.247029	0.246413	0.5488
817	0.247027	0.246410	0.5488
818	0.247024	0.246408	0.5488
819	0.247022	0.246405	0.5488
820	0.247019	0.246402	0.5488
821	0.247016	0.246399	0.5488
822	0.247014	0.246397	0.5488
823	0.247011	0.246394	0.5488
824	0.247009	0.246391	0.5488
825	0.247006	0.246388	0.5488
826	0.247004	0.246386	0.5488
827	0.247001	0.246383	0.5488
828	0.246998	0.246380	0.5488
829	0.246996	0.246377	0.5488
830	0.246993	0.246375	0.5488
831	0.246991	0.246372	0.5488
832	0.246988	0.246369	0.5488
833	0.246985	0.246366	0.5488
834	0.246983	0.246363	0.5488
835	0.246980	0.246361	0.5488
836	0.246977	0.246358	0.5488
837	0.246975	0.246355	0.5488
838	0.246972	0.246352	0.5488
839	0.246969	0.246349	0.5488
840	0.246967	0.246347	0.5488
841	0.246964	0.246344	0.5488
842	0.246961	0.246341	0.5488
843	0.246959	0.246338	0.5488
844	0.246956	0.246335	0.5488
845	0.246953	0.246332	0.5488
846	0.246951	0.246329	0.5488
847	0.246948	0.246327	0.5488
848	0.246945	0.246324	0.5488
849	0.246943	0.246321	0.5488
850	0.246940	0.246318	0.5488
851	0.246937	0.246315	0.5488
852	0.246934	0.246312	0.5488
853	0.246932	0.246309	0.5488
854	0.246929	0.246306	0.5488
855	0.246926	0.246304	0.5488
856	0.246923	0.246301	0.5488
857	0.246921	0.246298	0.5488
858	0.246918	0.246295	0.5488
859	0.246915	0.246292	0.5488
860	0.246912	0.246289	0.5488
861	0.246910	0.246286	0.5488
862	0.246907	0.246283	0.5488
863	0.246904	0.246280	0.5488
864	0.246901	0.246277	0.5488
865	0.246899	0.246274	0.5488
866	0.246896	0.246271	0.5488
867	0.246893	0.246268	0.5488
868	0.246890	0.246265	0.5488
869	0.246887	0.246262	0.5488
870	0.246885	0.246259	0.5488
871	0.246882	0.246256	0.5488
872	0.246879	0.246253	0.5488
873	0.246876	0.246250	0.5488
874	0.246873	0.246247	0.5488
875	0.246870	0.246244	0.5488
876	0.246868	0.246241	0.5488
877	0.246865	0.246238	0.5488
878	0.246862	0.246235	0.5488
879	0.246859	0.246232	0.5488
880	0.246856	0.246229	0.5488
881	0.246853	0.246226	0.5488
882	0.246850	0.246223	0.5488
883	0.246848	0.246220	0.5488
884	0.246845	0.246217	0.5488
885	0.246842	0.246214	0.5488
886	0.246839	0.246211	0.5488
887	0.246836	0.246208	0.5488
888	0.246833	0.246205	0.5488
889	0.246830	0.246202	0.5488
890	0.246827	0.246199	0.5488
891	0.246824	0.246196	0.5488
892	0.246821	0.246192	0.5488
893	0.246819	0.246189	0.5488
894	0.246816	0.246186	0.5488
895	0.246813	0.246183	0.5488
896	0.246810	0.246180	0.5488
897	0.246807	0.246177	0.5488
898	0.246804	0.246174	0.5488
899	0.246801	0.246171	0.5488
900	0.246798	0.246167	0.5488
901	0.246795	0.246164	0.5488
902	0.246792	0.246161	0.5488
903	0.246789	0.246158	0.5488
904	0.246786	0.246155	0.5488
905	0.246783	0.246152	0.5488
906	0.246780	0.246148	0.5488
907	0.246777	0.246145	0.5488
908	0.246774	0.246142	0.5488
909	0.246771	0.246139	0.5488
910	0.246768	0.246136	0.5488
911	0.246765	0.246132	0.5488
912	0.246762	0.246129	0.5488
913	0.246759	0.246126	0.5488
914	0.246756	0.246123	0.5488
915	0.246753	0.246120	0.5488
916	0.246750	0.246116	0.5488
917	0.246747	0.246113	0.5488
918	0.246744	0.246110	0.5488
919	0.246740	0.246107	0.5488
920	0.246737	0.246103	0.5488
921	0.246734	0.246100	0.5488
922	0.246731	0.246097	0.5488
923	0.246728	0.246094	0.5488
924	0.246725	0.246090	0.5488
925	0.246722	0.246087	0.5488
926	0.246719	0.246084	0.5488
927	0.246716	0.246080	0.5488
928	0.246713	0.246077	0.5488
929	0.246709	0.246074	0.5488
930	0.246706	0.246070	0.5488
931	0.246703	0.246067	0.5488
932	0.246700	0.246064	0.5488
933	0.246697	0.246060	0.5488
934	0.246694	0.246057	0.5488
935	0.246691	0.246054	0.5488
936	0.246687	0.246050	0.5488
937	0.246684	0.246047	0.5488
938	0.246681	0.246044	0.5488
939	0.246678	0.246040	0.5488
940	0.246675	0.246037	0.5488
941	0.246671	0.246034	0.5488
942	0.246668	0.246030	0.5488
943	0.246665	0.246027	0.5488
944	0.246662	0.246023	0.5488
945	0.246659	0.246020	0.5488
946	0.246655	0.246017	0.5488
947	0.246652	0.246013	0.5488
948	0.246649	0.246010	0.5488
949	0.246646	0.246006	0.5488
950	0.246642	0.246003	0.5488
951	0.246639	0.245999	0.5488
952	0.246636	0.245996	0.5488
953	0.246633	0.245992	0.5488
954	0.246629	0.245989	0.5488
955	0.246626	0.245986	0.5488
956	0.246623	0.245982	0.5488
957	0.246620	0.245979	0.5488
958	0.246616	0.245975	0.5488
959	0.246613	0.245972	0.5488
960	0.246610	0.245968	0.5488
961	0.246606	0.245965	0.5488
962	0.246603	0.245961	0.5488
963	0.246600	0.245958	0.5488
964	0.246596	0.245954	0.5488
965	0.246593	0.245951	0.5488
966	0.246590	0.245947	0.5488
967	0.246586	0.245943	0.5488
968	0.246583	0.245940	0.5488
969	0.246580	0.245936	0.5488
970	0.246576	0.245933	0.5488
971	0.246573	0.245929	0.5488
972	0.246569	0.245926	0.5488
973	0.246566	0.245922	0.5488
974	0.246563	0.245918	0.5488
975	0.246559	0.245915	0.5488
976	0.246556	0.245911	0.5488
977	0.246552	0.245908	0.5488
978	0.246549	0.245904	0.5488
979	0.246546	0.245900	0.5488
980	0.246542	0.245897	0.5488
981	0.246539	0.245893	0.5488
982	0.246535	0.245890	0.5488
983	0.246532	0.245886	0.5488
984	0.246528	0.245882	0.5488
985	0.246525	0.245879	0.5488
986	0.246522	0.245875	0.5488
987	0.246518	0.245871	0.5488
988	0.246515	0.245868	0.5488
989	0.246511	0.245864	0.5488
990	0.246508	0.245860	0.5488
991	0.246504	0.245857	0.5488
992	0.246501	0.245853	0.5488
993	0.246497	0.245849	0.5488
994	0.246494	0.245845	0.5488
995	0.246490	0.245842	0.5488
996	0.246486	0.245838	0.5488
997	0.246483	0.245834	0.5488
998	0.246479	0.245830	0.5488
999	0.246476	0.245827	0.5488
1000	0.246472	0.245823	0.5488
1001	0.246469	0.245819	0.5488
1002	0.246465	0.245815	0.5488
1003	0.246462	0.245812	0.5488
1004	0.246458	0.245808	0.5488
1005	0.246454	0.245804	0.5488
1006	0.246451	0.245800	0.5488
1007	0.246447	0.245796	0.5488
1008	0.246444	0.245793	0.5488
1009	0.246440	0.245789	0.5488
1010	0.246436	0.245785	0.5488
1011	0.246433	0.245781	0.5488
1012	0.246429	0.245777	0.5488
1013	0.246425	0.245773	0.5488
1014	0.246422	0.245770	0.5488
1015	0.246418	0.245766	0.5488
1016	0.246414	0.245762	0.5488
1017	0.246411	0.245758	0.5488
1018	0.246407	0.245754	0.5488
1019	0.246403	0.245750	0.5488
1020	0.246400	0.245746	0.5488
1021	0.246396	0.245742	0.5488
1022	0.246392	0.245739	0.5488
1023	0.246389	0.245735	0.5488
1024	0.246385	0.245731	0.5488
1025	0.246381	0.245727	0.5488
1026	0.246378	0.245723	0.5488
1027	0.246374	0.245719	0.5488
1028	0.246370	0.245715	0.5488
1029	0.246366	0.245711	0.5488
1030	0.246363	0.245707	0.5488
1031	0.246359	0.245703	0.5488
1032	0.246355	0.245699	0.5488
1033	0.246351	0.245695	0.5488
1034	0.246347	0.245691	0.5488
1035	0.246344	0.245687	0.5488
1036	0.246340	0.245683	0.5488
1037	0.246336	0.245679	0.5488
1038	0.246332	0.245675	0.5488
1039	0.246328	0.245671	0.5488
1040	0.246325	0.245667	0.5488
1041	0.246321	0.245663	0.5488
1042	0.246317	0.245659	0.5488
1043	0.246313	0.245655	0.5488
1044	0.246309	0.245651	0.5488
1045	0.246305	0.245647	0.5488
1046	0.246302	0.245643	0.5488
1047	0.246298	0.245639	0.5488
1048	0.246294	0.245635	0.5488
1049	0.246290	0.245630	0.5488
1050	0.246286	0.245626	0.5488
1051	0.246282	0.245622	0.5488
1052	0.246278	0.245618	0.5488
1053	0.246274	0.245614	0.5488
1054	0.246270	0.245610	0.5488
1055	0.246266	0.245606	0.5488
1056	0.246262	0.245602	0.5488
1057	0.246259	0.245597	0.5488
1058	0.246255	0.245593	0.5488
1059	0.246251	0.245589	0.5488
1060	0.246247	0.245585	0.5488
1061	0.246243	0.245581	0.5488
1062	0.246239	0.245576	0.5488
1063	0.246235	0.245572	0.5488
1064	0.246231	0.245568	0.5488
1065	0.246227	0.245564	0.5488
1066	0.246223	0.245560	0.5488
1067	0.246219	0.245555	0.5488
1068	0.246215	0.245551	0.5488
1069	0.246211	0.245547	0.5488
1070	0.246207	0.245543	0.5488
1071	0.246203	0.245538	0.5488
1072	0.246199	0.245534	0.5488
1073	0.246195	0.245530	0.5488
1074	0.246190	0.245526	0.5488
1075	0.246186	0.245521	0.5488
1076	0.246182	0.245517	0.5488
1077	0.246178	0.245513	0.5488
1078	0.246174	0.245508	0.5488
1079	0.246170	0.245504	0.5488
1080	0.246166	0.245500	0.5488
1081	0.246162	0.245495	0.5488
1082	0.246158	0.245491	0.5488
1083	0.246154	0.245487	0.5488
1084	0.246149	0.245482	0.5488
1085	0.246145	0.245478	0.5488
1086	0.246141	0.245474	0.5488
1087	0.246137	0.245469	0.5488
1088	0.246133	0.245465	0.5488
1089	0.246129	0.245460	0.5488
1090	0.246124	0.245456	0.5488
1091	0.246120	0.245452	0.5488
1092	0.246116	0.245447	0.5488
1093	0.246112	0.245443	0.5488
1094	0.246108	0.245438	0.5488
1095	0.246103	0.245434	0.5488
1096	0.246099	0.245429	0.5488
1097	0.246095	0.245425	0.5488
1098	0.246091	0.245420	0.5488
1099	0.246086	0.245416	0.5488
1100	0.246082	0.245412	0.5488
1101	0.246078	0.245407	0.5488
1102	0.246074	0.245403	0.5488
1103	0.246069	0.245398	0.5488
1104	0.246065	0.245393	0.5488
1105	0.246061	0.245389	0.5488
1106	0.246056	0.245384	0.5488
1107	0.246052	0.245380	0.5488
1108	0.246048	0.245375	0.5488
1109	0.246043	0.245371	0.5488
1110	0.246039	0.245366	0.5488
1111	0.246035	0.245362	0.5488
1112	0.246030	0.245357	0.5488
1113	0.246026	0.245352	0.5488
1114	0.246022	0.245348	0.5488
1115	0.246017	0.245343	0.5488
1116	0.246013	0.245339	0.5488
1117	0.246009	0.245334	0.5488
1118	0.246004	0.245329	0.5488
1119	0.246000	0.245325	0.5488
1120	0.245995	0.245320	0.5488
1121	0.245991	0.245315	0.5488
1122	0.245987	0.245311	0.5488
1123	0.245982	0.245306	0.5488
1124	0.245978	0.245301	0.5488
1125	0.245973	0.245297	0.5488
1126	0.245969	0.245292	0.5488
1127	0.245964	0.245287	0.5488
1128	0.245960	0.245283	0.5488
1129	0.245955	0.245278	0.5488
1130	0.245951	0.245273	0.5488
1131	0.245946	0.245269	0.5488
1132	0.245942	0.245264	0.5488
1133	0.245937	0.245259	0.5488
1134	0.245933	0.245254	0.5488
1135	0.245928	0.245249	0.5488
1136	0.245924	0.245245	0.5488
1137	0.245919	0.245240	0.5488
1138	0.245915	0.245235	0.5488
1139	0.245910	0.245230	0.5488
1140	0.245905	0.245226	0.5488
1141	0.245901	0.245221	0.5488
1142	0.245896	0.245216	0.5488
1143	0.245892	0.245211	0.5488
1144	0.245887	0.245206	0.5488
1145	0.245882	0.245201	0.5488
1146	0.245878	0.245196	0.5488
1147	0.245873	0.245192	0.5488
1148	0.245869	0.245187	0.5488
1149	0.245864	0.245182	0.5488
1150	0.245859	0.245177	0.5488
1151	0.245855	0.245172	0.5488
1152	0.245850	0.245167	0.5488
1153	0.245845	0.245162	0.5488
1154	0.245841	0.245157	0.5488
1155	0.245836	0.245152	0.5488
1156	0.245831	0.245147	0.5488
1157	0.245826	0.245142	0.5488
1158	0.245822	0.245137	0.5488
1159	0.245817	0.245133	0.5488
1160	0.245812	0.245128	0.5488
1161	0.245808	0.245123	0.5488
1162	0.245803	0.245118	0.5488
1163	0.245798	0.245113	0.5488
1164	0.245793	0.245108	0.5488
1165	0.245788	0.245102	0.5488
1166	0.245784	0.245097	0.5488
1167	0.245779	0.245092	0.5488
1168	0.245774	0.245087	0.5488
1169	0.245769	0.245082	0.5488
1170	0.245764	0.245077	0.5488
1171	0.245760	0.245072	0.5488
1172	0.245755	0.245067	0.5488
1173	0.245750	0.245062	0.5488
1174	0.245745	0.245057	0.5488
1175	0.245740	0.245052	0.5488
1176	0.245735	0.245047	0.5488
1177	0.245730	0.245042	0.5488
1178	0.245726	0.245036	0.5488
1179	0.245721	0.245031	0.5488
1180	0.245716	0.245026	0.5488
1181	0.245711	0.245021	0.5488
1182	0.245706	0.245016	0.5488
1183	0.245701	0.245011	0.5488
1184	0.245696	0.245005	0.5488
1185	0.245691	0.245000	0.5488
1186	0.245686	0.244995	0.5488
1187	0.245681	0.244990	0.5488
1188	0.245676	0.244985	0.5488
1189	0.245671	0.244979	0.5488
1190	0.245666	0.244974	0.5488
1191	0.245661	0.244969	0.5488
1192	0.245656	0.244964	0.5488
1193	0.245651	0.244958	0.5488
1194	0.245646	0.244953	0.5488
1195	0.245641	0.244948	0.5488
1196	0.245636	0.244942	0.5488
1197	0.245631	0.244937	0.5488
1198	0.245626	0.244932	0.5488
1199	0.245621	0.244926	0.5488
1200	0.245616	0.244921	0.5488
1201	0.245611	0.244916	0.5488
1202	0.245606	0.244910	0.5488
1203	0.245601	0.244905	0.5488
1204	0.245595	0.244900	0.5488
1205	0.245590	0.244894	0.5488
1206	0.245585	0.244889	0.5488
1207	0.245580	0.244883	0.5488
1208	0.245575	0.244878	0.5488
1209	0.245570	0.244873	0.5488
1210	0.245565	0.244867	0.5488
1211	0.245559	0.244862	0.5488
1212	0.245554	0.244856	0.5488
1213	0.245549	0.244851	0.5488
1214	0.245544	0.244845	0.5488
1215	0.245539	0.244840	0.5488
1216	0.245533	0.244834	0.5488
1217	0.245528	0.244829	0.5488
1218	0.245523	0.244823	0.5488
1219	0.245518	0.244818	0.5488
1220	0.245512	0.244812	0.5488
1221	0.245507	0.244807	0.5488
1222	0.245502	0.244801	0.5488
1223	0.245497	0.244796	0.5488
1224	0.245491	0.244790	0.5488
1225	0.245486	0.244785	0.5488
1226	0.245481	0.244779	0.5488
1227	0.245475	0.244773	0.5488
1228	0.245470	0.244768	0.5488
1229	0.245465	0.244762	0.5488
1230	0.245459	0.244757	0.5488
1231	0.245454	0.244751	0.5488
1232	0.245449	0.244745	0.5488
1233	0.245443	0.244740	0.5488
1234	0.245438	0.244734	0.5488
1235	0.245432	0.244728	0.5488
1236	0.245427	0.244723	0.5488
1237	0.245422	0.244717	0.5488
1238	0.245416	0.244711	0.5488
1239	0.245411	0.244706	0.5488
1240	0.245405	0.244700	0.5488
1241	0.245400	0.244694	0.5488
1242	0.245394	0.244688	0.5488
1243	0.245389	0.244683	0.5488
1244	0.245383	0.244677	0.5488
1245	0.245378	0.244671	0.5488
1246	0.245372	0.244665	0.5488
1247	0.245367	0.244660	0.5488
1248	0.245361	0.244654	0.5488
1249	0.245356	0.244648	0.5488
1250	0.245350	0.244642	0.5488
1251	0.245345	0.244636	0.5488
1252	0.245339	0.244631	0.5488
1253	0.245334	0.244625	0.5488
1254	0.245328	0.244619	0.5488
1255	0.245322	0.244613	0.5488
1256	0.245317	0.244607	0.5488
1257	0.245311	0.244601	0.5488
1258	0.245306	0.244595	0.5488
1259	0.245300	0.244590	0.5488
1260	0.245294	0.244584	0.5488
1261	0.245289	0.244578	0.5488
1262	0.245283	0.244572	0.5488
1263	0.245277	0.244566	0.5488
1264	0.245272	0.244560	0.5488
1265	0.245266	0.244554	0.5488
1266	0.245260	0.244548	0.5488
1267	0.245255	0.244542	0.5488
1268	0.245249	0.244536	0.5488
1269	0.245243	0.244530	0.5488
1270	0.245238	0.244524	0.5488
1271	0.245232	0.244518	0.5488
1272	0.245226	0.244512	0.5488
1273	0.245220	0.244506	0.5488
1274	0.245215	0.244500	0.5488
1275	0.245209	0.244494	0.5488
1276	0.245203	0.244488	0.5488
1277	0.245197	0.244482	0.5488
1278	0.245191	0.244476	0.5488
1279	0.245186	0.244469	0.5488
1280	0.245180	0.244463	0.5488
1281	0.245174	0.244457	0.5488
1282	0.245168	0.244451	0.5488
1283	0.245162	0.244445	0.5488
1284	0.245156	0.244439	0.5488
1285	0.245150	0.244433	0.5488
1286	0.245145	0.244426	0.5488
1287	0.245139	0.244420	0.5488
1288	0.245133	0.244414	0.5488
1289	0.245127	0.244408	0.5488
1290	0.245121	0.244402	0.5488
1291	0.245115	0.244395	0.5488
1292	0.245109	0.244389	0.5488
1293	0.245103	0.244383	0.5488
1294	0.245097	0.244377	0.5488
1295	0.245091	0.244370	0.5488
1296	0.245085	0.244364	0.5488
1297	0.245079	0.244358	0.5488
1298	0.245073	0.244352	0.5488
1299	0.245067	0.244345	0.5488
1300	0.245061	0.244339	0.5488
1301	0.245055	0.244333	0.5488
1302	0.245049	0.244326	0.5488
1303	0.245043	0.244320	0.5488
1304	0.245037	0.244314	0.5488
1305	0.245031	0.244307	0.5488
1306	0.245025	0.244301	0.5488
1307	0.245019	0.244294	0.5488
1308	0.245012	0.244288	0.5488
1309	0.245006	0.244282	0.5488
1310	0.245000	0.244275	0.5488
1311	0.244994	0.244269	0.5488
1312	0.244988	0.244262	0.5488
1313	0.244982	0.244256	0.5488
1314	0.244976	0.244249	0.5488
1315	0.244969	0.244243	0.5488
1316	0.244963	0.244236	0.5488
1317	0.244957	0.244230	0.5488
1318	0.244951	0.244223	0.5488
1319	0.244945	0.244217	0.5488
1320	0.244938	0.244210	0.5488
1321	0.244932	0.244204	0.5488
1322	0.244926	0.244197	0.5488
1323	0.244920	0.244191	0.5488
1324	0.244913	0.244184	0.5488
1325	0.244907	0.244178	0.5488
1326	0.244901	0.244171	0.5488
1327	0.244894	0.244164	0.5488
1328	0.244888	0.244158	0.5488
1329	0.244882	0.244151	0.5488
1330	0.244875	0.244144	0.5488
1331	0.244869	0.244138	0.5488
1332	0.244863	0.244131	0.5488
1333	0.244856	0.244124	0.5488
1334	0.244850	0.244118	0.5488
1335	0.244844	0.244111	0.5488
1336	0.244837	0.244104	0.5488
1337	0.244831	0.244098	0.5488
1338	0.244824	0.244091	0.5488
1339	0.244818	0.244084	0.5488
1340	0.244811	0.244077	0.5488
1341	0.244805	0.244071	0.5488
1342	0.244799	0.244064	0.5488
1343	0.244792	0.244057	0.5488
1344	0.244786	0.244050	0.5488
1345	0.244779	0.244044	0.5488
1346	0.244773	0.244037	0.5488
1347	0.244766	0.244030	0.5488
1348	0.244760	0.244023	0.5488
1349	0.244753	0.244016	0.5488
1350	0.244746	0.244009	0.5488
1351	0.244740	0.244003	0.5488
1352	0.244733	0.243996	0.5488
1353	0.244727	0.243989	0.5488
1354	0.244720	0.243982	0.5488
1355	0.244714	0.243975	0.5488
1356	0.244707	0.243968	0.5488
1357	0.244700	0.243961	0.5488
1358	0.244694	0.243954	0.5488
1359	0.244687	0.243947	0.5488
1360	0.244680	0.243940	0.5488
1361	0.244674	0.243933	0.5488
1362	0.244667	0.243926	0.5488
1363	0.244660	0.243919	0.5488
1364	0.244654	0.243912	0.5488
1365	0.244647	0.243905	0.5488
1366	0.244640	0.243898	0.5488
1367	0.244633	0.243891	0.5488
1368	0.244627	0.243884	0.5488
1369	0.244620	0.243877	0.5488
1370	0.244613	0.243870	0.5488
1371	0.244606	0.243863	0.5488
1372	0.244600	0.243856	0.5488
1373	0.244593	0.243849	0.5488
1374	0.244586	0.243841	0.5488
1375	0.244579	0.243834	0.5488
1376	0.244572	0.243827	0.5488
1377	0.244566	0.243820	0.5488
1378	0.244559	0.243813	0.5488
1379	0.244552	0.243806	0.5488
1380	0.244545	0.243798	0.5488
1381	0.244538	0.243791	0.5488
1382	0.244531	0.243784	0.5488
1383	0.244524	0.243777	0.5488
1384	0.244517	0.243770	0.5488
1385	0.244510	0.243762	0.5488
1386	0.244503	0.243755	0.5488
1387	0.244497	0.243748	0.5488
1388	0.244490	0.243740	0.5488
1389	0.244483	0.243733	0.5488
1390	0.244476	0.243726	0.5488
1391	0.244469	0.243719	0.5488
1392	0.244462	0.243711	0.5488
1393	0.244455	0.243704	0.5488
1394	0.244448	0.243696	0.5488
1395	0.244440	0.243689	0.5488
1396	0.244433	0.243682	0.5488
1397	0.244426	0.243674	0.5488
1398	0.244419	0.243667	0.5488
1399	0.244412	0.243660	0.5488
1400	0.244405	0.243652	0.5488
1401	0.244398	0.243645	0.5485
1402	0.244391	0.243637	0.5485
1403	0.244384	0.243630	0.5485
1404	0.244377	0.243622	0.5485
1405	0.244369	0.243615	0.5485
1406	0.244362	0.243607	0.5485
1407	0.244355	0.243600	0.5485
1408	0.244348	0.243592	0.5485
1409	0.244341	0.243585	0.5485
1410	0.244333	0.243577	0.5485
1411	0.244326	0.243570	0.5485
1412	0.244319	0.243562	0.5485
1413	0.244312	0.243554	0.5485
1414	0.244305	0.243547	0.5485
1415	0.244297	0.243539	0.5485
1416	0.244290	0.243532	0.5485
1417	0.244283	0.243524	0.5485
1418	0.244275	0.243516	0.5485
1419	0.244268	0.243509	0.5485
1420	0.244261	0.243501	0.5485
1421	0.244253	0.243493	0.5485
1422	0.244246	0.243486	0.5485
1423	0.244239	0.243478	0.5485
1424	0.244231	0.243470	0.5485
1425	0.244224	0.243463	0.5485
1426	0.244216	0.243455	0.5485
1427	0.244209	0.243447	0.5485
1428	0.244202	0.243439	0.5485
1429	0.244194	0.243432	0.5485
1430	0.244187	0.243424	0.5485
1431	0.244179	0.243416	0.5485
1432	0.244172	0.243408	0.5485
1433	0.244164	0.243400	0.5485
1434	0.244157	0.243393	0.5485
1435	0.244149	0.243385	0.5485
1436	0.244142	0.243377	0.5485
1437	0.244134	0.243369	0.5485
1438	0.244127	0.243361	0.5485
1439	0.244119	0.243353	0.5485
1440	0.244112	0.243345	0.5485
1441	0.244104	0.243337	0.5485
1442	0.244097	0.243329	0.5488
1443	0.244089	0.243321	0.5488
1444	0.244081	0.243314	0.5488
1445	0.244074	0.243306	0.5488
1446	0.244066	0.243298	0.5488
1447	0.244058	0.243290	0.5488
1448	0.244051	0.243282	0.5488
1449	0.244043	0.243274	0.5488
1450	0.244035	0.243266	0.5488
1451	0.244028	0.243257	0.5488
1452	0.244020	0.243249	0.5488
1453	0.244012	0.243241	0.5488
1454	0.244005	0.243233	0.5488
1455	0.243997	0.243225	0.5488
1456	0.243989	0.243217	0.5488
1457	0.243981	0.243209	0.5488
1458	0.243974	0.243201	0.5488
1459	0.243966	0.243193	0.5490
1460	0.243958	0.243185	0.5492
1461	0.243950	0.243176	0.5492
1462	0.243942	0.243168	0.5492
1463	0.243934	0.243160	0.5492
1464	0.243927	0.243152	0.5492
1465	0.243919	0.243144	0.5492
1466	0.243911	0.243135	0.5492
1467	0.243903	0.243127	0.5492
1468	0.243895	0.243119	0.5492
1469	0.243887	0.243111	0.5492
1470	0.243879	0.243102	0.5492
1471	0.243871	0.243094	0.5492
1472	0.243863	0.243086	0.5495
1473	0.243855	0.243077	0.5495
1474	0.243847	0.243069	0.5495
1475	0.243839	0.243061	0.5495
1476	0.243831	0.243052	0.5495
1477	0.243823	0.243044	0.5495
1478	0.243815	0.243036	0.5495
1479	0.243807	0.243027	0.5495
1480	0.243799	0.243019	0.5495
1481	0.243791	0.243010	0.5495
1482	0.243783	0.243002	0.5495
1483	0.243775	0.242994	0.5495
1484	0.243767	0.242985	0.5495
1485	0.243759	0.242977	0.5495
1486	0.243751	0.242968	0.5495
1487	0.243743	0.242960	0.5495
1488	0.243735	0.242951	0.5495
1489	0.243726	0.242943	0.5495
1490	0.243718	0.242934	0.5495
1491	0.243710	0.242926	0.5495
1492	0.243702	0.242917	0.5495
1493	0.243694	0.242909	0.5495
1494	0.243686	0.242900	0.5495
1495	0.243677	0.242891	0.5495
1496	0.243669	0.242883	0.5495
1497	0.243661	0.242874	0.5495
1498	0.243653	0.242865	0.5495
1499	0.243644	0.242857	0.5495
1500	0.243636	0.242848	0.5495
1501	0.243628	0.242840	0.5495
1502	0.243619	0.242831	0.5495
1503	0.243611	0.242822	0.5495
1504	0.243603	0.242813	0.5495
1505	0.243594	0.242805	0.5495
1506	0.243586	0.242796	0.5495
1507	0.243578	0.242787	0.5495
1508	0.243569	0.242778	0.5495
1509	0.243561	0.242770	0.5495
1510	0.243552	0.242761	0.5495
1511	0.243544	0.242752	0.5495
1512	0.243536	0.242743	0.5495
1513	0.243527	0.242734	0.5495
1514	0.243519	0.242726	0.5495
1515	0.243510	0.242717	0.5495
1516	0.243502	0.242708	0.5495
1517	0.243493	0.242699	0.5495
1518	0.243485	0.242690	0.5495
1519	0.243476	0.242681	0.5495
1520	0.243468	0.242672	0.5495
1521	0.243459	0.242663	0.5495
1522	0.243450	0.242654	0.5495
1523	0.243442	0.242646	0.5495
1524	0.243433	0.242637	0.5495
1525	0.243425	0.242628	0.5495
1526	0.243416	0.242619	0.5497
1527	0.243407	0.242610	0.5497
1528	0.243399	0.242601	0.5497
1529	0.243390	0.242592	0.5497
1530	0.243382	0.242582	0.5497
1531	0.243373	0.242573	0.5497
1532	0.243364	0.242564	0.5497
1533	0.243355	0.242555	0.5497
1534	0.243347	0.242546	0.5497
1535	0.243338	0.242537	0.5497
1536	0.243329	0.242528	0.5499
1537	0.243321	0.242519	0.5499
1538	0.243312	0.242510	0.5499
1539	0.243303	0.242500	0.5499
1540	0.243294	0.242491	0.5499
1541	0.243285	0.242482	0.5499
1542	0.243277	0.242473	0.5499
1543	0.243268	0.242464	0.5499
1544	0.243259	0.242454	0.5499
1545	0.243250	0.242445	0.5499
1546	0.243241	0.242436	0.5499
1547	0.243232	0.242427	0.5499
1548	0.243223	0.242417	0.5499
1549	0.243214	0.242408	0.5499
1550	0.243206	0.242399	0.5499
1551	0.243197	0.242389	0.5499
1552	0.243188	0.242380	0.5499
1553	0.243179	0.242371	0.5499
1554	0.243170	0.242361	0.5499
1555	0.243161	0.242352	0.5499
1556	0.243152	0.242343	0.5502
1557	0.243143	0.242333	0.5504
1558	0.243134	0.242324	0.5504
1559	0.243125	0.242314	0.5504
1560	0.243116	0.242305	0.5504
1561	0.243107	0.242296	0.5504
1562	0.243098	0.242286	0.5504
1563	0.243088	0.242277	0.5504
1564	0.243079	0.242267	0.5504
1565	0.243070	0.242258	0.5504
1566	0.243061	0.242248	0.5504
1567	0.243052	0.242238	0.5504
1568	0.243043	0.242229	0.5504
1569	0.243034	0.242219	0.5504
1570	0.243024	0.242210	0.5504
1571	0.243015	0.242200	0.5504
1572	0.243006	0.242191	0.5504
1573	0.242997	0.242181	0.5504
1574	0.242988	0.242171	0.5504
1575	0.242978	0.242162	0.5504
1576	0.242969	0.242152	0.5504
1577	0.242960	0.242142	0.5504
1578	0.242951	0.242133	0.5506
1579	0.242941	0.242123	0.5506
1580	0.242932	0.242113	0.5506
1581	0.242923	0.242104	0.5506
1582	0.242913	0.242094	0.5506
1583	0.242904	0.242084	0.5506
1584	0.242895	0.242074	0.5506
1585	0.242885	0.242065	0.5506
1586	0.242876	0.242055	0.5506
1587	0.242866	0.242045	0.5506
1588	0.242857	0.242035	0.5506
1589	0.242848	0.242025	0.5506
1590	0.242838	0.242015	0.5506
1591	0.242829	0.242006	0.5506
1592	0.242819	0.241996	0.5506
1593	0.242810	0.241986	0.5506
1594	0.242800	0.241976	0.5506
1595	0.242791	0.241966	0.5506
1596	0.242781	0.241956	0.5506
1597	0.242772	0.241946	0.5506
1598	0.242762	0.241936	0.5506
1599	0.242753	0.241926	0.5506
1600	0.242743	0.241916	0.5506
1601	0.242733	0.241906	0.5506
1602	0.242724	0.241896	0.5506
1603	0.242714	0.241886	0.5506
1604	0.242705	0.241876	0.5506
1605	0.242695	0.241866	0.5506
1606	0.242685	0.241856	0.5506
1607	0.242676	0.241846	0.5506
1608	0.242666	0.241836	0.5506
1609	0.242656	0.241826	0.5506
1610	0.242647	0.241816	0.5506
1611	0.242637	0.241805	0.5506
1612	0.242627	0.241795	0.5506
1613	0.242617	0.241785	0.5504
1614	0.242608	0.241775	0.5504
1615	0.242598	0.241765	0.5504
1616	0.242588	0.241755	0.5504
1617	0.242578	0.241744	0.5504
1618	0.242568	0.241734	0.5504
1619	0.242559	0.241724	0.5504
1620	0.242549	0.241714	0.5504
1621	0.242539	0.241703	0.5504
1622	0.242529	0.241693	0.5504
1623	0.242519	0.241683	0.5504
1624	0.242509	0.241672	0.5504
1625	0.242499	0.241662	0.5504
1626	0.242490	0.241652	0.5504
1627	0.242480	0.241641	0.5504
1628	0.242470	0.241631	0.5504
1629	0.242460	0.241621	0.5504
1630	0.242450	0.241610	0.5504
1631	0.242440	0.241600	0.5504
1632	0.242430	0.241589	0.5504
1633	0.242420	0.241579	0.5504
1634	0.242410	0.241569	0.5504
1635	0.242400	0.241558	0.5504
1636	0.242390	0.241548	0.5504
1637	0.242380	0.241537	0.5504
1638	0.242369	0.241527	0.5504
1639	0.242359	0.241516	0.5504
1640	0.242349	0.241506	0.5504
1641	0.242339	0.241495	0.5504
1642	0.242329	0.241484	0.5504
1643	0.242319	0.241474	0.5504
1644	0.242309	0.241463	0.5502
1645	0.242299	0.241453	0.5504
1646	0.242288	0.241442	0.5504
1647	0.242278	0.241431	0.5504
1648	0.242268	0.241421	0.5504
1649	0.242258	0.241410	0.5504
1650	0.242248	0.241399	0.5504
1651	0.242237	0.241389	0.5504
1652	0.242227	0.241378	0.5504
1653	0.242217	0.241367	0.5504
1654	0.242206	0.241357	0.5504
1655	0.242196	0.241346	0.5504
1656	0.242186	0.241335	0.5504
1657	0.242175	0.241324	0.5504
1658	0.242165	0.241314	0.5506
1659	0.242155	0.241303	0.5506
1660	0.242144	0.241292	0.5506
1661	0.242134	0.241281	0.5506
1662	0.242124	0.241270	0.5506
1663	0.242113	0.241259	0.5506
1664	0.242103	0.241249	0.5506
1665	0.242092	0.241238	0.5509
1666	0.242082	0.241227	0.5509
1667	0.242071	0.241216	0.5509
1668	0.242061	0.241205	0.5509
1669	0.242050	0.241194	0.5509
1670	0.242040	0.241183	0.5509
1671	0.242029	0.241172	0.5509
1672	0.242019	0.241161	0.5509
1673	0.242008	0.241150	0.5509
1674	0.241998	0.241139	0.5509
1675	0.241987	0.241128	0.5509
1676	0.241977	0.241117	0.5509
1677	0.241966	0.241106	0.5509
1678	0.241955	0.241095	0.5509
1679	0.241945	0.241084	0.5509
1680	0.241934	0.241073	0.5509
1681	0.241923	0.241062	0.5509
1682	0.241913	0.241051	0.5511
1683	0.241902	0.241039	0.5514
1684	0.241891	0.241028	0.5514
1685	0.241881	0.241017	0.5514
1686	0.241870	0.241006	0.5516
1687	0.241859	0.240995	0.5516
1688	0.241848	0.240983	0.5516
1689	0.241838	0.240972	0.5516
1690	0.241827	0.240961	0.5516
1691	0.241816	0.240950	0.5518
1692	0.241805	0.240939	0.5518
1693	0.241794	0.240927	0.5518
1694	0.241784	0.240916	0.5518
1695	0.241773	0.240905	0.5518
1696	0.241762	0.240893	0.5518
1697	0.241751	0.240882	0.5518
1698	0.241740	0.240871	0.5518
1699	0.241729	0.240859	0.5521
1700	0.241718	0.240848	0.5521
1701	0.241707	0.240837	0.5521
1702	0.241696	0.240825	0.5521
1703	0.241685	0.240814	0.5523
1704	0.241675	0.240802	0.5528
1705	0.241664	0.240791	0.5528
1706	0.241653	0.240779	0.5528
1707	0.241642	0.240768	0.5530
1708	0.241630	0.240756	0.5530
1709	0.241619	0.240745	0.5528
1710	0.241608	0.240733	0.5528
1711	0.241597	0.240722	0.5530
1712	0.241586	0.240710	0.5532
1713	0.241575	0.240699	0.5532
1714	0.241564	0.240687	0.5532
1715	0.241553	0.240676	0.5532
1716	0.241542	0.240664	0.5532
1717	0.241531	0.240652	0.5532
1718	0.241519	0.240641	0.5532
1719	0.241508	0.240629	0.5535
1720	0.241497	0.240617	0.5535
1721	0.241486	0.240606	0.5535
1722	0.241475	0.240594	0.5535
1723	0.241463	0.240582	0.5535
1724	0.241452	0.240571	0.5535
1725	0.241441	0.240559	0.5535
1726	0.241430	0.240547	0.5535
1727	0.241418	0.240535	0.5537
1728	0.241407	0.240524	0.5537
1729	0.241396	0.240512	0.5537
1730	0.241384	0.240500	0.5537
1731	0.241373	0.240488	0.5537
1732	0.241362	0.240476	0.5537
1733	0.241350	0.240465	0.5537
1734	0.241339	0.240453	0.5539
1735	0.241328	0.240441	0.5539
1736	0.241316	0.240429	0.5539
1737	0.241305	0.240417	0.5539
1738	0.241293	0.240405	0.5539
1739	0.241282	0.240393	0.5544
1740	0.241270	0.240381	0.5546
1741	0.241259	0.240369	0.5549
1742	0.241247	0.240357	0.5551
1743	0.241236	0.240345	0.5553
1744	0.241224	0.240333	0.5553
1745	0.241213	0.240321	0.5556
1746	0.241201	0.240309	0.5556
1747	0.241190	0.240297	0.5556
1748	0.241178	0.240285	0.5556
1749	0.241167	0.240273	0.5556
1750	0.241155	0.240261	0.5556
1751	0.241143	0.240249	0.5561
1752	0.241132	0.240237	0.5561
1753	0.241120	0.240225	0.5561
1754	0.241109	0.240213	0.5561
1755	0.241097	0.240201	0.5563
1756	0.241085	0.240188	0.5563
1757	0.241073	0.240176	0.5565
1758	0.241062	0.240164	0.5572
1759	0.241050	0.240152	0.5572
1760	0.241038	0.240140	0.5572
1761	0.241027	0.240127	0.5575
1762	0.241015	0.240115	0.5579
1763	0.241003	0.240103	0.5582
1764	0.240991	0.240091	0.5586
1765	0.240979	0.240078	0.5586
1766	0.240968	0.240066	0.5591
1767	0.240956	0.240054	0.5591
1768	0.240944	0.240041	0.5591
1769	0.240932	0.240029	0.5586
1770	0.240920	0.240017	0.5586
1771	0.240908	0.240004	0.5586
1772	0.240896	0.239992	0.5586
1773	0.240885	0.239979	0.5589
1774	0.240873	0.239967	0.5586
1775	0.240861	0.239955	0.5586
1776	0.240849	0.239942	0.5586
1777	0.240837	0.239930	0.5584
1778	0.240825	0.239917	0.5584
1779	0.240813	0.239905	0.5589
1780	0.240801	0.239892	0.5589
1781	0.240789	0.239880	0.5589
1782	0.240777	0.239867	0.5591
1783	0.240765	0.239855	0.5596
1784	0.240753	0.239842	0.5596
1785	0.240741	0.239829	0.5603
1786	0.240728	0.239817	0.5603
1787	0.240716	0.239804	0.5603
1788	0.240704	0.239792	0.5603
1789	0.240692	0.239779	0.5603
1790	0.240680	0.239766	0.5603
1791	0.240668	0.239754	0.5603
1792	0.240656	0.239741	0.5603
1793	0.240643	0.239728	0.5600
1794	0.240631	0.239716	0.5605
1795	0.240619	0.239703	0.5605
1796	0.240607	0.239690	0.5605
1797	0.240595	0.239677	0.5605
1798	0.240582	0.239665	0.5610
1799	0.240570	0.239652	0.5612
1800	0.240558	0.239639	0.5615
1801	0.240545	0.239626	0.5615
1802	0.240533	0.239614	0.5617
1803	0.240521	0.239601	0.5619
1804	0.240509	0.239588	0.5619
1805	0.240496	0.239575	0.5624
1806	0.240484	0.239562	0.5624
1807	0.240471	0.239549	0.5624
1808	0.240459	0.239536	0.5626
1809	0.240447	0.239523	0.5626
1810	0.240434	0.239511	0.5626
1811	0.240422	0.239498	0.5629
1812	0.240409	0.239485	0.5638
1813	0.240397	0.239472	0.5638
1814	0.240384	0.239459	0.5645
1815	0.240372	0.239446	0.5650
1816	0.240359	0.239433	0.5650
1817	0.240347	0.239420	0.5650
1818	0.240334	0.239407	0.5652
1819	0.240322	0.239394	0.5655
1820	0.240309	0.239380	0.5655
1821	0.240297	0.239367	0.5652
1822	0.240284	0.239354	0.5652
1823	0.240272	0.239341	0.5652
1824	0.240259	0.239328	0.5652
1825	0.240246	0.239315	0.5652
1826	0.240234	0.239302	0.5652
1827	0.240221	0.239289	0.5652
1828	0.240209	0.239275	0.5652
1829	0.240196	0.239262	0.5652
1830	0.240183	0.239249	0.5652
1831	0.240170	0.239236	0.5652
1832	0.240158	0.239223	0.5662
1833	0.240145	0.239209	0.5662
1834	0.240132	0.239196	0.5664
1835	0.240120	0.239183	0.5664
1836	0.240107	0.239170	0.5664
1837	0.240094	0.239156	0.5662
1838	0.240081	0.239143	0.5659
1839	0.240068	0.239130	0.5659
1840	0.240056	0.239116	0.5659
1841	0.240043	0.239103	0.5659
1842	0.240030	0.239090	0.5664
1843	0.240017	0.239076	0.5664
1844	0.240004	0.239063	0.5664
1845	0.239991	0.239049	0.5671
1846	0.239978	0.239036	0.5671
1847	0.239966	0.239023	0.5671
1848	0.239953	0.239009	0.5669
1849	0.239940	0.238996	0.5669
1850	0.239927	0.238982	0.5669
1851	0.239914	0.238969	0.5671
1852	0.239901	0.238955	0.5671
1853	0.239888	0.238942	0.5671
1854	0.239875	0.238928	0.5680
1855	0.239862	0.238915	0.5680
1856	0.239849	0.238901	0.5687
1857	0.239836	0.238887	0.5687
1858	0.239823	0.238874	0.5687
1859	0.239810	0.238860	0.5694
1860	0.239797	0.238847	0.5694
1861	0.239783	0.238833	0.5697
1862	0.239770	0.238819	0.5709
1863	0.239757	0.238806	0.5709
1864	0.239744	0.238792	0.5709
1865	0.239731	0.238778	0.5709
1866	0.239718	0.238765	0.5709
1867	0.239705	0.238751	0.5711
1868	0.239691	0.238737	0.5716
1869	0.239678	0.238724	0.5716
1870	0.239665	0.238710	0.5713
1871	0.239652	0.238696	0.5716
1872	0.239639	0.238682	0.5716
1873	0.239625	0.238668	0.5716
1874	0.239612	0.238655	0.5716
1875	0.239599	0.238641	0.5718
1876	0.239586	0.238627	0.5716
1877	0.239572	0.238613	0.5734
1878	0.239559	0.238599	0.5737
1879	0.239546	0.238585	0.5737
1880	0.239532	0.238572	0.5737
1881	0.239519	0.238558	0.5751
1882	0.239506	0.238544	0.5749
1883	0.239492	0.238530	0.5751
1884	0.239479	0.238516	0.5758
1885	0.239465	0.238502	0.5758
1886	0.239452	0.238488	0.5758
1887	0.239438	0.238474	0.5770
1888	0.239425	0.238460	0.5770
1889	0.239412	0.238446	0.5770
1890	0.239398	0.238432	0.5774
1891	0.239385	0.238418	0.5777
1892	0.239371	0.238404	0.5777
1893	0.239358	0.238390	0.5788
1894	0.239344	0.238376	0.5788
1895	0.239331	0.238362	0.5791
1896	0.239317	0.238348	0.5796
1897	0.239303	0.238333	0.5800
1898	0.239290	0.238319	0.5800
1899	0.239276	0.238305	0.5800
1900	0.239263	0.238291	0.5798
1901	0.239249	0.238277	0.5798
1902	0.239235	0.238263	0.5798
1903	0.239222	0.238249	0.5803
1904	0.239208	0.238234	0.5805
1905	0.239195	0.238220	0.5805
1906	0.239181	0.238206	0.5807
1907	0.239167	0.238192	0.5807
1908	0.239153	0.238177	0.5805
1909	0.239140	0.238163	0.5807
1910	0.239126	0.238149	0.5807
1911	0.239112	0.238135	0.5828
1912	0.239099	0.238120	0.5828
1913	0.239085	0.238106	0.5833
1914	0.239071	0.238092	0.5833
1915	0.239057	0.238077	0.5833
1916	0.239043	0.238063	0.5833
1917	0.239030	0.238048	0.5833
1918	0.239016	0.238034	0.5838
1919	0.239002	0.238020	0.5845
1920	0.238988	0.238005	0.5845
1921	0.238974	0.237991	0.5845
1922	0.238960	0.237976	0.5847
1923	0.238946	0.237962	0.5850
1924	0.238933	0.237947	0.5850
1925	0.238919	0.237933	0.5852
1926	0.238905	0.237919	0.5880
1927	0.238891	0.237904	0.5880
1928	0.238877	0.237889	0.5880
1929	0.238863	0.237875	0.5885
1930	0.238849	0.237860	0.5887
1931	0.238835	0.237846	0.5887
1932	0.238821	0.237831	0.5892
1933	0.238807	0.237817	0.5894
1934	0.238793	0.237802	0.5897
1935	0.238779	0.237788	0.5897
1936	0.238765	0.237773	0.5901
1937	0.238751	0.237758	0.5901
1938	0.238737	0.237744	0.5901
1939	0.238723	0.237729	0.5908
1940	0.238708	0.237714	0.5904
1941	0.238694	0.237700	0.5906
1942	0.238680	0.237685	0.5906
1943	0.238666	0.237670	0.5915
1944	0.238652	0.237655	0.5915
1945	0.238638	0.237641	0.5915
1946	0.238624	0.237626	0.5915
1947	0.238609	0.237611	0.5941
1948	0.238595	0.237596	0.5941
1949	0.238581	0.237582	0.5941
1950	0.238567	0.237567	0.5955
1951	0.238553	0.237552	0.5955
1952	0.238538	0.237537	0.5955
1953	0.238524	0.237522	0.5958
1954	0.238510	0.237508	0.5962
1955	0.238496	0.237493	0.5965
1956	0.238481	0.237478	0.5965
1957	0.238467	0.237463	0.5967
1958	0.238453	0.237448	0.5965
1959	0.238438	0.237433	0.5965
1960	0.238424	0.237418	0.5969
1961	0.238410	0.237403	0.5972
1962	0.238395	0.237388	0.5979
1963	0.238381	0.237373	0.5979
1964	0.238366	0.237358	0.5981
1965	0.238352	0.237343	0.5979
1966	0.238338	0.237328	0.5979
1967	0.238323	0.237313	0.5979
1968	0.238309	0.237298	0.5981
1969	0.238294	0.237283	0.5981
1970	0.238280	0.237268	0.5981
1971	0.238265	0.237253	0.5981
1972	0.238251	0.237238	0.5981
1973	0.238236	0.237223	0.5988
1974	0.238222	0.237208	0.5988
1975	0.238207	0.237193	0.5991
1976	0.238193	0.237178	0.5991
1977	0.238178	0.237163	0.6000
1978	0.238164	0.237148	0.6000
1979	0.238149	0.237132	0.6000
1980	0.238135	0.237117	0.5998
1981	0.238120	0.237102	0.6000
1982	0.238105	0.237087	0.6002
1983	0.238091	0.237072	0.6005
1984	0.238076	0.237056	0.6026
1985	0.238062	0.237041	0.6028
1986	0.238047	0.237026	0.6028
1987	0.238032	0.237011	0.6028
1988	0.238018	0.236995	0.6031
1989	0.238003	0.236980	0.6035
1990	0.237988	0.236965	0.6035
1991	0.237974	0.236950	0.6035
1992	0.237959	0.236934	0.6038
1993	0.237944	0.236919	0.6038
1994	0.237929	0.236904	0.6038
1995	0.237915	0.236888	0.6038
1996	0.237900	0.236873	0.6054
1997	0.237885	0.236858	0.6056
1998	0.237870	0.236842	0.6059
1999	0.237856	0.236827	0.6059
2000	0.237841	0.236811	0.6061
2001	0.237826	0.236796	0.6061
2002	0.237811	0.236780	0.6063
2003	0.237796	0.236765	0.6068
2004	0.237781	0.236750	0.6080
2005	0.237767	0.236734	0.6080
2006	0.237752	0.236719	0.6080
2007	0.237737	0.236703	0.6099
2008	0.237722	0.236688	0.6103
2009	0.237707	0.236672	0.6103
2010	0.237692	0.236657	0.6103
2011	0.237677	0.236641	0.6106
2012	0.237662	0.236626	0.6113
2013	0.237647	0.236610	0.6113
2014	0.237632	0.236594	0.6113
2015	0.237617	0.236579	0.6129
2016	0.237602	0.236563	0.6136
2017	0.237587	0.236548	0.6136
2018	0.237572	0.236532	0.6148
2019	0.237557	0.236516	0.6150
2020	0.237542	0.236501	0.6160
2021	0.237527	0.236485	0.6162
2022	0.237512	0.236469	0.6172
2023	0.237497	0.236454	0.6172
2024	0.237482	0.236438	0.6357
2025	0.237467	0.236422	0.6357
2026	0.237452	0.236407	0.6367
2027	0.237437	0.236391	0.6367
2028	0.237422	0.236375	0.6369
2029	0.237406	0.236360	0.6369
2030	0.237391	0.236344	0.6376
2031	0.237376	0.236328	0.6374
2032	0.237361	0.236312	0.6376
2033	0.237346	0.236296	0.6501
2034	0.237331	0.236281	0.6501
2035	0.237316	0.236265	0.6501
2036	0.237300	0.236249	0.6503
2037	0.237285	0.236233	0.6501
2038	0.237270	0.236217	0.6503
2039	0.237255	0.236201	0.6503
2040	0.237239	0.236186	0.6515
2041	0.237224	0.236170	0.6519
2042	0.237209	0.236154	0.6515
2043	0.237194	0.236138	0.6515
2044	0.237178	0.236122	0.6519
2045	0.237163	0.236106	0.6531
2046	0.237148	0.236090	0.6531
2047	0.237132	0.236074	0.6529
2048	0.237117	0.236058	0.6531
2049	0.237102	0.236042	0.6529
2050	0.237086	0.236026	0.6529
2051	0.237071	0.236010	0.6529
2052	0.237056	0.235994	0.6543
2053	0.237040	0.235978	0.6543
2054	0.237025	0.235962	0.6543
2055	0.237009	0.235946	0.6543
2056	0.236994	0.235930	0.6552
2057	0.236979	0.235914	0.6552
2058	0.236963	0.235898	0.6552
2059	0.236948	0.235882	0.6552
2060	0.236932	0.235866	0.6566
2061	0.236917	0.235850	0.6576
2062	0.236901	0.235834	0.6576
2063	0.236886	0.235818	0.6576
2064	0.236870	0.235802	0.6580
2065	0.236855	0.235786	0.6585
2066	0.236839	0.235769	0.6585
2067	0.236824	0.235753	0.6588
2068	0.236808	0.235737	0.6590
2069	0.236793	0.235721	0.6592
2070	0.236777	0.235705	0.6592
2071	0.236762	0.235689	0.6595
2072	0.236746	0.235672	0.6632
2073	0.236731	0.235656	0.6632
2074	0.236715	0.235640	0.6632
2075	0.236699	0.235624	0.6632
2076	0.236684	0.235607	0.6637
2077	0.236668	0.235591	0.6653
2078	0.236653	0.235575	0.6656
2079	0.236637	0.235559	0.6656
2080	0.236621	0.235542	0.6663
2081	0.236606	0.235526	0.6663
2082	0.236590	0.235510	0.6660
2083	0.236574	0.235494	0.6660
2084	0.236559	0.235477	0.6670
2085	0.236543	0.235461	0.6672
2086	0.236527	0.235445	0.6689
2087	0.236511	0.235428	0.6691
2088	0.236496	0.235412	0.6705
2089	0.236480	0.235395	0.6705
2090	0.236464	0.235379	0.6712
2091	0.236448	0.235363	0.6712
2092	0.236433	0.235346	0.6738
2093	0.236417	0.235330	0.6738
2094	0.236401	0.235313	0.6738
2095	0.236385	0.235297	0.6747
2096	0.236370	0.235281	0.6769
2097	0.236354	0.235264	0.6773
2098	0.236338	0.235248	0.6773
2099	0.236322	0.235231	0.6769
2100	0.236306	0.235215	0.6790
2101	0.236290	0.235198	0.6790
2102	0.236275	0.235182	0.6790
2103	0.236259	0.235165	0.6801
2104	0.236243	0.235149	0.6818
2105	0.236227	0.235132	0.6818
2106	0.236211	0.235116	0.6818
2107	0.236195	0.235099	0.6818
2108	0.236179	0.235083	0.6870
2109	0.236163	0.235066	0.6870
2110	0.236147	0.235049	0.6870
2111	0.236131	0.235033	0.6870
2112	0.236116	0.235016	0.6907
2113	0.236100	0.235000	0.6907
2114	0.236084	0.234983	0.6910
2115	0.236068	0.234966	0.6910
2116	0.236052	0.234950	0.6912
2117	0.236036	0.234933	0.6910
2118	0.236020	0.234916	0.6910
2119	0.236004	0.234900	0.6910
2120	0.235988	0.234883	0.6910
2121	0.235972	0.234866	0.6914
2122	0.235956	0.234850	0.6917
2123	0.235940	0.234833	0.6917
2124	0.235924	0.234816	0.6917
2125	0.235907	0.234800	0.6917
2126	0.235891	0.234783	0.6917
2127	0.235875	0.234766	0.6917
2128	0.235859	0.234749	0.6917
2129	0.235843	0.234733	0.6917
2130	0.235827	0.234716	0.6917
2131	0.235811	0.234699	0.6917
2132	0.235795	0.234682	0.6919
2133	0.235779	0.234666	0.6921
2134	0.235763	0.234649	0.6921
2135	0.235746	0.234632	0.6924
2136	0.235730	0.234615	0.6924
2137	0.235714	0.234598	0.6924
2138	0.235698	0.234582	0.6924
2139	0.235682	0.234565	0.6924
2140	0.235666	0.234548	0.6924
2141	0.235649	0.234531	0.6924
2142	0.235633	0.234514	0.6924
2143	0.235617	0.234497	0.6924
2144	0.235601	0.234480	0.6924
2145	0.235585	0.234464	0.6924
2146	0.235568	0.234447	0.6924
2147	0.235552	0.234430	0.6924
2148	0.235536	0.234413	0.6924
2149	0.235520	0.234396	0.6924
2150	0.235503	0.234379	0.6924
2151	0.235487	0.234362	0.6928
2152	0.235471	0.234345	0.6928
2153	0.235454	0.234328	0.6926
2154	0.235438	0.234311	0.6926
2155	0.235422	0.234294	0.6926
2156	0.235406	0.234277	0.6926
2157	0.235389	0.234260	0.6926
2158	0.235373	0.234243	0.6926
2159	0.235357	0.234226	0.6926
2160	0.235340	0.234209	0.6926
2161	0.235324	0.234192	0.6928
2162	0.235308	0.234175	0.6928
2163	0.235291	0.234158	0.6928
2164	0.235275	0.234141	0.6928
2165	0.235258	0.234124	0.6928
2166	0.235242	0.234107	0.6928
2167	0.235226	0.234090	0.6928
2168	0.235209	0.234073	0.6928
2169	0.235193	0.234056	0.6928
2170	0.235176	0.234039	0.6928
2171	0.235160	0.234022	0.6928
2172	0.235144	0.234005	0.6928
2173	0.235127	0.233988	0.6931
2174	0.235111	0.233970	0.6931
2175	0.235094	0.233953	0.6931
2176	0.235078	0.233936	0.6931
2177	0.235061	0.233919	0.6931
2178	0.235045	0.233902	0.6931
2179	0.235028	0.233885	0.6933
2180	0.235012	0.233868	0.6933
2181	0.234995	0.233850	0.6933
2182	0.234979	0.233833	0.6933
2183	0.234962	0.233816	0.6933
2184	0.234946	0.233799	0.6933
2185	0.234929	0.233782	0.6933
2186	0.234913	0.233764	0.6933
2187	0.234896	0.233747	0.6933
2188	0.234880	0.233730	0.6933
2189	0.234863	0.233713	0.6933
2190	0.234847	0.233696	0.6933
2191	0.234830	0.233678	0.6933
2192	0.234814	0.233661	0.6933
2193	0.234797	0.233644	0.6933
2194	0.234780	0.233627	0.6935
2195	0.234764	0.233609	0.6935
2196	0.234747	0.233592	0.6935
2197	0.234731	0.233575	0.6935
2198	0.234714	0.233557	0.6935
2199	0.234697	0.233540	0.6935
2200	0.234681	0.233523	0.6935
2201	0.234664	0.233505	0.6935
2202	0.234647	0.233488	0.6935
2203	0.234631	0.233471	0.6935
2204	0.234614	0.233454	0.6935
2205	0.234598	0.233436	0.6935
2206	0.234581	0.233419	0.6935
2207	0.234564	0.233401	0.6935
2208	0.234548	0.233384	0.6935
2209	0.234531	0.233367	0.6935
2210	0.234514	0.233349	0.6935
2211	0.234498	0.233332	0.6935
2212	0.234481	0.233315	0.6935
2213	0.234464	0.233297	0.6935
2214	0.234447	0.233280	0.6935
2215	0.234431	0.233262	0.6935
2216	0.234414	0.233245	0.6935
2217	0.234397	0.233228	0.6935
2218	0.234381	0.233210	0.6935
2219	0.234364	0.233193	0.6935
2220	0.234347	0.233175	0.6935
2221	0.234330	0.233158	0.6935
2222	0.234314	0.233140	0.6935
2223	0.234297	0.233123	0.6935
2224	0.234280	0.233106	0.6935
2225	0.234263	0.233088	0.6935
2226	0.234246	0.233071	0.6935
2227	0.234230	0.233053	0.6935
2228	0.234213	0.233036	0.6935
2229	0.234196	0.233018	0.6935
2230	0.234179	0.233001	0.6935
2231	0.234162	0.232983	0.6935
2232	0.234146	0.232966	0.6935
2233	0.234129	0.232948	0.6935
2234	0.234112	0.232931	0.6935
2235	0.234095	0.232913	0.6935
2236	0.234078	0.232896	0.6935
2237	0.234062	0.232878	0.6935
2238	0.234045	0.232861	0.6935
2239	0.234028	0.232843	0.6935
2240	0.234011	0.232825	0.6935
2241	0.233994	0.232808	0.6935
2242	0.233977	0.232790	0.6935
2243	0.233960	0.232773	0.6935
2244	0.233944	0.232755	0.6935
2245	0.233927	0.232738	0.6938
2246	0.233910	0.232720	0.6938
2247	0.233893	0.232702	0.6938
2248	0.233876	0.232685	0.6938
2249	0.233859	0.232667	0.6938
2250	0.233842	0.232650	0.6938
2251	0.233825	0.232632	0.6938
2252	0.233808	0.232614	0.6938
2253	0.233791	0.232597	0.6938
2254	0.233774	0.232579	0.6938
2255	0.233758	0.232562	0.6938
2256	0.233741	0.232544	0.6938
2257	0.233724	0.232526	0.6938
2258	0.233707	0.232509	0.6938
2259	0.233690	0.232491	0.6938
2260	0.233673	0.232473	0.6938
2261	0.233656	0.232456	0.6938
2262	0.233639	0.232438	0.6938
2263	0.233622	0.232420	0.6938
2264	0.233605	0.232403	0.6938
2265	0.233588	0.232385	0.6938
2266	0.233571	0.232367	0.6938
2267	0.233554	0.232350	0.6938
2268	0.233537	0.232332	0.6938
2269	0.233520	0.232314	0.6938
2270	0.233503	0.232297	0.6938
2271	0.233486	0.232279	0.6938
2272	0.233469	0.232261	0.6938
2273	0.233452	0.232243	0.6938
2274	0.233435	0.232226	0.6938
2275	0.233418	0.232208	0.6938
2276	0.233401	0.232190	0.6938
2277	0.233384	0.232172	0.6938
2278	0.233367	0.232155	0.6938
2279	0.233350	0.232137	0.6938
2280	0.233333	0.232119	0.6938
2281	0.233316	0.232102	0.6938
2282	0.233299	0.232084	0.6938
2283	0.233282	0.232066	0.6938
2284	0.233265	0.232048	0.6938
2285	0.233248	0.232030	0.6938
2286	0.233231	0.232013	0.6938
2287	0.233214	0.231995	0.6938
2288	0.233196	0.231977	0.6938
2289	0.233179	0.231959	0.6938
2290	0.233162	0.231942	0.6938
2291	0.233145	0.231924	0.6938
2292	0.233128	0.231906	0.6938
2293	0.233111	0.231888	0.6940
2294	0.233094	0.231870	0.6940
2295	0.233077	0.231853	0.6940
2296	0.233060	0.231835	0.6940
2297	0.233043	0.231817	0.6940
2298	0.233026	0.231799	0.6940
2299	0.233008	0.231781	0.6940
2300	0.232991	0.231763	0.6940
2301	0.232974	0.231746	0.6940
2302	0.232957	0.231728	0.6940
2303	0.232940	0.231710	0.6940
2304	0.232923	0.231692	0.6940
2305	0.232906	0.231674	0.6940
2306	0.232889	0.231656	0.6940
2307	0.232872	0.231639	0.6940
2308	0.232854	0.231621	0.6940
2309	0.232837	0.231603	0.6940
2310	0.232820	0.231585	0.6940
2311	0.232803	0.231567	0.6942
2312	0.232786	0.231549	0.6942
2313	0.232769	0.231531	0.6942
2314	0.232752	0.231514	0.6942
2315	0.232734	0.231496	0.6942
2316	0.232717	0.231478	0.6942
2317	0.232700	0.231460	0.6942
2318	0.232683	0.231442	0.6942
2319	0.232666	0.231424	0.6942
2320	0.232649	0.231406	0.6942
2321	0.232631	0.231388	0.6942
2322	0.232614	0.231371	0.6942
2323	0.232597	0.231353	0.6942
2324	0.232580	0.231335	0.6942
2325	0.232563	0.231317	0.6942
2326	0.232546	0.231299	0.6942
2327	0.232528	0.231281	0.6942
2328	0.232511	0.231263	0.6942
2329	0.232494	0.231245	0.6942
2330	0.232477	0.231227	0.6942
2331	0.232460	0.231209	0.6942
2332	0.232442	0.231191	0.6942
2333	0.232425	0.231174	0.6942
2334	0.232408	0.231156	0.6942
2335	0.232391	0.231138	0.6942
2336	0.232374	0.231120	0.6942
2337	0.232356	0.231102	0.6942
2338	0.232339	0.231084	0.6942
2339	0.232322	0.231066	0.6942
2340	0.232305	0.231048	0.6942
2341	0.232288	0.231030	0.6942
2342	0.232270	0.231012	0.6942
2343	0.232253	0.230994	0.6942
2344	0.232236	0.230976	0.6942
2345	0.232219	0.230958	0.6942
2346	0.232201	0.230940	0.6942
2347	0.232184	0.230922	0.6942
2348	0.232167	0.230904	0.6942
2349	0.232150	0.230886	0.6942
2350	0.232133	0.230869	0.6942
2351	0.232115	0.230851	0.6942
2352	0.232098	0.230833	0.6942
2353	0.232081	0.230815	0.6942
2354	0.232064	0.230797	0.6942
2355	0.232046	0.230779	0.6942
2356	0.232029	0.230761	0.6942
2357	0.232012	0.230743	0.6942
2358	0.231995	0.230725	0.6942
2359	0.231977	0.230707	0.6942
2360	0.231960	0.230689	0.6942
2361	0.231943	0.230671	0.6942
2362	0.231926	0.230653	0.6942
2363	0.231908	0.230635	0.6942
2364	0.231891	0.230617	0.6942
2365	0.231874	0.230599	0.6942
2366	0.231857	0.230581	0.6942
2367	0.231839	0.230563	0.6942
2368	0.231822	0.230545	0.6942
2369	0.231805	0.230527	0.6942
2370	0.231788	0.230509	0.6942
2371	0.231770	0.230491	0.6942
2372	0.231753	0.230473	0.6942
2373	0.231736	0.230455	0.6942
2374	0.231719	0.230437	0.6942
2375	0.231701	0.230419	0.6942
2376	0.231684	0.230401	0.6942
2377	0.231667	0.230383	0.6942
2378	0.231650	0.230365	0.6942
2379	0.231632	0.230347	0.6942
2380	0.231615	0.230329	0.6942
2381	0.231598	0.230311	0.6942
2382	0.231581	0.230293	0.6942
2383	0.231563	0.230275	0.6942
2384	0.231546	0.230257	0.6942
2385	0.231529	0.230239	0.6942
2386	0.231512	0.230221	0.6942
2387	0.231494	0.230203	0.6942
2388	0.231477	0.230185	0.6942
2389	0.231460	0.230167	0.6942
2390	0.231442	0.230149	0.6942
2391	0.231425	0.230131	0.6942
2392	0.231408	0.230113	0.6942
2393	0.231391	0.230095	0.6942
2394	0.231373	0.230077	0.6942
2395	0.231356	0.230059	0.6942
2396	0.231339	0.230041	0.6942
2397	0.231322	0.230023	0.6942
2398	0.231304	0.230005	0.6942
2399	0.231287	0.229987	0.6942
2400	0.231270	0.229969	0.6942
2401	0.231253	0.229951	0.6942
2402	0.231235	0.229933	0.6942
2403	0.231218	0.229915	0.6942
2404	0.231201	0.229897	0.6942
2405	0.231183	0.229879	0.6942
2406	0.231166	0.229861	0.6942
2407	0.231149	0.229843	0.6942
2408	0.231132	0.229825	0.6942
2409	0.231114	0.229807	0.6942
2410	0.231097	0.229789	0.6942
2411	0.231080	0.229771	0.6942
2412	0.231063	0.229753	0.6942
2413	0.231045	0.229735	0.6942
2414	0.231028	0.229717	0.6942
2415	0.231011	0.229699	0.6942
2416	0.230994	0.229681	0.6942
2417	0.230976	0.229663	0.6942
2418	0.230959	0.229645	0.6942
2419	0.230942	0.229627	0.6942
2420	0.230925	0.229609	0.6942
2421	0.230907	0.229591	0.6942
2422	0.230890	0.229573	0.6942
2423	0.230873	0.229555	0.6942
2424	0.230856	0.229537	0.6942
2425	0.230838	0.229519	0.6942
2426	0.230821	0.229501	0.6942
2427	0.230804	0.229483	0.6942
2428	0.230787	0.229465	0.6942
2429	0.230769	0.229447	0.6942
2430	0.230752	0.229429	0.6942
2431	0.230735	0.229411	0.6942
2432	0.230718	0.229393	0.6942
2433	0.230700	0.229375	0.6942
2434	0.230683	0.229357	0.6942
2435	0.230666	0.229339	0.6942
2436	0.230649	0.229321	0.6942
2437	0.230631	0.229303	0.6942
2438	0.230614	0.229285	0.6942
2439	0.230597	0.229267	0.6942
2440	0.230580	0.229249	0.6942
2441	0.230562	0.229231	0.6942
2442	0.230545	0.229213	0.6942
2443	0.230528	0.229195	0.6942
2444	0.230511	0.229177	0.6942
2445	0.230494	0.229159	0.6942
2446	0.230476	0.229141	0.6942
2447	0.230459	0.229123	0.6942
2448	0.230442	0.229105	0.6942
2449	0.230425	0.229087	0.6942
2450	0.230407	0.229069	0.6942
2451	0.230390	0.229051	0.6942
2452	0.230373	0.229033	0.6942
2453	0.230356	0.229015	0.6942
2454	0.230339	0.228997	0.6942
2455	0.230321	0.228980	0.6942
2456	0.230304	0.228962	0.6942
2457	0.230287	0.228944	0.6942
2458	0.230270	0.228926	0.6942
2459	0.230253	0.228908	0.6942
2460	0.230235	0.228890	0.6942
2461	0.230218	0.228872	0.6942
2462	0.230201	0.228854	0.6942
2463	0.230184	0.228836	0.6942
2464	0.230167	0.228818	0.6942
2465	0.230149	0.228800	0.6942
2466	0.230132	0.228782	0.6942
2467	0.230115	0.228764	0.6942
2468	0.230098	0.228746	0.6942
2469	0.230081	0.228728	0.6942
2470	0.230064	0.228710	0.6942
2471	0.230046	0.228692	0.6942
2472	0.230029	0.228675	0.6942
2473	0.230012	0.228657	0.6942
2474	0.229995	0.228639	0.6942
2475	0.229978	0.228621	0.6942
2476	0.229961	0.228603	0.6942
2477	0.229943	0.228585	0.6942
2478	0.229926	0.228567	0.6942
2479	0.229909	0.228549	0.6942
2480	0.229892	0.228531	0.6942
2481	0.229875	0.228513	0.6942
2482	0.229858	0.228495	0.6942
2483	0.229841	0.228478	0.6942
2484	0.229823	0.228460	0.6942
2485	0.229806	0.228442	0.6942
2486	0.229789	0.228424	0.6942
2487	0.229772	0.228406	0.6942
2488	0.229755	0.228388	0.6942
2489	0.229738	0.228370	0.6942
2490	0.229721	0.228352	0.6942
2491	0.229704	0.228334	0.6942
2492	0.229686	0.228317	0.6942
2493	0.229669	0.228299	0.6942
2494	0.229652	0.228281	0.6942
2495	0.229635	0.228263	0.6942
2496	0.229618	0.228245	0.6942
2497	0.229601	0.228227	0.6942
2498	0.229584	0.228209	0.6942
2499	0.229567	0.228192	0.6942
2500	0.229550	0.228174	0.6942
2501	0.229533	0.228156	0.6942
2502	0.229515	0.228138	0.6942
2503	0.229498	0.228120	0.6942
2504	0.229481	0.228102	0.6942
2505	0.229464	0.228085	0.6942
2506	0.229447	0.228067	0.6942
2507	0.229430	0.228049	0.6942
2508	0.229413	0.228031	0.6942
2509	0.229396	0.228013	0.6942
2510	0.229379	0.227996	0.6942
2511	0.229362	0.227978	0.6942
2512	0.229345	0.227960	0.6942
2513	0.229328	0.227942	0.6942
2514	0.229311	0.227924	0.6942
2515	0.229294	0.227907	0.6942
2516	0.229277	0.227889	0.6942
2517	0.229260	0.227871	0.6942
2518	0.229243	0.227853	0.6942
2519	0.229226	0.227835	0.6942
2520	0.229209	0.227818	0.6942
2521	0.229192	0.227800	0.6942
2522	0.229175	0.227782	0.6942
2523	0.229158	0.227764	0.6942
2524	0.229141	0.227747	0.6942
2525	0.229124	0.227729	0.6942
2526	0.229107	0.227711	0.6945
2527	0.229090	0.227693	0.6945
2528	0.229073	0.227676	0.6945
2529	0.229056	0.227658	0.6945
2530	0.229039	0.227640	0.6945
2531	0.229022	0.227623	0.6945
2532	0.229005	0.227605	0.6945
2533	0.228988	0.227587	0.6945
2534	0.228971	0.227569	0.6945
2535	0.228954	0.227552	0.6945
2536	0.228937	0.227534	0.6945
2537	0.228920	0.227516	0.6945
2538	0.228903	0.227499	0.6945
2539	0.228886	0.227481	0.6945
2540	0.228870	0.227463	0.6945
2541	0.228853	0.227446	0.6945
2542	0.228836	0.227428	0.6945
2543	0.228819	0.227410	0.6945
2544	0.228802	0.227393	0.6945
2545	0.228785	0.227375	0.6945
2546	0.228768	0.227357	0.6945
2547	0.228751	0.227340	0.6945
2548	0.228734	0.227322	0.6945
2549	0.228717	0.227304	0.6945
2550	0.228701	0.227287	0.6945
2551	0.228684	0.227269	0.6945
2552	0.228667	0.227251	0.6945
2553	0.228650	0.227234	0.6945
2554	0.228633	0.227216	0.6945
2555	0.228616	0.227199	0.6945
2556	0.228599	0.227181	0.6945
2557	0.228583	0.227163	0.6945
2558	0.228566	0.227146	0.6945
2559	0.228549	0.227128	0.6945
2560	0.228532	0.227111	0.6945
2561	0.228515	0.227093	0.6945
2562	0.228499	0.227075	0.6945
2563	0.228482	0.227058	0.6945
2564	0.228465	0.227040	0.6945
2565	0.228448	0.227023	0.6945
2566	0.228431	0.227005	0.6945
2567	0.228415	0.226988	0.6945
2568	0.228398	0.226970	0.6945
2569	0.228381	0.226953	0.6945
2570	0.228364	0.226935	0.6945
2571	0.228348	0.226918	0.6945
2572	0.228331	0.226900	0.6945
2573	0.228314	0.226883	0.6945
2574	0.228297	0.226865	0.6945
2575	0.228281	0.226848	0.6945
2576	0.228264	0.226830	0.6945
2577	0.228247	0.226813	0.6945
2578	0.228230	0.226795	0.6945
2579	0.228214	0.226778	0.6945
2580	0.228197	0.226760	0.6945
2581	0.228180	0.226743	0.6945
2582	0.228164	0.226725	0.6945
2583	0.228147	0.226708	0.6945
2584	0.228130	0.226690	0.6945
2585	0.228114	0.226673	0.6945
2586	0.228097	0.226655	0.6945
2587	0.228080	0.226638	0.6945
2588	0.228064	0.226621	0.6945
2589	0.228047	0.226603	0.6945
2590	0.228030	0.226586	0.6945
2591	0.228014	0.226568	0.6945
2592	0.227997	0.226551	0.6945
2593	0.227980	0.226534	0.6945
2594	0.227964	0.226516	0.6945
2595	0.227947	0.226499	0.6945
2596	0.227931	0.226481	0.6945
2597	0.227914	0.226464	0.6945
2598	0.227897	0.226447	0.6945
2599	0.227881	0.226429	0.6945
2600	0.227864	0.226412	0.6945
2601	0.227848	0.226395	0.6945
2602	0.227831	0.226377	0.6945
2603	0.227815	0.226360	0.6945
2604	0.227798	0.226343	0.6945
2605	0.227781	0.226325	0.6945
2606	0.227765	0.226308	0.6945
2607	0.227748	0.226291	0.6945
2608	0.227732	0.226274	0.6945
2609	0.227715	0.226256	0.6945
2610	0.227699	0.226239	0.6945
2611	0.227682	0.226222	0.6945
2612	0.227666	0.226204	0.6945
2613	0.227649	0.226187	0.6945
2614	0.227633	0.226170	0.6945
2615	0.227616	0.226153	0.6945
2616	0.227600	0.226135	0.6945
2617	0.227583	0.226118	0.6945
2618	0.227567	0.226101	0.6945
2619	0.227550	0.226084	0.6945
2620	0.227534	0.226067	0.6945
2621	0.227518	0.226049	0.6945
2622	0.227501	0.226032	0.6945
2623	0.227485	0.226015	0.6945
2624	0.227468	0.225998	0.6945
2625	0.227452	0.225981	0.6945
2626	0.227436	0.225963	0.6945
2627	0.227419	0.225946	0.6945
2628	0.227403	0.225929	0.6945
2629	0.227386	0.225912	0.6945
2630	0.227370	0.225895	0.6945
2631	0.227354	0.225878	0.6945
2632	0.227337	0.225861	0.6945
2633	0.227321	0.225843	0.6945
2634	0.227305	0.225826	0.6945
2635	0.227288	0.225809	0.6945
2636	0.227272	0.225792	0.6945
2637	0.227256	0.225775	0.6945
2638	0.227239	0.225758	0.6945
2639	0.227223	0.225741	0.6945
2640	0.227207	0.225724	0.6945
2641	0.227190	0.225707	0.6945
2642	0.227174	0.225690	0.6945
2643	0.227158	0.225673	0.6945
2644	0.227142	0.225656	0.6945
2645	0.227125	0.225639	0.6945
2646	0.227109	0.225622	0.6945
2647	0.227093	0.225605	0.6945
2648	0.227077	0.225588	0.6945
2649	0.227060	0.225571	0.6945
2650	0.227044	0.225554	0.6945
2651	0.227028	0.225537	0.6945
2652	0.227012	0.225520	0.6945
2653	0.226996	0.225503	0.6945
2654	0.226979	0.225486	0.6945
2655	0.226963	0.225469	0.6945
2656	0.226947	0.225452	0.6945
2657	0.226931	0.225435	0.6945
2658	0.226915	0.225418	0.6945
2659	0.226899	0.225401	0.6945
2660	0.226882	0.225384	0.6945
2661	0.226866	0.225367	0.6945
2662	0.226850	0.225350	0.6945
2663	0.226834	0.225334	0.6945
2664	0.226818	0.225317	0.6945
2665	0.226802	0.225300	0.6945
2666	0.226786	0.225283	0.6945
2667	0.226770	0.225266	0.6945
2668	0.226754	0.225249	0.6945
2669	0.226738	0.225233	0.6945
2670	0.226722	0.225216	0.6945
2671	0.226706	0.225199	0.6945
2672	0.226689	0.225182	0.6945
2673	0.226673	0.225165	0.6945
2674	0.226657	0.225148	0.6945
2675	0.226641	0.225132	0.6945
2676	0.226625	0.225115	0.6945
2677	0.226609	0.225098	0.6945
2678	0.226593	0.225081	0.6945
2679	0.226577	0.225065	0.6945
2680	0.226561	0.225048	0.6945
2681	0.226546	0.225031	0.6945
2682	0.226530	0.225014	0.6945
2683	0.226514	0.224998	0.6945
2684	0.226498	0.224981	0.6945
2685	0.226482	0.224964	0.6945
2686	0.226466	0.224948	0.6945
2687	0.226450	0.224931	0.6945
2688	0.226434	0.224914	0.6945
2689	0.226418	0.224898	0.6945
2690	0.226402	0.224881	0.6945
2691	0.226386	0.224864	0.6945
2692	0.226371	0.224848	0.6945
2693	0.226355	0.224831	0.6945
2694	0.226339	0.224815	0.6945
2695	0.226323	0.224798	0.6945
2696	0.226307	0.224781	0.6945
2697	0.226291	0.224765	0.6945
2698	0.226276	0.224748	0.6945
2699	0.226260	0.224732	0.6945
2700	0.226244	0.224715	0.6945
2701	0.226228	0.224699	0.6945
2702	0.226212	0.224682	0.6945
2703	0.226197	0.224665	0.6945
2704	0.226181	0.224649	0.6945
2705	0.226165	0.224632	0.6945
2706	0.226149	0.224616	0.6945
2707	0.226134	0.224599	0.6945
2708	0.226118	0.224583	0.6945
2709	0.226102	0.224566	0.6945
2710	0.226087	0.224550	0.6945
2711	0.226071	0.224534	0.6945
2712	0.226055	0.224517	0.6945
2713	0.226039	0.224501	0.6945
2714	0.226024	0.224484	0.6945
2715	0.226008	0.224468	0.6945
2716	0.225993	0.224451	0.6945
2717	0.225977	0.224435	0.6945
2718	0.225961	0.224419	0.6945
2719	0.225946	0.224402	0.6945
2720	0.225930	0.224386	0.6945
2721	0.225914	0.224370	0.6945
2722	0.225899	0.224353	0.6945
2723	0.225883	0.224337	0.6945
2724	0.225868	0.224321	0.6945
2725	0.225852	0.224304	0.6945
2726	0.225837	0.224288	0.6945
2727	0.225821	0.224272	0.6945
2728	0.225806	0.224255	0.6945
2729	0.225790	0.224239	0.6945
2730	0.225775	0.224223	0.6945
2731	0.225759	0.224206	0.6945
2732	0.225744	0.224190	0.6945
2733	0.225728	0.224174	0.6945
2734	0.225713	0.224158	0.6945
2735	0.225697	0.224142	0.6945
2736	0.225682	0.224125	0.6945
2737	0.225666	0.224109	0.6945
2738	0.225651	0.224093	0.6945
2739	0.225635	0.224077	0.6945
2740	0.225620	0.224061	0.6945
2741	0.225605	0.224044	0.6945
2742	0.225589	0.224028	0.6945
2743	0.225574	0.224012	0.6945
2744	0.225558	0.223996	0.6945
2745	0.225543	0.223980	0.6945
2746	0.225528	0.223964	0.6945
2747	0.225512	0.223948	0.6945
2748	0.225497	0.223932	0.6945
2749	0.225482	0.223915	0.6945
2750	0.225466	0.223899	0.6945
2751	0.225451	0.223883	0.6945
2752	0.225436	0.223867	0.6945
2753	0.225421	0.223851	0.6945
2754	0.225405	0.223835	0.6945
2755	0.225390	0.223819	0.6945
2756	0.225375	0.223803	0.6945
2757	0.225360	0.223787	0.6945
2758	0.225344	0.223771	0.6945
2759	0.225329	0.223755	0.6945
2760	0.225314	0.223739	0.6945
2761	0.225299	0.223723	0.6945
2762	0.225284	0.223707	0.6945
2763	0.225268	0.223691	0.6945
2764	0.225253	0.223676	0.6945
2765	0.225238	0.223660	0.6945
2766	0.225223	0.223644	0.6945
2767	0.225208	0.223628	0.6945
2768	0.225193	0.223612	0.6945
2769	0.225178	0.223596	0.6945
2770	0.225162	0.223580	0.6945
2771	0.225147	0.223564	0.6945
2772	0.225132	0.223548	0.6945
2773	0.225117	0.223533	0.6945
2774	0.225102	0.223517	0.6945
2775	0.225087	0.223501	0.6945
2776	0.225072	0.223485	0.6945
2777	0.225057	0.223469	0.6945
2778	0.225042	0.223454	0.6945
2779	0.225027	0.223438	0.6945
2780	0.225012	0.223422	0.6945
2781	0.224997	0.223406	0.6945
2782	0.224982	0.223391	0.6945
2783	0.224967	0.223375	0.6945
2784	0.224952	0.223359	0.6945
2785	0.224937	0.223344	0.6945
2786	0.224922	0.223328	0.6945
2787	0.224907	0.223312	0.6945
2788	0.224892	0.223297	0.6945
2789	0.224878	0.223281	0.6945
2790	0.224863	0.223265	0.6945
2791	0.224848	0.223250	0.6945
2792	0.224833	0.223234	0.6945
2793	0.224818	0.223218	0.6945
2794	0.224803	0.223203	0.6945
2795	0.224788	0.223187	0.6945
2796	0.224774	0.223172	0.6945
2797	0.224759	0.223156	0.6945
2798	0.224744	0.223140	0.6945
2799	0.224729	0.223125	0.6945
2800	0.224714	0.223109	0.6945
2801	0.224700	0.223094	0.6945
2802	0.224685	0.223078	0.6945
2803	0.224670	0.223063	0.6945
2804	0.224655	0.223047	0.6945
2805	0.224641	0.223032	0.6945
2806	0.224626	0.223016	0.6945
2807	0.224611	0.223001	0.6945
2808	0.224597	0.222986	0.6945
2809	0.224582	0.222970	0.6945
2810	0.224567	0.222955	0.6945
2811	0.224553	0.222939	0.6945
2812	0.224538	0.222924	0.6945
2813	0.224523	0.222908	0.6945
2814	0.224509	0.222893	0.6945
2815	0.224494	0.222878	0.6945
2816	0.224479	0.222862	0.6945
2817	0.224465	0.222847	0.6945
2818	0.224450	0.222832	0.6945
2819	0.224436	0.222816	0.6945
2820	0.224421	0.222801	0.6945
2821	0.224407	0.222786	0.6945
2822	0.224392	0.222771	0.6945
2823	0.224378	0.222755	0.6945
2824	0.224363	0.222740	0.6945
2825	0.224349	0.222725	0.6945
2826	0.224334	0.222710	0.6945
2827	0.224320	0.222694	0.6945
2828	0.224305	0.222679	0.6945
2829	0.224291	0.222664	0.6945
2830	0.224276	0.222649	0.6945
2831	0.224262	0.222634	0.6945
2832	0.224247	0.222618	0.6945
2833	0.224233	0.222603	0.6945
2834	0.224219	0.222588	0.6945
2835	0.224204	0.222573	0.6945
2836	0.224190	0.222558	0.6945
2837	0.224176	0.222543	0.6945
2838	0.224161	0.222528	0.6945
2839	0.224147	0.222513	0.6945
2840	0.224133	0.222497	0.6945
2841	0.224118	0.222482	0.6945
2842	0.224104	0.222467	0.6945
2843	0.224090	0.222452	0.6945
2844	0.224075	0.222437	0.6945
2845	0.224061	0.222422	0.6945
2846	0.224047	0.222407	0.6945
2847	0.224033	0.222392	0.6945
2848	0.224018	0.222377	0.6945
2849	0.224004	0.222362	0.6945
2850	0.223990	0.222347	0.6945
2851	0.223976	0.222332	0.6945
2852	0.223962	0.222318	0.6945
2853	0.223947	0.222303	0.6945
2854	0.223933	0.222288	0.6945
2855	0.223919	0.222273	0.6945
2856	0.223905	0.222258	0.6945
2857	0.223891	0.222243	0.6945
2858	0.223877	0.222228	0.6945
2859	0.223863	0.222213	0.6945
2860	0.223849	0.222199	0.6945
2861	0.223835	0.222184	0.6945
2862	0.223820	0.222169	0.6945
2863	0.223806	0.222154	0.6945
2864	0.223792	0.222139	0.6945
2865	0.223778	0.222125	0.6945
2866	0.223764	0.222110	0.6945
2867	0.223750	0.222095	0.6945
2868	0.223736	0.222080	0.6945
2869	0.223722	0.222066	0.6945
2870	0.223708	0.222051	0.6945
2871	0.223694	0.222036	0.6945
2872	0.223680	0.222021	0.6945
2873	0.223667	0.222007	0.6945
2874	0.223653	0.221992	0.6945
2875	0.223639	0.221977	0.6945
2876	0.223625	0.221963	0.6945
2877	0.223611	0.221948	0.6945
2878	0.223597	0.221934	0.6945
2879	0.223583	0.221919	0.6945
2880	0.223569	0.221904	0.6945
2881	0.223556	0.221890	0.6945
2882	0.223542	0.221875	0.6945
2883	0.223528	0.221861	0.6945
2884	0.223514	0.221846	0.6945
2885	0.223500	0.221832	0.6945
2886	0.223487	0.221817	0.6945
2887	0.223473	0.221803	0.6945
2888	0.223459	0.221788	0.6945
2889	0.223445	0.221774	0.6945
2890	0.223432	0.221759	0.6945
2891	0.223418	0.221745	0.6945
2892	0.223404	0.221730	0.6945
2893	0.223390	0.221716	0.6945
2894	0.223377	0.221701	0.6945
2895	0.223363	0.221687	0.6945
2896	0.223349	0.221673	0.6945
2897	0.223336	0.221658	0.6945
2898	0.223322	0.221644	0.6945
2899	0.223309	0.221630	0.6945
2900	0.223295	0.221615	0.6945
2901	0.223281	0.221601	0.6945
2902	0.223268	0.221587	0.6945
2903	0.223254	0.221572	0.6945
2904	0.223241	0.221558	0.6945
2905	0.223227	0.221544	0.6945
2906	0.223214	0.221529	0.6945
2907	0.223200	0.221515	0.6945
2908	0.223187	0.221501	0.6945
2909	0.223173	0.221487	0.6945
2910	0.223160	0.221473	0.6945
2911	0.223146	0.221458	0.6945
2912	0.223133	0.221444	0.6945
2913	0.223119	0.221430	0.6945
2914	0.223106	0.221416	0.6945
2915	0.223092	0.221402	0.6945
2916	0.223079	0.221388	0.6945
2917	0.223066	0.221373	0.6945
2918	0.223052	0.221359	0.6945
2919	0.223039	0.221345	0.6945
2920	0.223026	0.221331	0.6945
2921	0.223012	0.221317	0.6945
2922	0.222999	0.221303	0.6945
2923	0.222986	0.221289	0.6945
2924	0.222972	0.221275	0.6945
2925	0.222959	0.221261	0.6945
2926	0.222946	0.221247	0.6945
2927	0.222932	0.221233	0.6945
2928	0.222919	0.221219	0.6945
2929	0.222906	0.221205	0.6945
2930	0.222893	0.221191	0.6945
2931	0.222880	0.221177	0.6945
2932	0.222866	0.221163	0.6945
2933	0.222853	0.221149	0.6945
2934	0.222840	0.221135	0.6945
2935	0.222827	0.221121	0.6945
2936	0.222814	0.221107	0.6945
2937	0.222801	0.221094	0.6945
2938	0.222787	0.221080	0.6945
2939	0.222774	0.221066	0.6945
2940	0.222761	0.221052	0.6945
2941	0.222748	0.221038	0.6945
2942	0.222735	0.221024	0.6945
2943	0.222722	0.221011	0.6945
2944	0.222709	0.220997	0.6945
2945	0.222696	0.220983	0.6945
2946	0.222683	0.220969	0.6945
2947	0.222670	0.220956	0.6945
2948	0.222657	0.220942	0.6945
2949	0.222644	0.220928	0.6945
2950	0.222631	0.220914	0.6945
2951	0.222618	0.220901	0.6945
2952	0.222605	0.220887	0.6945
2953	0.222592	0.220873	0.6945
2954	0.222579	0.220860	0.6945
2955	0.222566	0.220846	0.6945
2956	0.222553	0.220833	0.6945
2957	0.222540	0.220819	0.6945
2958	0.222528	0.220805	0.6945
2959	0.222515	0.220792	0.6945
2960	0.222502	0.220778	0.6945
2961	0.222489	0.220765	0.6945
2962	0.222476	0.220751	0.6945
2963	0.222463	0.220738	0.6945
2964	0.222451	0.220724	0.6945
2965	0.222438	0.220711	0.6945
2966	0.222425	0.220697	0.6945
2967	0.222412	0.220684	0.6945
2968	0.222400	0.220670	0.6945
2969	0.222387	0.220657	0.6945
2970	0.222374	0.220643	0.6945
2971	0.222361	0.220630	0.6945
2972	0.222349	0.220616	0.6945
2973	0.222336	0.220603	0.6945
2974	0.222323	0.220590	0.6945
2975	0.222311	0.220576	0.6945
2976	0.222298	0.220563	0.6945
2977	0.222285	0.220550	0.6945
2978	0.222273	0.220536	0.6945
2979	0.222260	0.220523	0.6945
2980	0.222248	0.220510	0.6945
2981	0.222235	0.220496	0.6945
2982	0.222222	0.220483	0.6945
2983	0.222210	0.220470	0.6945
2984	0.222197	0.220456	0.6945
2985	0.222185	0.220443	0.6945
2986	0.222172	0.220430	0.6945
2987	0.222160	0.220417	0.6945
2988	0.222147	0.220404	0.6945
2989	0.222135	0.220390	0.6945
2990	0.222122	0.220377	0.6945
2991	0.222110	0.220364	0.6945
2992	0.222098	0.220351	0.6945
2993	0.222085	0.220338	0.6945
2994	0.222073	0.220325	0.6945
2995	0.222060	0.220311	0.6945
2996	0.222048	0.220298	0.6945
2997	0.222036	0.220285	0.6945
2998	0.222023	0.220272	0.6945
2999	0.222011	0.220259	0.6945
3000	0.221999	0.220246	0.6945
3001	0.221986	0.220233	0.6945
3002	0.221974	0.220220	0.6945
3003	0.221962	0.220207	0.6945
3004	0.221949	0.220194	0.6945
3005	0.221937	0.220181	0.6945
3006	0.221925	0.220168	0.6945
3007	0.221913	0.220155	0.6945
3008	0.221900	0.220142	0.6945
3009	0.221888	0.220129	0.6945
3010	0.221876	0.220116	0.6945
3011	0.221864	0.220104	0.6945
3012	0.221852	0.220091	0.6945
3013	0.221839	0.220078	0.6945
3014	0.221827	0.220065	0.6945
3015	0.221815	0.220052	0.6947
3016	0.221803	0.220039	0.6947
3017	0.221791	0.220026	0.6947
3018	0.221779	0.220014	0.6947
3019	0.221767	0.220001	0.6947
3020	0.221755	0.219988	0.6947
3021	0.221743	0.219975	0.6947
3022	0.221730	0.219963	0.6947
3023	0.221718	0.219950	0.6947
3024	0.221706	0.219937	0.6947
3025	0.221694	0.219924	0.6947
3026	0.221682	0.219912	0.6947
3027	0.221670	0.219899	0.6947
3028	0.221658	0.219886	0.6947
3029	0.221647	0.219874	0.6947
3030	0.221635	0.219861	0.6947
3031	0.221623	0.219848	0.6947
3032	0.221611	0.219836	0.6947
3033	0.221599	0.219823	0.6947
3034	0.221587	0.219811	0.6947
3035	0.221575	0.219798	0.6947
3036	0.221563	0.219785	0.6947
3037	0.221551	0.219773	0.6947
3038	0.221540	0.219760	0.6947
3039	0.221528	0.219748	0.6947
3040	0.221516	0.219735	0.6947
3041	0.221504	0.219723	0.6947
3042	0.221492	0.219710	0.6947
3043	0.221481	0.219698	0.6947
3044	0.221469	0.219685	0.6947
3045	0.221457	0.219673	0.6947
3046	0.221445	0.219660	0.6947
3047	0.221434	0.219648	0.6947
3048	0.221422	0.219636	0.6947
3049	0.221410	0.219623	0.6947
3050	0.221398	0.219611	0.6947
3051	0.221387	0.219598	0.6947
3052	0.221375	0.219586	0.6947
3053	0.221364	0.219574	0.6947
3054	0.221352	0.219561	0.6947
3055	0.221340	0.219549	0.6947
3056	0.221329	0.219537	0.6947
3057	0.221317	0.219525	0.6947
3058	0.221306	0.219512	0.6947
3059	0.221294	0.219500	0.6947
3060	0.221282	0.219488	0.6947
3061	0.221271	0.219476	0.6947
3062	0.221259	0.219463	0.6947
3063	0.221248	0.219451	0.6947
3064	0.221236	0.219439	0.6947
3065	0.221225	0.219427	0.6947
3066	0.221213	0.219415	0.6947
3067	0.221202	0.219402	0.6947
3068	0.221190	0.219390	0.6947
3069	0.221179	0.219378	0.6947
3070	0.221168	0.219366	0.6947
3071	0.221156	0.219354	0.6947
3072	0.221145	0.219342	0.6947
3073	0.221133	0.219330	0.6947
3074	0.221122	0.219318	0.6947
3075	0.221111	0.219306	0.6947
3076	0.221099	0.219294	0.6947
3077	0.221088	0.219282	0.6947
3078	0.221077	0.219270	0.6947
3079	0.221065	0.219258	0.6947
3080	0.221054	0.219246	0.6947
3081	0.221043	0.219234	0.6947
3082	0.221032	0.219222	0.6947
3083	0.221020	0.219210	0.6947
3084	0.221009	0.219198	0.6947
3085	0.220998	0.219186	0.6947
3086	0.220987	0.219174	0.6947
3087	0.220975	0.219162	0.6947
3088	0.220964	0.219150	0.6947
3089	0.220953	0.219138	0.6947
3090	0.220942	0.219127	0.6947
3091	0.220931	0.219115	0.6947
3092	0.220920	0.219103	0.6947
3093	0.220909	0.219091	0.6947
3094	0.220897	0.219079	0.6947
3095	0.220886	0.219068	0.6947
3096	0.220875	0.219056	0.6947
3097	0.220864	0.219044	0.6947
3098	0.220853	0.219032	0.6947
3099	0.220842	0.219021	0.6947
3100	0.220831	0.219009	0.6947
3101	0.220820	0.218997	0.6947
3102	0.220809	0.218985	0.6947
3103	0.220798	0.218974	0.6947
3104	0.220787	0.218962	0.6947
3105	0.220776	0.218950	0.6947
3106	0.220765	0.218939	0.6947
3107	0.220754	0.218927	0.6947
3108	0.220743	0.218916	0.6947
3109	0.220732	0.218904	0.6947
3110	0.220721	0.218892	0.6947
3111	0.220711	0.218881	0.6947
3112	0.220700	0.218869	0.6947
3113	0.220689	0.218858	0.6947
3114	0.220678	0.218846	0.6947
3115	0.220667	0.218835	0.6947
3116	0.220656	0.218823	0.6947
3117	0.220646	0.218812	0.6947
3118	0.220635	0.218800	0.6947
3119	0.220624	0.218789	0.6947
3120	0.220613	0.218777	0.6947
3121	0.220602	0.218766	0.6947
3122	0.220592	0.218755	0.6947
3123	0.220581	0.218743	0.6947
3124	0.220570	0.218732	0.6947
3125	0.220560	0.218720	0.6947
3126	0.220549	0.218709	0.6947
3127	0.220538	0.218698	0.6947
3128	0.220528	0.218686	0.6947
3129	0.220517	0.218675	0.6947
3130	0.220506	0.218664	0.6947
3131	0.220496	0.218652	0.6947
3132	0.220485	0.218641	0.6947
3133	0.220474	0.218630	0.6947
3134	0.220464	0.218619	0.6947
3135	0.220453	0.218607	0.6947
3136	0.220443	0.218596	0.6947
3137	0.220432	0.218585	0.6947
3138	0.220422	0.218574	0.6947
3139	0.220411	0.218562	0.6947
3140	0.220401	0.218551	0.6947
3141	0.220390	0.218540	0.6947
3142	0.220380	0.218529	0.6947
3143	0.220369	0.218518	0.6947
3144	0.220359	0.218507	0.6947
3145	0.220348	0.218496	0.6947
3146	0.220338	0.218484	0.6947
3147	0.220327	0.218473	0.6947
3148	0.220317	0.218462	0.6947
3149	0.220306	0.218451	0.6947
3150	0.220296	0.218440	0.6947
3151	0.220286	0.218429	0.6947
3152	0.220275	0.218418	0.6947
3153	0.220265	0.218407	0.6947
3154	0.220255	0.218396	0.6947
3155	0.220244	0.218385	0.6947
3156	0.220234	0.218374	0.6947
3157	0.220224	0.218363	0.6947
3158	0.220213	0.218352	0.6947
3159	0.220203	0.218341	0.6947
3160	0.220193	0.218330	0.6947
3161	0.220183	0.218319	0.6947
3162	0.220172	0.218309	0.6947
3163	0.220162	0.218298	0.6947
3164	0.220152	0.218287	0.6947
3165	0.220142	0.218276	0.6947
3166	0.220132	0.218265	0.6947
3167	0.220122	0.218254	0.6947
3168	0.220111	0.218243	0.6947
3169	0.220101	0.218233	0.6947
3170	0.220091	0.218222	0.6947
3171	0.220081	0.218211	0.6947
3172	0.220071	0.218200	0.6947
3173	0.220061	0.218190	0.6947
3174	0.220051	0.218179	0.6947
3175	0.220041	0.218168	0.6947
3176	0.220031	0.218157	0.6947
3177	0.220021	0.218147	0.6947
3178	0.220011	0.218136	0.6947
3179	0.220001	0.218125	0.6947
3180	0.219991	0.218115	0.6947
3181	0.219981	0.218104	0.6947
3182	0.219971	0.218093	0.6947
3183	0.219961	0.218083	0.6947
3184	0.219951	0.218072	0.6947
3185	0.219941	0.218062	0.6947
3186	0.219931	0.218051	0.6947
3187	0.219921	0.218040	0.6947
3188	0.219911	0.218030	0.6947
3189	0.219901	0.218019	0.6947
3190	0.219891	0.218009	0.6947
3191	0.219881	0.217998	0.6947
3192	0.219872	0.217988	0.6947
3193	0.219862	0.217977	0.6947
3194	0.219852	0.217967	0.6947
3195	0.219842	0.217956	0.6947
3196	0.219832	0.217946	0.6947
3197	0.219822	0.217936	0.6947
3198	0.219813	0.217925	0.6947
3199	0.219803	0.217915	0.6947
3200	0.219793	0.217904	0.6947
3201	0.219783	0.217894	0.6947
3202	0.219774	0.217884	0.6947
3203	0.219764	0.217873	0.6947
3204	0.219754	0.217863	0.6947
3205	0.219745	0.217852	0.6947
3206	0.219735	0.217842	0.6947
3207	0.219725	0.217832	0.6947
3208	0.219716	0.217822	0.6947
3209	0.219706	0.217811	0.6947
3210	0.219696	0.217801	0.6947
3211	0.219687	0.217791	0.6947
3212	0.219677	0.217780	0.6947
3213	0.219668	0.217770	0.6947
3214	0.219658	0.217760	0.6947
3215	0.219648	0.217750	0.6947
3216	0.219639	0.217740	0.6947
3217	0.219629	0.217729	0.6947
3218	0.219620	0.217719	0.6947
3219	0.219610	0.217709	0.6947
3220	0.219601	0.217699	0.6947
3221	0.219591	0.217689	0.6947
3222	0.219582	0.217679	0.6947
3223	0.219572	0.217669	0.6947
3224	0.219563	0.217659	0.6947
3225	0.219554	0.217648	0.6947
3226	0.219544	0.217638	0.6947
3227	0.219535	0.217628	0.6947
3228	0.219525	0.217618	0.6947
3229	0.219516	0.217608	0.6947
3230	0.219507	0.217598	0.6947
3231	0.219497	0.217588	0.6947
3232	0.219488	0.217578	0.6947
3233	0.219478	0.217568	0.6947
3234	0.219469	0.217558	0.6947
3235	0.219460	0.217548	0.6947
3236	0.219451	0.217538	0.6947
3237	0.219441	0.217529	0.6947
3238	0.219432	0.217519	0.6947
3239	0.219423	0.217509	0.6947
3240	0.219413	0.217499	0.6947
3241	0.219404	0.217489	0.6947
3242	0.219395	0.217479	0.6947
3243	0.219386	0.217469	0.6947
3244	0.219377	0.217459	0.6947
3245	0.219367	0.217450	0.6947
3246	0.219358	0.217440	0.6947
3247	0.219349	0.217430	0.6947
3248	0.219340	0.217420	0.6947
3249	0.219331	0.217410	0.6947
3250	0.219322	0.217401	0.6947
3251	0.219313	0.217391	0.6947
3252	0.219303	0.217381	0.6947
3253	0.219294	0.217371	0.6947
3254	0.219285	0.217362	0.6947
3255	0.219276	0.217352	0.6947
3256	0.219267	0.217342	0.6947
3257	0.219258	0.217333	0.6947
3258	0.219249	0.217323	0.6947
3259	0.219240	0.217313	0.6947
3260	0.219231	0.217304	0.6947
3261	0.219222	0.217294	0.6947
3262	0.219213	0.217285	0.6947
3263	0.219204	0.217275	0.6947
3264	0.219195	0.217265	0.6947
3265	0.219186	0.217256	0.6947
3266	0.219177	0.217246	0.6947
3267	0.219168	0.217237	0.6947
3268	0.219159	0.217227	0.6947
3269	0.219150	0.217218	0.6947
3270	0.219142	0.217208	0.6947
3271	0.219133	0.217199	0.6947
3272	0.219124	0.217189	0.6947
3273	0.219115	0.217180	0.6947
3274	0.219106	0.217170	0.6947
3275	0.219097	0.217161	0.6947
3276	0.219089	0.217151	0.6947
3277	0.219080	0.217142	0.6947
3278	0.219071	0.217132	0.6947
3279	0.219062	0.217123	0.6947
3280	0.219053	0.217114	0.6947
3281	0.219045	0.217104	0.6947
3282	0.219036	0.217095	0.6947
3283	0.219027	0.217086	0.6947
3284	0.219018	0.217076	0.6947
3285	0.219010	0.217067	0.6947
3286	0.219001	0.217058	0.6947
3287	0.218992	0.217048	0.6947
3288	0.218984	0.217039	0.6947
3289	0.218975	0.217030	0.6947
3290	0.218966	0.217020	0.6947
3291	0.218958	0.217011	0.6947
3292	0.218949	0.217002	0.6947
3293	0.218941	0.216993	0.6947
3294	0.218932	0.216984	0.6947
3295	0.218923	0.216974	0.6947
3296	0.218915	0.216965	0.6947
3297	0.218906	0.216956	0.6947
3298	0.218898	0.216947	0.6947
3299	0.218889	0.216938	0.6947
3300	0.218881	0.216928	0.6947
3301	0.218872	0.216919	0.6947
3302	0.218864	0.216910	0.6947
3303	0.218855	0.216901	0.6947
3304	0.218847	0.216892	0.6947
3305	0.218838	0.216883	0.6947
3306	0.218830	0.216874	0.6947
3307	0.218821	0.216865	0.6947
3308	0.218813	0.216856	0.6947
3309	0.218804	0.216847	0.6947
3310	0.218796	0.216838	0.6947
3311	0.218788	0.216829	0.6947
3312	0.218779	0.216820	0.6947
3313	0.218771	0.216811	0.6947
3314	0.218762	0.216802	0.6947
3315	0.218754	0.216793	0.6947
3316	0.218746	0.216784	0.6947
3317	0.218737	0.216775	0.6947
3318	0.218729	0.216766	0.6947
3319	0.218721	0.216757	0.6947
3320	0.218713	0.216748	0.6947
3321	0.218704	0.216739	0.6947
3322	0.218696	0.216730	0.6947
3323	0.218688	0.216721	0.6947
3324	0.218679	0.216713	0.6947
3325	0.218671	0.216704	0.6947
3326	0.218663	0.216695	0.6947
3327	0.218655	0.216686	0.6947
3328	0.218647	0.216677	0.6947
3329	0.218638	0.216669	0.6947
3330	0.218630	0.216660	0.6947
3331	0.218622	0.216651	0.6947
3332	0.218614	0.216642	0.6947
3333	0.218606	0.216633	0.6947
3334	0.218598	0.216625	0.6947
3335	0.218589	0.216616	0.6947
3336	0.218581	0.216607	0.6947
3337	0.218573	0.216599	0.6947
3338	0.218565	0.216590	0.6947
3339	0.218557	0.216581	0.6947
3340	0.218549	0.216573	0.6947
3341	0.218541	0.216564	0.6947
3342	0.218533	0.216555	0.6947
3343	0.218525	0.216547	0.6947
3344	0.218517	0.216538	0.6947
3345	0.218509	0.216529	0.6947
3346	0.218501	0.216521	0.6947
3347	0.218493	0.216512	0.6947
3348	0.218485	0.216504	0.6947
3349	0.218477	0.216495	0.6947
3350	0.218469	0.216487	0.6947
3351	0.218461	0.216478	0.6947
3352	0.218453	0.216470	0.6947
3353	0.218445	0.216461	0.6947
3354	0.218437	0.216453	0.6947
3355	0.218429	0.216444	0.6947
3356	0.218422	0.216436	0.6947
3357	0.218414	0.216427	0.6947
3358	0.218406	0.216419	0.6947
3359	0.218398	0.216410	0.6947
3360	0.218390	0.216402	0.6947
3361	0.218382	0.216393	0.6947
3362	0.218375	0.216385	0.6947
3363	0.218367	0.216377	0.6947
3364	0.218359	0.216368	0.6947
3365	0.218351	0.216360	0.6947
3366	0.218343	0.216351	0.6947
3367	0.218336	0.216343	0.6947
3368	0.218328	0.216335	0.6947
3369	0.218320	0.216326	0.6947
3370	0.218312	0.216318	0.6947
3371	0.218305	0.216310	0.6947
3372	0.218297	0.216301	0.6947
3373	0.218289	0.216293	0.6947
3374	0.218282	0.216285	0.6947
3375	0.218274	0.216277	0.6947
3376	0.218266	0.216268	0.6947
3377	0.218259	0.216260	0.6947
3378	0.218251	0.216252	0.6947
3379	0.218243	0.216244	0.6947
3380	0.218236	0.216236	0.6947
3381	0.218228	0.216227	0.6947
3382	0.218221	0.216219	0.6947
3383	0.218213	0.216211	0.6947
3384	0.218205	0.216203	0.6947
3385	0.218198	0.216195	0.6947
3386	0.218190	0.216187	0.6947
3387	0.218183	0.216178	0.6947
3388	0.218175	0.216170	0.6947
3389	0.218168	0.216162	0.6947
3390	0.218160	0.216154	0.6947
3391	0.218153	0.216146	0.6947
3392	0.218145	0.216138	0.6947
3393	0.218138	0.216130	0.6947
3394	0.218130	0.216122	0.6947
3395	0.218123	0.216114	0.6947
3396	0.218115	0.216106	0.6947
3397	0.218108	0.216098	0.6947
3398	0.218101	0.216090	0.6947
3399	0.218093	0.216082	0.6947
3400	0.218086	0.216074	0.6947
3401	0.218078	0.216066	0.6947
3402	0.218071	0.216058	0.6947
3403	0.218064	0.216050	0.6947
3404	0.218056	0.216042	0.6947
3405	0.218049	0.216034	0.6947
3406	0.218042	0.216026	0.6947
3407	0.218034	0.216018	0.6947
3408	0.218027	0.216010	0.6947
3409	0.218020	0.216003	0.6947
3410	0.218012	0.215995	0.6947
3411	0.218005	0.215987	0.6947
3412	0.217998	0.215979	0.6947
3413	0.217991	0.215971	0.6947
3414	0.217983	0.215963	0.6947
3415	0.217976	0.215956	0.6947
3416	0.217969	0.215948	0.6947
3417	0.217962	0.215940	0.6947
3418	0.217954	0.215932	0.6947
3419	0.217947	0.215924	0.6947
3420	0.217940	0.215917	0.6947
3421	0.217933	0.215909	0.6947
3422	0.217926	0.215901	0.6947
3423	0.217919	0.215893	0.6947
3424	0.217911	0.215886	0.6947
3425	0.217904	0.215878	0.6947
3426	0.217897	0.215870	0.6947
3427	0.217890	0.215863	0.6947
3428	0.217883	0.215855	0.6947
3429	0.217876	0.215847	0.6947
3430	0.217869	0.215840	0.6947
3431	0.217862	0.215832	0.6947
3432	0.217855	0.215824	0.6947
3433	0.217848	0.215817	0.6947
3434	0.217841	0.215809	0.6947
3435	0.217834	0.215802	0.6947
3436	0.217827	0.215794	0.6947
3437	0.217820	0.215786	0.6947
3438	0.217813	0.215779	0.6947
3439	0.217806	0.215771	0.6947
3440	0.217799	0.215764	0.6947
3441	0.217792	0.215756	0.6947
3442	0.217785	0.215749	0.6947
3443	0.217778	0.215741	0.6947
3444	0.217771	0.215734	0.6947
3445	0.217764	0.215726	0.6947
3446	0.217757	0.215719	0.6947
3447	0.217750	0.215711	0.6947
3448	0.217743	0.215704	0.6947
3449	0.217736	0.215696	0.6947
3450	0.217729	0.215689	0.6947
3451	0.217723	0.215682	0.6947
3452	0.217716	0.215674	0.6947
3453	0.217709	0.215667	0.6947
3454	0.217702	0.215659	0.6947
3455	0.217695	0.215652	0.6947
3456	0.217688	0.215645	0.6947
3457	0.217682	0.215637	0.6947
3458	0.217675	0.215630	0.6947
3459	0.217668	0.215623	0.6947
3460	0.217661	0.215615	0.6947
3461	0.217655	0.215608	0.6947
3462	0.217648	0.215601	0.6947
3463	0.217641	0.215593	0.6947
3464	0.217634	0.215586	0.6947
3465	0.217628	0.215579	0.6947
3466	0.217621	0.215571	0.6947
3467	0.217614	0.215564	0.6947
3468	0.217608	0.215557	0.6947
3469	0.217601	0.215550	0.6947
3470	0.217594	0.215542	0.6947
3471	0.217588	0.215535	0.6947
3472	0.217581	0.215528	0.6947
3473	0.217574	0.215521	0.6947
3474	0.217568	0.215514	0.6947
3475	0.217561	0.215506	0.6947
3476	0.217554	0.215499	0.6947
3477	0.217548	0.215492	0.6947
3478	0.217541	0.215485	0.6947
3479	0.217535	0.215478	0.6947
3480	0.217528	0.215471	0.6947
3481	0.217522	0.215464	0.6947
3482	0.217515	0.215457	0.6947
3483	0.217508	0.215449	0.6947
3484	0.217502	0.215442	0.6947
3485	0.217495	0.215435	0.6947
3486	0.217489	0.215428	0.6947
3487	0.217482	0.215421	0.6947
3488	0.217476	0.215414	0.6947
3489	0.217469	0.215407	0.6947
3490	0.217463	0.215400	0.6947
3491	0.217456	0.215393	0.6947
3492	0.217450	0.215386	0.6947
3493	0.217444	0.215379	0.6947
3494	0.217437	0.215372	0.6947
3495	0.217431	0.215365	0.6947
3496	0.217424	0.215358	0.6947
3497	0.217418	0.215351	0.6947
3498	0.217412	0.215344	0.6947
3499	0.217405	0.215337	0.6947
3500	0.217399	0.215330	0.6947
3501	0.217392	0.215324	0.6947
3502	0.217386	0.215317	0.6947
3503	0.217380	0.215310	0.6947
3504	0.217373	0.215303	0.6947
3505	0.217367	0.215296	0.6947
3506	0.217361	0.215289	0.6947
3507	0.217354	0.215282	0.6947
3508	0.217348	0.215275	0.6947
3509	0.217342	0.215269	0.6947
3510	0.217336	0.215262	0.6947
3511	0.217329	0.215255	0.6947
3512	0.217323	0.215248	0.6947
3513	0.217317	0.215241	0.6947
3514	0.217311	0.215235	0.6947
3515	0.217304	0.215228	0.6947
3516	0.217298	0.215221	0.6947
3517	0.217292	0.215214	0.6947
3518	0.217286	0.215208	0.6947
3519	0.217280	0.215201	0.6947
3520	0.217273	0.215194	0.6947
3521	0.217267	0.215187	0.6947
3522	0.217261	0.215181	0.6947
3523	0.217255	0.215174	0.6947
3524	0.217249	0.215167	0.6947
3525	0.217243	0.215161	0.6947
3526	0.217237	0.215154	0.6947
3527	0.217230	0.215147	0.6947
3528	0.217224	0.215141	0.6947
3529	0.217218	0.215134	0.6947
3530	0.217212	0.215127	0.6947
3531	0.217206	0.215121	0.6947
3532	0.217200	0.215114	0.6947
3533	0.217194	0.215108	0.6947
3534	0.217188	0.215101	0.6947
3535	0.217182	0.215094	0.6947
3536	0.217176	0.215088	0.6947
3537	0.217170	0.215081	0.6947
3538	0.217164	0.215075	0.6947
3539	0.217158	0.215068	0.6947
3540	0.217152	0.215062	0.6947
3541	0.217146	0.215055	0.6947
3542	0.217140	0.215049	0.6947
3543	0.217134	0.215042	0.6947
3544	0.217128	0.215036	0.6947
3545	0.217122	0.215029	0.6947
3546	0.217116	0.215023	0.6947
3547	0.217110	0.215016	0.6947
3548	0.217104	0.215010	0.6947
3549	0.217098	0.215003	0.6947
3550	0.217092	0.214997	0.6947
3551	0.217086	0.214991	0.6947
3552	0.217081	0.214984	0.6947
3553	0.217075	0.214978	0.6947
3554	0.217069	0.214971	0.6947
3555	0.217063	0.214965	0.6947
3556	0.217057	0.214959	0.6947
3557	0.217051	0.214952	0.6947
3558	0.217045	0.214946	0.6947
3559	0.217040	0.214939	0.6947
3560	0.217034	0.214933	0.6947
3561	0.217028	0.214927	0.6947
3562	0.217022	0.214920	0.6947
3563	0.217016	0.214914	0.6947
3564	0.217011	0.214908	0.6947
3565	0.217005	0.214902	0.6947
3566	0.216999	0.214895	0.6947
3567	0.216993	0.214889	0.6947
3568	0.216988	0.214883	0.6947
3569	0.216982	0.214876	0.6947
3570	0.216976	0.214870	0.6947
3571	0.216971	0.214864	0.6947
3572	0.216965	0.214858	0.6947
3573	0.216959	0.214852	0.6947
3574	0.216953	0.214845	0.6947
3575	0.216948	0.214839	0.6947
3576	0.216942	0.214833	0.6947
3577	0.216936	0.214827	0.6947
3578	0.216931	0.214821	0.6947
3579	0.216925	0.214814	0.6947
3580	0.216920	0.214808	0.6947
3581	0.216914	0.214802	0.6947
3582	0.216908	0.214796	0.6947
3583	0.216903	0.214790	0.6947
3584	0.216897	0.214784	0.6947
3585	0.216891	0.214778	0.6947
3586	0.216886	0.214771	0.6947
3587	0.216880	0.214765	0.6947
3588	0.216875	0.214759	0.6947
3589	0.216869	0.214753	0.6947
3590	0.216864	0.214747	0.6947
3591	0.216858	0.214741	0.6947
3592	0.216853	0.214735	0.6947
3593	0.216847	0.214729	0.6947
3594	0.216842	0.214723	0.6947
3595	0.216836	0.214717	0.6947
3596	0.216831	0.214711	0.6947
3597	0.216825	0.214705	0.6947
3598	0.216820	0.214699	0.6947
3599	0.216814	0.214693	0.6947
3600	0.216809	0.214687	0.6947
3601	0.216803	0.214681	0.6947
3602	0.216798	0.214675	0.6947
3603	0.216792	0.214669	0.6947
3604	0.216787	0.214663	0.6947
3605	0.216782	0.214657	0.6947
3606	0.216776	0.214651	0.6947
3607	0.216771	0.214645	0.6947
3608	0.216765	0.214639	0.6947
3609	0.216760	0.214634	0.6947
3610	0.216755	0.214628	0.6947
3611	0.216749	0.214622	0.6947
3612	0.216744	0.214616	0.6947
3613	0.216739	0.214610	0.6947
3614	0.216733	0.214604	0.6947
3615	0.216728	0.214598	0.6947
3616	0.216723	0.214593	0.6947
3617	0.216717	0.214587	0.6947
3618	0.216712	0.214581	0.6947
3619	0.216707	0.214575	0.6947
3620	0.216701	0.214569	0.6947
3621	0.216696	0.214563	0.6947
3622	0.216691	0.214558	0.6947
3623	0.216685	0.214552	0.6947
3624	0.216680	0.214546	0.6947
3625	0.216675	0.214540	0.6947
3626	0.216670	0.214535	0.6947
3627	0.216665	0.214529	0.6947
3628	0.216659	0.214523	0.6947
3629	0.216654	0.214517	0.6947
3630	0.216649	0.214512	0.6947
3631	0.216644	0.214506	0.6947
3632	0.216638	0.214500	0.6947
3633	0.216633	0.214495	0.6947
3634	0.216628	0.214489	0.6947
3635	0.216623	0.214483	0.6947
3636	0.216618	0.214478	0.6947
3637	0.216613	0.214472	0.6947
3638	0.216607	0.214466	0.6947
3639	0.216602	0.214461	0.6947
3640	0.216597	0.214455	0.6947
3641	0.216592	0.214449	0.6947
3642	0.216587	0.214444	0.6947
3643	0.216582	0.214438	0.6947
3644	0.216577	0.214432	0.6947
3645	0.216572	0.214427	0.6947
3646	0.216567	0.214421	0.6947
3647	0.216562	0.214416	0.6947
3648	0.216557	0.214410	0.6947
3649	0.216551	0.214405	0.6947
3650	0.216546	0.214399	0.6947
3651	0.216541	0.214394	0.6947
3652	0.216536	0.214388	0.6947
3653	0.216531	0.214382	0.6947
3654	0.216526	0.214377	0.6947
3655	0.216521	0.214371	0.6947
3656	0.216516	0.214366	0.6947
3657	0.216511	0.214360	0.6947
3658	0.216506	0.214355	0.6947
3659	0.216501	0.214349	0.6947
3660	0.216496	0.214344	0.6947
3661	0.216491	0.214339	0.6947
3662	0.216487	0.214333	0.6947
3663	0.216482	0.214328	0.6947
3664	0.216477	0.214322	0.6947
3665	0.216472	0.214317	0.6947
3666	0.216467	0.214311	0.6947
3667	0.216462	0.214306	0.6947
3668	0.216457	0.214301	0.6947
3669	0.216452	0.214295	0.6947
3670	0.216447	0.214290	0.6947
3671	0.216442	0.214284	0.6947
3672	0.216437	0.214279	0.6947
3673	0.216433	0.214274	0.6947
3674	0.216428	0.214268	0.6947
3675	0.216423	0.214263	0.6947
3676	0.216418	0.214258	0.6947
3677	0.216413	0.214252	0.6947
3678	0.216408	0.214247	0.6947
3679	0.216404	0.214242	0.6947
3680	0.216399	0.214236	0.6947
3681	0.216394	0.214231	0.6947
3682	0.216389	0.214226	0.6947
3683	0.216384	0.214220	0.6947
3684	0.216380	0.214215	0.6947
3685	0.216375	0.214210	0.6947
3686	0.216370	0.214205	0.6947
3687	0.216365	0.214199	0.6947
3688	0.216361	0.214194	0.6947
3689	0.216356	0.214189	0.6947
3690	0.216351	0.214184	0.6947
3691	0.216346	0.214178	0.6947
3692	0.216342	0.214173	0.6947
3693	0.216337	0.214168	0.6947
3694	0.216332	0.214163	0.6947
3695	0.216328	0.214158	0.6947
3696	0.216323	0.214152	0.6947
3697	0.216318	0.214147	0.6947
3698	0.216314	0.214142	0.6947
3699	0.216309	0.214137	0.6947
3700	0.216304	0.214132	0.6947
3701	0.216300	0.214127	0.6947
3702	0.216295	0.214122	0.6947
3703	0.216290	0.214116	0.6947
3704	0.216286	0.214111	0.6947
3705	0.216281	0.214106	0.6947
3706	0.216276	0.214101	0.6947
3707	0.216272	0.214096	0.6947
3708	0.216267	0.214091	0.6947
3709	0.216263	0.214086	0.6947
3710	0.216258	0.214081	0.6947
3711	0.216253	0.214076	0.6947
3712	0.216249	0.214071	0.6947
3713	0.216244	0.214066	0.6947
3714	0.216240	0.214060	0.6947
3715	0.216235	0.214055	0.6947
3716	0.216231	0.214050	0.6947
3717	0.216226	0.214045	0.6947
3718	0.216222	0.214040	0.6947
3719	0.216217	0.214035	0.6947
3720	0.216213	0.214030	0.6947
3721	0.216208	0.214025	0.6947
3722	0.216204	0.214020	0.6947
3723	0.216199	0.214015	0.6947
3724	0.216195	0.214010	0.6947
3725	0.216190	0.214006	0.6947
3726	0.216186	0.214001	0.6947
3727	0.216181	0.213996	0.6947
3728	0.216177	0.213991	0.6947
3729	0.216172	0.213986	0.6947
3730	0.216168	0.213981	0.6947
3731	0.216163	0.213976	0.6947
3732	0.216159	0.213971	0.6947
3733	0.216155	0.213966	0.6947
3734	0.216150	0.213961	0.6947
3735	0.216146	0.213956	0.6947
3736	0.216141	0.213951	0.6947
3737	0.216137	0.213947	0.6947
3738	0.216133	0.213942	0.6947
3739	0.216128	0.213937	0.6947
3740	0.216124	0.213932	0.6947
3741	0.216120	0.213927	0.6947
3742	0.216115	0.213922	0.6947
3743	0.216111	0.213918	0.6947
3744	0.216107	0.213913	0.6947
3745	0.216102	0.213908	0.6947
3746	0.216098	0.213903	0.6947
3747	0.216094	0.213898	0.6947
3748	0.216089	0.213894	0.6947
3749	0.216085	0.213889	0.6947
3750	0.216081	0.213884	0.6947
3751	0.216076	0.213879	0.6947
3752	0.216072	0.213874	0.6947
3753	0.216068	0.213870	0.6947
3754	0.216064	0.213865	0.6947
3755	0.216059	0.213860	0.6947
3756	0.216055	0.213855	0.6947
3757	0.216051	0.213851	0.6947
3758	0.216047	0.213846	0.6947
3759	0.216042	0.213841	0.6947
3760	0.216038	0.213837	0.6947
3761	0.216034	0.213832	0.6947
3762	0.216030	0.213827	0.6947
3763	0.216026	0.213823	0.6947
3764	0.216021	0.213818	0.6947
3765	0.216017	0.213813	0.6947
3766	0.216013	0.213809	0.6947
3767	0.216009	0.213804	0.6947
3768	0.216005	0.213799	0.6947
3769	0.216000	0.213795	0.6947
3770	0.215996	0.213790	0.6947
3771	0.215992	0.213785	0.6947
3772	0.215988	0.213781	0.6947
3773	0.215984	0.213776	0.6947
3774	0.215980	0.213772	0.6947
3775	0.215976	0.213767	0.6947
3776	0.215971	0.213762	0.6947
3777	0.215967	0.213758	0.6947
3778	0.215963	0.213753	0.6947
3779	0.215959	0.213749	0.6947
3780	0.215955	0.213744	0.6947
3781	0.215951	0.213740	0.6947
3782	0.215947	0.213735	0.6947
3783	0.215943	0.213730	0.6947
3784	0.215939	0.213726	0.6947
3785	0.215935	0.213721	0.6947
3786	0.215931	0.213717	0.6947
3787	0.215927	0.213712	0.6947
3788	0.215923	0.213708	0.6947
3789	0.215919	0.213703	0.6947
3790	0.215915	0.213699	0.6947
3791	0.215911	0.213694	0.6947
3792	0.215907	0.213690	0.6947
3793	0.215903	0.213685	0.6947
3794	0.215899	0.213681	0.6947
3795	0.215895	0.213677	0.6947
3796	0.215891	0.213672	0.6947
3797	0.215887	0.213668	0.6947
3798	0.215883	0.213663	0.6947
3799	0.215879	0.213659	0.6947
3800	0.215875	0.213654	0.6947
3801	0.215871	0.213650	0.6947
3802	0.215867	0.213646	0.6947
3803	0.215863	0.213641	0.6947
3804	0.215859	0.213637	0.6947
3805	0.215855	0.213632	0.6947
3806	0.215851	0.213628	0.6947
3807	0.215847	0.213624	0.6947
3808	0.215843	0.213619	0.6947
3809	0.215839	0.213615	0.6947
3810	0.215836	0.213610	0.6947
3811	0.215832	0.213606	0.6947
3812	0.215828	0.213602	0.6947
3813	0.215824	0.213597	0.6947
3814	0.215820	0.213593	0.6947
3815	0.215816	0.213589	0.6947
3816	0.215812	0.213585	0.6947
3817	0.215809	0.213580	0.6947
3818	0.215805	0.213576	0.6947
3819	0.215801	0.213572	0.6947
3820	0.215797	0.213567	0.6947
3821	0.215793	0.213563	0.6947
3822	0.215789	0.213559	0.6947
3823	0.215786	0.213555	0.6947
3824	0.215782	0.213550	0.6947
3825	0.215778	0.213546	0.6947
3826	0.215774	0.213542	0.6947
3827	0.215770	0.213538	0.6947
3828	0.215767	0.213533	0.6947
3829	0.215763	0.213529	0.6947
3830	0.215759	0.213525	0.6947
3831	0.215755	0.213521	0.6947
3832	0.215752	0.213516	0.6947
3833	0.215748	0.213512	0.6947
3834	0.215744	0.213508	0.6947
3835	0.215740	0.213504	0.6947
3836	0.215737	0.213500	0.6947
3837	0.215733	0.213496	0.6947
3838	0.215729	0.213491	0.6947
3839	0.215726	0.213487	0.6947
3840	0.215722	0.213483	0.6947
3841	0.215718	0.213479	0.6947
3842	0.215714	0.213475	0.6947
3843	0.215711	0.213471	0.6947
3844	0.215707	0.213466	0.6947
3845	0.215703	0.213462	0.6947
3846	0.215700	0.213458	0.6947
3847	0.215696	0.213454	0.6947
3848	0.215692	0.213450	0.6947
3849	0.215689	0.213446	0.6947
3850	0.215685	0.213442	0.6947
3851	0.215682	0.213438	0.6947
3852	0.215678	0.213434	0.6947
3853	0.215674	0.213430	0.6947
3854	0.215671	0.213426	0.6947
3855	0.215667	0.213422	0.6947
3856	0.215664	0.213417	0.6947
3857	0.215660	0.213413	0.6947
3858	0.215656	0.213409	0.6947
3859	0.215653	0.213405	0.6947
3860	0.215649	0.213401	0.6947
3861	0.215646	0.213397	0.6947
3862	0.215642	0.213393	0.6947
3863	0.215638	0.213389	0.6947
3864	0.215635	0.213385	0.6947
3865	0.215631	0.213381	0.6947
3866	0.215628	0.213377	0.6947
3867	0.215624	0.213373	0.6947
3868	0.215621	0.213369	0.6947
3869	0.215617	0.213365	0.6947
3870	0.215614	0.213361	0.6947
3871	0.215610	0.213357	0.6947
3872	0.215607	0.213354	0.6947
3873	0.215603	0.213350	0.6947
3874	0.215600	0.213346	0.6947
3875	0.215596	0.213342	0.6947
3876	0.215593	0.213338	0.6947
3877	0.215589	0.213334	0.6947
3878	0.215586	0.213330	0.6947
3879	0.215582	0.213326	0.6947
3880	0.215579	0.213322	0.6947
3881	0.215575	0.213318	0.6947
3882	0.215572	0.213314	0.6947
3883	0.215569	0.213311	0.6947
3884	0.215565	0.213307	0.6947
3885	0.215562	0.213303	0.6947
3886	0.215558	0.213299	0.6947
3887	0.215555	0.213295	0.6947
3888	0.215551	0.213291	0.6947
3889	0.215548	0.213287	0.6947
3890	0.215545	0.213284	0.6947
3891	0.215541	0.213280	0.6947
3892	0.215538	0.213276	0.6947
3893	0.215535	0.213272	0.6947
3894	0.215531	0.213268	0.6947
3895	0.215528	0.213264	0.6947
3896	0.215524	0.213261	0.6947
3897	0.215521	0.213257	0.6947
3898	0.215518	0.213253	0.6947
3899	0.215514	0.213249	0.6947
3900	0.215511	0.213246	0.6947
3901	0.215508	0.213242	0.6947
3902	0.215504	0.213238	0.6947
3903	0.215501	0.213234	0.6947
3904	0.215498	0.213230	0.6947
3905	0.215494	0.213227	0.6947
3906	0.215491	0.213223	0.6947
3907	0.215488	0.213219	0.6947
3908	0.215484	0.213216	0.6947
3909	0.215481	0.213212	0.6947
3910	0.215478	0.213208	0.6947
3911	0.215475	0.213204	0.6947
3912	0.215471	0.213201	0.6947
3913	0.215468	0.213197	0.6947
3914	0.215465	0.213193	0.6947
3915	0.215462	0.213190	0.6947
3916	0.215458	0.213186	0.6947
3917	0.215455	0.213182	0.6947
3918	0.215452	0.213179	0.6947
3919	0.215449	0.213175	0.6947
3920	0.215445	0.213171	0.6947
3921	0.215442	0.213168	0.6947
3922	0.215439	0.213164	0.6947
3923	0.215436	0.213160	0.6947
3924	0.215432	0.213157	0.6947
3925	0.215429	0.213153	0.6947
3926	0.215426	0.213149	0.6947
3927	0.215423	0.213146	0.6947
3928	0.215420	0.213142	0.6947
3929	0.215417	0.213139	0.6947
3930	0.215413	0.213135	0.6947
3931	0.215410	0.213131	0.6947
3932	0.215407	0.213128	0.6947
3933	0.215404	0.213124	0.6947
3934	0.215401	0.213121	0.6947
3935	0.215398	0.213117	0.6947
3936	0.215394	0.213114	0.6947
3937	0.215391	0.213110	0.6947
3938	0.215388	0.213106	0.6947
3939	0.215385	0.213103	0.6947
3940	0.215382	0.213099	0.6947
3941	0.215379	0.213096	0.6947
3942	0.215376	0.213092	0.6947
3943	0.215373	0.213089	0.6947
3944	0.215369	0.213085	0.6947
3945	0.215366	0.213082	0.6947
3946	0.215363	0.213078	0.6947
3947	0.215360	0.213075	0.6947
3948	0.215357	0.213071	0.6947
3949	0.215354	0.213068	0.6947
3950	0.215351	0.213064	0.6947
3951	0.215348	0.213061	0.6947
3952	0.215345	0.213057	0.6947
3953	0.215342	0.213054	0.6947
3954	0.215339	0.213050	0.6947
3955	0.215336	0.213047	0.6947
3956	0.215333	0.213043	0.6947
3957	0.215330	0.213040	0.6947
3958	0.215327	0.213037	0.6947
3959	0.215324	0.213033	0.6947
3960	0.215321	0.213030	0.6947
3961	0.215318	0.213026	0.6947
3962	0.215315	0.213023	0.6947
3963	0.215312	0.213019	0.6947
3964	0.215309	0.213016	0.6947
3965	0.215306	0.213013	0.6947
3966	0.215303	0.213009	0.6947
3967	0.215300	0.213006	0.6947
3968	0.215297	0.213002	0.6947
3969	0.215294	0.212999	0.6947
3970	0.215291	0.212996	0.6947
3971	0.215288	0.212992	0.6947
3972	0.215285	0.212989	0.6947
3973	0.215282	0.212986	0.6947
3974	0.215279	0.212982	0.6947
3975	0.215276	0.212979	0.6947
3976	0.215273	0.212976	0.6947
3977	0.215270	0.212972	0.6947
3978	0.215267	0.212969	0.6947
3979	0.215264	0.212966	0.6947
3980	0.215261	0.212962	0.6947
3981	0.215258	0.212959	0.6947
3982	0.215256	0.212956	0.6947
3983	0.215253	0.212952	0.6947
3984	0.215250	0.212949	0.6947
3985	0.215247	0.212946	0.6947
3986	0.215244	0.212942	0.6947
3987	0.215241	0.212939	0.6947
3988	0.215238	0.212936	0.6947
3989	0.215235	0.212933	0.6947
3990	0.215232	0.212929	0.6947
3991	0.215230	0.212926	0.6947
3992	0.215227	0.212923	0.6947
3993	0.215224	0.212920	0.6947
3994	0.215221	0.212916	0.6947
3995	0.215218	0.212913	0.6947
3996	0.215215	0.212910	0.6947
3997	0.215213	0.212907	0.6947
3998	0.215210	0.212903	0.6947
3999	0.215207	0.212900	0.6947
4000	0.215204	0.212897	0.6947
4001	0.215201	0.212894	0.6947
4002	0.215198	0.212891	0.6947
4003	0.215196	0.212887	0.6947
4004	0.215193	0.212884	0.6947
4005	0.215190	0.212881	0.6947
4006	0.215187	0.212878	0.6947
4007	0.215184	0.212875	0.6947
4008	0.215182	0.212871	0.6947
4009	0.215179	0.212868	0.6947
4010	0.215176	0.212865	0.6947
4011	0.215173	0.212862	0.6947
4012	0.215171	0.212859	0.6947
4013	0.215168	0.212856	0.6947
4014	0.215165	0.212853	0.6947
4015	0.215162	0.212849	0.6947
4016	0.215160	0.212846	0.6947
4017	0.215157	0.212843	0.6947
4018	0.215154	0.212840	0.6947
4019	0.215151	0.212837	0.6947
4020	0.215149	0.212834	0.6947
4021	0.215146	0.212831	0.6947
4022	0.215143	0.212828	0.6947
4023	0.215141	0.212825	0.6947
4024	0.215138	0.212821	0.6947
4025	0.215135	0.212818	0.6947
4026	0.215133	0.212815	0.6947
4027	0.215130	0.212812	0.6947
4028	0.215127	0.212809	0.6947
4029	0.215124	0.212806	0.6947
4030	0.215122	0.212803	0.6947
4031	0.215119	0.212800	0.6947
4032	0.215116	0.212797	0.6947
4033	0.215114	0.212794	0.6947
4034	0.215111	0.212791	0.6947
4035	0.215109	0.212788	0.6947
4036	0.215106	0.212785	0.6947
4037	0.215103	0.212782	0.6947
4038	0.215101	0.212779	0.6947
4039	0.215098	0.212776	0.6947
4040	0.215095	0.212773	0.6947
4041	0.215093	0.212770	0.6947
4042	0.215090	0.212767	0.6947
4043	0.215087	0.212764	0.6947
4044	0.215085	0.212761	0.6947
4045	0.215082	0.212758	0.6947
4046	0.215080	0.212755	0.6947
4047	0.215077	0.212752	0.6947
4048	0.215074	0.212749	0.6947
4049	0.215072	0.212746	0.6947
4050	0.215069	0.212743	0.6947
4051	0.215067	0.212740	0.6947
4052	0.215064	0.212737	0.6947
4053	0.215062	0.212734	0.6947
4054	0.215059	0.212731	0.6947
4055	0.215056	0.212728	0.6947
4056	0.215054	0.212725	0.6947
4057	0.215051	0.212722	0.6947
4058	0.215049	0.212719	0.6947
4059	0.215046	0.212716	0.6947
4060	0.215044	0.212713	0.6947
4061	0.215041	0.212711	0.6947
4062	0.215039	0.212708	0.6947
4063	0.215036	0.212705	0.6949
4064	0.215034	0.212702	0.6949
4065	0.215031	0.212699	0.6949
4066	0.215029	0.212696	0.6949
4067	0.215026	0.212693	0.6949
4068	0.215024	0.212690	0.6949
4069	0.215021	0.212687	0.6949
4070	0.215019	0.212685	0.6949
4071	0.215016	0.212682	0.6949
4072	0.215014	0.212679	0.6949
4073	0.215011	0.212676	0.6949
4074	0.215009	0.212673	0.6949
4075	0.215006	0.212670	0.6949
4076	0.215004	0.212667	0.6949
4077	0.215001	0.212665	0.6949
4078	0.214999	0.212662	0.6949
4079	0.214996	0.212659	0.6949
4080	0.214994	0.212656	0.6949
4081	0.214991	0.212653	0.6949
4082	0.214989	0.212651	0.6949
4083	0.214986	0.212648	0.6949
4084	0.214984	0.212645	0.6949
4085	0.214982	0.212642	0.6949
4086	0.214979	0.212639	0.6949
4087	0.214977	0.212637	0.6949
4088	0.214974	0.212634	0.6949
4089	0.214972	0.212631	0.6949
4090	0.214970	0.212628	0.6949
4091	0.214967	0.212625	0.6949
4092	0.214965	0.212623	0.6949
4093	0.214962	0.212620	0.6949
4094	0.214960	0.212617	0.6949
4095	0.214958	0.212614	0.6949
4096	0.214955	0.212612	0.6949
4097	0.214953	0.212609	0.6949
4098	0.214950	0.212606	0.6949
4099	0.214948	0.212603	0.6949
4100	0.214946	0.212601	0.6949
4101	0.214943	0.212598	0.6949
4102	0.214941	0.212595	0.6949
4103	0.214939	0.212593	0.6949
4104	0.214936	0.212590	0.6949
4105	0.214934	0.212587	0.6949
4106	0.214931	0.212584	0.6949
4107	0.214929	0.212582	0.6949
4108	0.214927	0.212579	0.6949
4109	0.214924	0.212576	0.6949
4110	0.214922	0.212574	0.6949
4111	0.214920	0.212571	0.6949
4112	0.214918	0.212568	0.6949
4113	0.214915	0.212566	0.6949
4114	0.214913	0.212563	0.6949
4115	0.214911	0.212560	0.6949
4116	0.214908	0.212558	0.6949
4117	0.214906	0.212555	0.6949
4118	0.214904	0.212552	0.6949
4119	0.214901	0.212550	0.6949
4120	0.214899	0.212547	0.6949
4121	0.214897	0.212544	0.6949
4122	0.214895	0.212542	0.6949
4123	0.214892	0.212539	0.6949
4124	0.214890	0.212536	0.6949
4125	0.214888	0.212534	0.6949
4126	0.214885	0.212531	0.6949
4127	0.214883	0.212529	0.6949
4128	0.214881	0.212526	0.6949
4129	0.214879	0.212523	0.6949
4130	0.214876	0.212521	0.6949
4131	0.214874	0.212518	0.6949
4132	0.214872	0.212516	0.6949
4133	0.214870	0.212513	0.6949
4134	0.214867	0.212510	0.6949
4135	0.214865	0.212508	0.6949
4136	0.214863	0.212505	0.6949
4137	0.214861	0.212503	0.6949
4138	0.214859	0.212500	0.6949
4139	0.214856	0.212498	0.6949
4140	0.214854	0.212495	0.6949
4141	0.214852	0.212493	0.6949
4142	0.214850	0.212490	0.6949
4143	0.214847	0.212487	0.6949
4144	0.214845	0.212485	0.6949
4145	0.214843	0.212482	0.6949
4146	0.214841	0.212480	0.6949
4147	0.214839	0.212477	0.6949
4148	0.214837	0.212475	0.6949
4149	0.214834	0.212472	0.6949
4150	0.214832	0.212470	0.6949
4151	0.214830	0.212467	0.6949
4152	0.214828	0.212465	0.6949
4153	0.214826	0.212462	0.6949
4154	0.214824	0.212460	0.6949
4155	0.214821	0.212457	0.6949
4156	0.214819	0.212455	0.6949
4157	0.214817	0.212452	0.6949
4158	0.214815	0.212450	0.6949
4159	0.214813	0.212447	0.6949
4160	0.214811	0.212445	0.6949
4161	0.214809	0.212442	0.6949
4162	0.214806	0.212440	0.6949
4163	0.214804	0.212437	0.6949
4164	0.214802	0.212435	0.6949
4165	0.214800	0.212432	0.6949
4166	0.214798	0.212430	0.6949
4167	0.214796	0.212428	0.6949
4168	0.214794	0.212425	0.6949
4169	0.214792	0.212423	0.6949
4170	0.214789	0.212420	0.6949
4171	0.214787	0.212418	0.6949
4172	0.214785	0.212415	0.6949
4173	0.214783	0.212413	0.6949
4174	0.214781	0.212411	0.6949
4175	0.214779	0.212408	0.6949
4176	0.214777	0.212406	0.6949
4177	0.214775	0.212403	0.6949
4178	0.214773	0.212401	0.6949
4179	0.214771	0.212399	0.6949
4180	0.214769	0.212396	0.6949
4181	0.214767	0.212394	0.6949
4182	0.214765	0.212391	0.6949
4183	0.214763	0.212389	0.6949
4184	0.214760	0.212387	0.6949
4185	0.214758	0.212384	0.6949
4186	0.214756	0.212382	0.6949
4187	0.214754	0.212379	0.6949
4188	0.214752	0.212377	0.6949
4189	0.214750	0.212375	0.6949
4190	0.214748	0.212372	0.6949
4191	0.214746	0.212370	0.6949
4192	0.214744	0.212368	0.6949
4193	0.214742	0.212365	0.6949
4194	0.214740	0.212363	0.6949
4195	0.214738	0.212361	0.6949
4196	0.214736	0.212358	0.6949
4197	0.214734	0.212356	0.6949
4198	0.214732	0.212354	0.6949
4199	0.214730	0.212351	0.6949
4200	0.214728	0.212349	0.6949
4201	0.214726	0.212347	0.6949
4202	0.214724	0.212344	0.6949
4203	0.214722	0.212342	0.6949
4204	0.214720	0.212340	0.6949
4205	0.214718	0.212337	0.6949
4206	0.214716	0.212335	0.6949
4207	0.214714	0.212333	0.6949
4208	0.214712	0.212331	0.6949
4209	0.214710	0.212328	0.6949
4210	0.214708	0.212326	0.6949
4211	0.214706	0.212324	0.6949
4212	0.214704	0.212321	0.6949
4213	0.214703	0.212319	0.6949
4214	0.214701	0.212317	0.6949
4215	0.214699	0.212315	0.6949
4216	0.214697	0.212312	0.6949
4217	0.214695	0.212310	0.6949
4218	0.214693	0.212308	0.6949
4219	0.214691	0.212306	0.6949
4220	0.214689	0.212303	0.6949
4221	0.214687	0.212301	0.6949
4222	0.214685	0.212299	0.6949
4223	0.214683	0.212297	0.6949
4224	0.214681	0.212294	0.6949
4225	0.214679	0.212292	0.6949
4226	0.214677	0.212290	0.6949
4227	0.214676	0.212288	0.6949
4228	0.214674	0.212286	0.6949
4229	0.214672	0.212283	0.6949
4230	0.214670	0.212281	0.6949
4231	0.214668	0.212279	0.6949
4232	0.214666	0.212277	0.6949
4233	0.214664	0.212275	0.6949
4234	0.214662	0.212272	0.6949
4235	0.214660	0.212270	0.6949
4236	0.214659	0.212268	0.6949
4237	0.214657	0.212266	0.6949
4238	0.214655	0.212264	0.6949
4239	0.214653	0.212261	0.6949
4240	0.214651	0.212259	0.6949
4241	0.214649	0.212257	0.6949
4242	0.214647	0.212255	0.6949
4243	0.214646	0.212253	0.6949
4244	0.214644	0.212251	0.6949
4245	0.214642	0.212249	0.6949
4246	0.214640	0.212246	0.6949
4247	0.214638	0.212244	0.6949
4248	0.214636	0.212242	0.6949
4249	0.214635	0.212240	0.6949
4250	0.214633	0.212238	0.6949
4251	0.214631	0.212236	0.6949
4252	0.214629	0.212234	0.6949
4253	0.214627	0.212231	0.6949
4254	0.214625	0.212229	0.6949
4255	0.214624	0.212227	0.6949
4256	0.214622	0.212225	0.6949
4257	0.214620	0.212223	0.6949
4258	0.214618	0.212221	0.6949
4259	0.214616	0.212219	0.6949
4260	0.214615	0.212217	0.6949
4261	0.214613	0.212215	0.6949
4262	0.214611	0.212212	0.6949
4263	0.214609	0.212210	0.6949
4264	0.214607	0.212208	0.6949
4265	0.214606	0.212206	0.6949
4266	0.214604	0.212204	0.6949
4267	0.214602	0.212202	0.6949
4268	0.214600	0.212200	0.6949
4269	0.214599	0.212198	0.6949
4270	0.214597	0.212196	0.6949
4271	0.214595	0.212194	0.6949
4272	0.214593	0.212192	0.6949
4273	0.214592	0.212190	0.6949
4274	0.214590	0.212188	0.6949
4275	0.214588	0.212185	0.6949
4276	0.214586	0.212183	0.6949
4277	0.214585	0.212181	0.6949
4278	0.214583	0.212179	0.6949
4279	0.214581	0.212177	0.6949
4280	0.214579	0.212175	0.6949
4281	0.214578	0.212173	0.6949
4282	0.214576	0.212171	0.6949
4283	0.214574	0.212169	0.6949
4284	0.214572	0.212167	0.6949
4285	0.214571	0.212165	0.6949
4286	0.214569	0.212163	0.6949
4287	0.214567	0.212161	0.6949
4288	0.214565	0.212159	0.6949
4289	0.214564	0.212157	0.6949
4290	0.214562	0.212155	0.6949
4291	0.214560	0.212153	0.6949
4292	0.214559	0.212151	0.6949
4293	0.214557	0.212149	0.6949
4294	0.214555	0.212147	0.6949
4295	0.214554	0.212145	0.6949
4296	0.214552	0.212143	0.6949
4297	0.214550	0.212141	0.6949
4298	0.214549	0.212139	0.6949
4299	0.214547	0.212137	0.6949
4300	0.214545	0.212135	0.6949
4301	0.214543	0.212133	0.6949
4302	0.214542	0.212131	0.6949
4303	0.214540	0.212129	0.6949
4304	0.214538	0.212127	0.6949
4305	0.214537	0.212125	0.6949
4306	0.214535	0.212123	0.6949
4307	0.214534	0.212122	0.6949
4308	0.214532	0.212120	0.6949
4309	0.214530	0.212118	0.6949
4310	0.214529	0.212116	0.6949
4311	0.214527	0.212114	0.6949
4312	0.214525	0.212112	0.6949
4313	0.214524	0.212110	0.6949
4314	0.214522	0.212108	0.6949
4315	0.214520	0.212106	0.6949
4316	0.214519	0.212104	0.6949
4317	0.214517	0.212102	0.6949
4318	0.214515	0.212100	0.6949
4319	0.214514	0.212098	0.6949
4320	0.214512	0.212096	0.6949
4321	0.214511	0.212095	0.6949
4322	0.214509	0.212093	0.6949
4323	0.214507	0.212091	0.6949
4324	0.214506	0.212089	0.6949
4325	0.214504	0.212087	0.6949
4326	0.214503	0.212085	0.6949
4327	0.214501	0.212083	0.6949
4328	0.214499	0.212081	0.6949
4329	0.214498	0.212079	0.6949
4330	0.214496	0.212078	0.6949
4331	0.214495	0.212076	0.6949
4332	0.214493	0.212074	0.6949
4333	0.214491	0.212072	0.6949
4334	0.214490	0.212070	0.6949
4335	0.214488	0.212068	0.6949
4336	0.214487	0.212066	0.6949
4337	0.214485	0.212065	0.6949
4338	0.214484	0.212063	0.6949
4339	0.214482	0.212061	0.6949
4340	0.214480	0.212059	0.6949
4341	0.214479	0.212057	0.6949
4342	0.214477	0.212055	0.6949
4343	0.214476	0.212053	0.6949
4344	0.214474	0.212052	0.6949
4345	0.214473	0.212050	0.6949
4346	0.214471	0.212048	0.6949
4347	0.214469	0.212046	0.6949
4348	0.214468	0.212044	0.6949
4349	0.214466	0.212043	0.6949
4350	0.214465	0.212041	0.6949
4351	0.214463	0.212039	0.6949
4352	0.214462	0.212037	0.6949
4353	0.214460	0.212035	0.6949
4354	0.214459	0.212033	0.6949
4355	0.214457	0.212032	0.6949
4356	0.214456	0.212030	0.6949
4357	0.214454	0.212028	0.6949
4358	0.214453	0.212026	0.6949
4359	0.214451	0.212024	0.6949
4360	0.214450	0.212023	0.6949
4361	0.214448	0.212021	0.6949
4362	0.214447	0.212019	0.6949
4363	0.214445	0.212017	0.6949
4364	0.214444	0.212016	0.6949
4365	0.214442	0.212014	0.6949
4366	0.214441	0.212012	0.6949
4367	0.214439	0.212010	0.6949
4368	0.214438	0.212008	0.6949
4369	0.214436	0.212007	0.6949
4370	0.214435	0.212005	0.6949
4371	0.214433	0.212003	0.6949
4372	0.214432	0.212001	0.6949
4373	0.214430	0.212000	0.6949
4374	0.214429	0.211998	0.6949
4375	0.214427	0.211996	0.6949
4376	0.214426	0.211994	0.6949
4377	0.214424	0.211993	0.6949
4378	0.214423	0.211991	0.6949
4379	0.214421	0.211989	0.6949
4380	0.214420	0.211988	0.6949
4381	0.214418	0.211986	0.6949
4382	0.214417	0.211984	0.6949
4383	0.214416	0.211982	0.6949
4384	0.214414	0.211981	0.6949
4385	0.214413	0.211979	0.6949
4386	0.214411	0.211977	0.6949
4387	0.214410	0.211975	0.6949
4388	0.214408	0.211974	0.6949
4389	0.214407	0.211972	0.6949
4390	0.214405	0.211970	0.6949
4391	0.214404	0.211969	0.6949
4392	0.214403	0.211967	0.6949
4393	0.214401	0.211965	0.6949
4394	0.214400	0.211964	0.6949
4395	0.214398	0.211962	0.6949
4396	0.214397	0.211960	0.6949
4397	0.214395	0.211959	0.6949
4398	0.214394	0.211957	0.6949
4399	0.214393	0.211955	0.6949
4400	0.214391	0.211954	0.6949
4401	0.214390	0.211952	0.6949
4402	0.214388	0.211950	0.6949
4403	0.214387	0.211948	0.6949
4404	0.214386	0.211947	0.6949
4405	0.214384	0.211945	0.6949
4406	0.214383	0.211944	0.6949
4407	0.214381	0.211942	0.6949
4408	0.214380	0.211940	0.6949
4409	0.214379	0.211939	0.6949
4410	0.214377	0.211937	0.6949
4411	0.214376	0.211935	0.6949
4412	0.214374	0.211934	0.6949
4413	0.214373	0.211932	0.6949
4414	0.214372	0.211930	0.6949
4415	0.214370	0.211929	0.6949
4416	0.214369	0.211927	0.6949
4417	0.214367	0.211925	0.6949
4418	0.214366	0.211924	0.6949
4419	0.214365	0.211922	0.6949
4420	0.214363	0.211921	0.6949
4421	0.214362	0.211919	0.6949
4422	0.214361	0.211917	0.6949
4423	0.214359	0.211916	0.6949
4424	0.214358	0.211914	0.6949
4425	0.214357	0.211912	0.6949
4426	0.214355	0.211911	0.6949
4427	0.214354	0.211909	0.6949
4428	0.214353	0.211908	0.6949
4429	0.214351	0.211906	0.6949
4430	0.214350	0.211904	0.6949
4431	0.214349	0.211903	0.6949
4432	0.214347	0.211901	0.6949
4433	0.214346	0.211900	0.6949
4434	0.214345	0.211898	0.6949
4435	0.214343	0.211897	0.6949
4436	0.214342	0.211895	0.6949
4437	0.214341	0.211893	0.6949
4438	0.214339	0.211892	0.6949
4439	0.214338	0.211890	0.6949
4440	0.214337	0.211889	0.6949
4441	0.214335	0.211887	0.6949
4442	0.214334	0.211886	0.6949
4443	0.214333	0.211884	0.6949
4444	0.214331	0.211882	0.6949
4445	0.214330	0.211881	0.6949
4446	0.214329	0.211879	0.6949
4447	0.214327	0.211878	0.6949
4448	0.214326	0.211876	0.6949
4449	0.214325	0.211875	0.6949
4450	0.214324	0.211873	0.6949
4451	0.214322	0.211872	0.6949
4452	0.214321	0.211870	0.6949
4453	0.214320	0.211868	0.6949
4454	0.214318	0.211867	0.6949
4455	0.214317	0.211865	0.6949
4456	0.214316	0.211864	0.6949
4457	0.214314	0.211862	0.6949
4458	0.214313	0.211861	0.6949
4459	0.214312	0.211859	0.6949
4460	0.214311	0.211858	0.6949
4461	0.214309	0.211856	0.6949
4462	0.214308	0.211855	0.6949
4463	0.214307	0.211853	0.6949
4464	0.214306	0.211852	0.6949
4465	0.214304	0.211850	0.6949
4466	0.214303	0.211849	0.6949
4467	0.214302	0.211847	0.6949
4468	0.214301	0.211846	0.6949
4469	0.214299	0.211844	0.6949
4470	0.214298	0.211843	0.6949
4471	0.214297	0.211841	0.6949
4472	0.214296	0.211840	0.6949
4473	0.214294	0.211838	0.6949
4474	0.214293	0.211837	0.6949
4475	0.214292	0.211835	0.6949
4476	0.214291	0.211834	0.6949
4477	0.214289	0.211832	0.6949
4478	0.214288	0.211831	0.6949
4479	0.214287	0.211829	0.6949
4480	0.214286	0.211828	0.6949
4481	0.214284	0.211826	0.6949
4482	0.214283	0.211825	0.6949
4483	0.214282	0.211823	0.6949
4484	0.214281	0.211822	0.6949
4485	0.214279	0.211820	0.6949
4486	0.214278	0.211819	0.6949
4487	0.214277	0.211818	0.6949
4488	0.214276	0.211816	0.6949
4489	0.214275	0.211815	0.6949
4490	0.214273	0.211813	0.6949
4491	0.214272	0.211812	0.6949
4492	0.214271	0.211810	0.6949
4493	0.214270	0.211809	0.6949
4494	0.214269	0.211807	0.6949
4495	0.214267	0.211806	0.6949
4496	0.214266	0.211805	0.6949
4497	0.214265	0.211803	0.6949
4498	0.214264	0.211802	0.6949
4499	0.214263	0.211800	0.6949
4500	0.214261	0.211799	0.6949
4501	0.214260	0.211797	0.6949
4502	0.214259	0.211796	0.6949
4503	0.214258	0.211795	0.6949
4504	0.214257	0.211793	0.6949
4505	0.214256	0.211792	0.6949
4506	0.214254	0.211790	0.6949
4507	0.214253	0.211789	0.6949
4508	0.214252	0.211788	0.6949
4509	0.214251	0.211786	0.6949
4510	0.214250	0.211785	0.6949
4511	0.214248	0.211783	0.6949
4512	0.214247	0.211782	0.6949
4513	0.214246	0.211780	0.6949
4514	0.214245	0.211779	0.6949
4515	0.214244	0.211778	0.6949
4516	0.214243	0.211776	0.6949
4517	0.214241	0.211775	0.6949
4518	0.214240	0.211774	0.6949
4519	0.214239	0.211772	0.6949
4520	0.214238	0.211771	0.6949
4521	0.214237	0.211769	0.6949
4522	0.214236	0.211768	0.6949
4523	0.214235	0.211767	0.6949
4524	0.214233	0.211765	0.6949
4525	0.214232	0.211764	0.6949
4526	0.214231	0.211763	0.6949
4527	0.214230	0.211761	0.6949
4528	0.214229	0.211760	0.6949
4529	0.214228	0.211758	0.6949
4530	0.214227	0.211757	0.6949
4531	0.214226	0.211756	0.6949
4532	0.214224	0.211754	0.6949
4533	0.214223	0.211753	0.6949
4534	0.214222	0.211752	0.6949
4535	0.214221	0.211750	0.6949
4536	0.214220	0.211749	0.6949
4537	0.214219	0.211748	0.6949
4538	0.214218	0.211746	0.6949
4539	0.214217	0.211745	0.6949
4540	0.214215	0.211744	0.6949
4541	0.214214	0.211742	0.6949
4542	0.214213	0.211741	0.6949
4543	0.214212	0.211740	0.6949
4544	0.214211	0.211738	0.6949
4545	0.214210	0.211737	0.6949
4546	0.214209	0.211736	0.6949
4547	0.214208	0.211734	0.6949
4548	0.214207	0.211733	0.6949
4549	0.214206	0.211732	0.6949
4550	0.214204	0.211730	0.6949
4551	0.214203	0.211729	0.6949
4552	0.214202	0.211728	0.6949
4553	0.214201	0.211726	0.6949
4554	0.214200	0.211725	0.6949
4555	0.214199	0.211724	0.6949
4556	0.214198	0.211722	0.6949
4557	0.214197	0.211721	0.6949
4558	0.214196	0.211720	0.6949
4559	0.214195	0.211719	0.6949
4560	0.214194	0.211717	0.6949
4561	0.214193	0.211716	0.6949
4562	0.214191	0.211715	0.6949
4563	0.214190	0.211713	0.6949
4564	0.214189	0.211712	0.6949
4565	0.214188	0.211711	0.6949
4566	0.214187	0.211710	0.6949
4567	0.214186	0.211708	0.6949
4568	0.214185	0.211707	0.6949
4569	0.214184	0.211706	0.6949
4570	0.214183	0.211704	0.6949
4571	0.214182	0.211703	0.6949
4572	0.214181	0.211702	0.6949
4573	0.214180	0.211701	0.6949
4574	0.214179	0.211699	0.6949
4575	0.214178	0.211698	0.6949
4576	0.214177	0.211697	0.6949
4577	0.214176	0.211696	0.6949
4578	0.214175	0.211694	0.6949
4579	0.214174	0.211693	0.6949
4580	0.214172	0.211692	0.6949
4581	0.214171	0.211690	0.6949
4582	0.214170	0.211689	0.6949
4583	0.214169	0.211688	0.6949
4584	0.214168	0.211687	0.6949
4585	0.214167	0.211685	0.6949
4586	0.214166	0.211684	0.6949
4587	0.214165	0.211683	0.6949
4588	0.214164	0.211682	0.6949
4589	0.214163	0.211681	0.6949
4590	0.214162	0.211679	0.6949
4591	0.214161	0.211678	0.6949
4592	0.214160	0.211677	0.6949
4593	0.214159	0.211676	0.6949
4594	0.214158	0.211674	0.6949
4595	0.214157	0.211673	0.6949
4596	0.214156	0.211672	0.6949
4597	0.214155	0.211671	0.6949
4598	0.214154	0.211669	0.6949
4599	0.214153	0.211668	0.6949
4600	0.214152	0.211667	0.6949
4601	0.214151	0.211666	0.6949
4602	0.214150	0.211665	0.6949
4603	0.214149	0.211663	0.6949
4604	0.214148	0.211662	0.6949
4605	0.214147	0.211661	0.6949
4606	0.214146	0.211660	0.6949
4607	0.214145	0.211659	0.6949
4608	0.214144	0.211657	0.6949
4609	0.214143	0.211656	0.6949
4610	0.214142	0.211655	0.6949
4611	0.214141	0.211654	0.6949
4612	0.214140	0.211653	0.6949
4613	0.214139	0.211651	0.6949
4614	0.214138	0.211650	0.6949
4615	0.214137	0.211649	0.6949
4616	0.214136	0.211648	0.6949
4617	0.214135	0.211647	0.6949
4618	0.214134	0.211645	0.6949
4619	0.214133	0.211644	0.6949
4620	0.214132	0.211643	0.6949
4621	0.214131	0.211642	0.6949
4622	0.214130	0.211641	0.6949
4623	0.214129	0.211640	0.6949
4624	0.214128	0.211638	0.6949
4625	0.214127	0.211637	0.6949
4626	0.214127	0.211636	0.6949
4627	0.214126	0.211635	0.6949
4628	0.214125	0.211634	0.6949
4629	0.214124	0.211633	0.6949
4630	0.214123	0.211631	0.6949
4631	0.214122	0.211630	0.6949
4632	0.214121	0.211629	0.6949
4633	0.214120	0.211628	0.6949
4634	0.214119	0.211627	0.6949
4635	0.214118	0.211626	0.6949
4636	0.214117	0.211624	0.6949
4637	0.214116	0.211623	0.6949
4638	0.214115	0.211622	0.6949
4639	0.214114	0.211621	0.6949
4640	0.214113	0.211620	0.6949
4641	0.214112	0.211619	0.6949
4642	0.214111	0.211618	0.6949
4643	0.214110	0.211616	0.6949
4644	0.214110	0.211615	0.6949
4645	0.214109	0.211614	0.6949
4646	0.214108	0.211613	0.6949
4647	0.214107	0.211612	0.6949
4648	0.214106	0.211611	0.6949
4649	0.214105	0.211610	0.6949
4650	0.214104	0.211609	0.6949
4651	0.214103	0.211607	0.6949
4652	0.214102	0.211606	0.6949
4653	0.214101	0.211605	0.6949
4654	0.214100	0.211604	0.6949
4655	0.214099	0.211603	0.6949
4656	0.214098	0.211602	0.6949
4657	0.214098	0.211601	0.6949
4658	0.214097	0.211600	0.6949
4659	0.214096	0.211599	0.6949
4660	0.214095	0.211597	0.6949
4661	0.214094	0.211596	0.6949
4662	0.214093	0.211595	0.6949
4663	0.214092	0.211594	0.6949
4664	0.214091	0.211593	0.6949
4665	0.214090	0.211592	0.6949
4666	0.214089	0.211591	0.6949
4667	0.214088	0.211590	0.6949
4668	0.214088	0.211589	0.6949
4669	0.214087	0.211588	0.6947
4670	0.214086	0.211586	0.6947
4671	0.214085	0.211585	0.6947
4672	0.214084	0.211584	0.6947
4673	0.214083	0.211583	0.6947
4674	0.214082	0.211582	0.6947
4675	0.214081	0.211581	0.6947
4676	0.214080	0.211580	0.6945
4677	0.214080	0.211579	0.6945
4678	0.214079	0.211578	0.6945
4679	0.214078	0.211577	0.6945
4680	0.214077	0.211576	0.6945
4681	0.214076	0.211575	0.6945
4682	0.214075	0.211573	0.6945
4683	0.214074	0.211572	0.6945
4684	0.214073	0.211571	0.6945
4685	0.214073	0.211570	0.6945
4686	0.214072	0.211569	0.6945
4687	0.214071	0.211568	0.6945
4688	0.214070	0.211567	0.6945
4689	0.214069	0.211566	0.6945
4690	0.214068	0.211565	0.6945
4691	0.214067	0.211564	0.6945
4692	0.214067	0.211563	0.6945
4693	0.214066	0.211562	0.6945
4694	0.214065	0.211561	0.6945
4695	0.214064	0.211560	0.6945
4696	0.214063	0.211559	0.6945
4697	0.214062	0.211558	0.6945
4698	0.214061	0.211557	0.6945
4699	0.214061	0.211556	0.6945
4700	0.214060	0.211555	0.6945
4701	0.214059	0.211553	0.6945
4702	0.214058	0.211552	0.6945
4703	0.214057	0.211551	0.6945
4704	0.214056	0.211550	0.6945
4705	0.214056	0.211549	0.6945
4706	0.214055	0.211548	0.6945
4707	0.214054	0.211547	0.6945
4708	0.214053	0.211546	0.6945
4709	0.214052	0.211545	0.6945
4710	0.214051	0.211544	0.6945
4711	0.214050	0.211543	0.6945
4712	0.214050	0.211542	0.6945
4713	0.214049	0.211541	0.6945
4714	0.214048	0.211540	0.6945
4715	0.214047	0.211539	0.6945
4716	0.214046	0.211538	0.6945
4717	0.214046	0.211537	0.6945
4718	0.214045	0.211536	0.6945
4719	0.214044	0.211535	0.6945
4720	0.214043	0.211534	0.6945
4721	0.214042	0.211533	0.6945
4722	0.214041	0.211532	0.6945
4723	0.214041	0.211531	0.6945
4724	0.214040	0.211530	0.6945
4725	0.214039	0.211529	0.6945
4726	0.214038	0.211528	0.6945
4727	0.214037	0.211527	0.6945
4728	0.214037	0.211526	0.6945
4729	0.214036	0.211525	0.6945
4730	0.214035	0.211524	0.6945
4731	0.214034	0.211523	0.6945
4732	0.214033	0.211522	0.6942
4733	0.214033	0.211521	0.6942
4734	0.214032	0.211520	0.6942
4735	0.214031	0.211519	0.6942
4736	0.214030	0.211518	0.6942
4737	0.214029	0.211517	0.6942
4738	0.214029	0.211516	0.6942
4739	0.214028	0.211515	0.6942
4740	0.214027	0.211514	0.6942
4741	0.214026	0.211513	0.6942
4742	0.214025	0.211512	0.6942
4743	0.214025	0.211511	0.6942
4744	0.214024	0.211510	0.6942
4745	0.214023	0.211509	0.6942
4746	0.214022	0.211508	0.6942
4747	0.214021	0.211507	0.6942
4748	0.214021	0.211506	0.6942
4749	0.214020	0.211505	0.6942
4750	0.214019	0.211505	0.6942
4751	0.214018	0.211504	0.6942
4752	0.214018	0.211503	0.6942
4753	0.214017	0.211502	0.6942
4754	0.214016	0.211501	0.6942
4755	0.214015	0.211500	0.6942
4756	0.214014	0.211499	0.6942
4757	0.214014	0.211498	0.6942
4758	0.214013	0.211497	0.6942
4759	0.214012	0.211496	0.6942
4760	0.214011	0.211495	0.6942
4761	0.214011	0.211494	0.6942
4762	0.214010	0.211493	0.6942
4763	0.214009	0.211492	0.6942
4764	0.214008	0.211491	0.6942
4765	0.214008	0.211490	0.6942
4766	0.214007	0.211489	0.6942
4767	0.214006	0.211488	0.6942
4768	0.214005	0.211487	0.6942
4769	0.214005	0.211487	0.6942
4770	0.214004	0.211486	0.6942
4771	0.214003	0.211485	0.6942
4772	0.214002	0.211484	0.6942
4773	0.214001	0.211483	0.6942
4774	0.214001	0.211482	0.6940
4775	0.214000	0.211481	0.6942
4776	0.213999	0.211480	0.6942
4777	0.213998	0.211479	0.6942
4778	0.213998	0.211478	0.6942
4779	0.213997	0.211477	0.6942
4780	0.213996	0.211476	0.6942
4781	0.213996	0.211475	0.6942
4782	0.213995	0.211474	0.6942
4783	0.213994	0.211474	0.6942
4784	0.213993	0.211473	0.6942
4785	0.213993	0.211472	0.6942
4786	0.213992	0.211471	0.6942
4787	0.213991	0.211470	0.6942
4788	0.213990	0.211469	0.6942
4789	0.213990	0.211468	0.6942
4790	0.213989	0.211467	0.6942
4791	0.213988	0.211466	0.6942
4792	0.213987	0.211465	0.6942
4793	0.213987	0.211465	0.6942
4794	0.213986	0.211464	0.6942
4795	0.213985	0.211463	0.6942
4796	0.213985	0.211462	0.6942
4797	0.213984	0.211461	0.6942
4798	0.213983	0.211460	0.6942
4799	0.213982	0.211459	0.6942
4800	0.213982	0.211458	0.6942
4801	0.213981	0.211457	0.6942
4802	0.213980	0.211456	0.6942
4803	0.213980	0.211456	0.6942
4804	0.213979	0.211455	0.6942
4805	0.213978	0.211454	0.6942
4806	0.213977	0.211453	0.6942
4807	0.213977	0.211452	0.6942
4808	0.213976	0.211451	0.6942
4809	0.213975	0.211450	0.6942
4810	0.213975	0.211449	0.6942
4811	0.213974	0.211449	0.6942
4812	0.213973	0.211448	0.6942
4813	0.213972	0.211447	0.6942
4814	0.213972	0.211446	0.6942
4815	0.213971	0.211445	0.6942
4816	0.213970	0.211444	0.6942
4817	0.213970	0.211443	0.6942
4818	0.213969	0.211442	0.6942
4819	0.213968	0.211442	0.6942
4820	0.213968	0.211441	0.6942
4821	0.213967	0.211440	0.6942
4822	0.213966	0.211439	0.6942
4823	0.213966	0.211438	0.6942
4824	0.213965	0.211437	0.6942
4825	0.213964	0.211436	0.6942
4826	0.213963	0.211436	0.6942
4827	0.213963	0.211435	0.6942
4828	0.213962	0.211434	0.6942
4829	0.213961	0.211433	0.6942
4830	0.213961	0.211432	0.6942
4831	0.213960	0.211431	0.6942
4832	0.213959	0.211430	0.6942
4833	0.213959	0.211430	0.6942
4834	0.213958	0.211429	0.6942
4835	0.213957	0.211428	0.6942
4836	0.213957	0.211427	0.6942
4837	0.213956	0.211426	0.6942
4838	0.213955	0.211425	0.6940
4839	0.213955	0.211425	0.6940
4840	0.213954	0.211424	0.6940
4841	0.213953	0.211423	0.6940
4842	0.213953	0.211422	0.6940
4843	0.213952	0.211421	0.6940
4844	0.213951	0.211420	0.6940
4845	0.213951	0.211420	0.6940
4846	0.213950	0.211419	0.6940
4847	0.213949	0.211418	0.6940
4848	0.213949	0.211417	0.6940
4849	0.213948	0.211416	0.6940
4850	0.213947	0.211415	0.6940
4851	0.213947	0.211415	0.6940
4852	0.213946	0.211414	0.6940
4853	0.213945	0.211413	0.6940
4854	0.213945	0.211412	0.6940
4855	0.213944	0.211411	0.6940
4856	0.213943	0.211410	0.6940
4857	0.213943	0.211410	0.6940
4858	0.213942	0.211409	0.6940
4859	0.213941	0.211408	0.6940
4860	0.213941	0.211407	0.6940
4861	0.213940	0.211406	0.6940
4862	0.213939	0.211406	0.6940
4863	0.213939	0.211405	0.6940
4864	0.213938	0.211404	0.6940
4865	0.213937	0.211403	0.6940
4866	0.213937	0.211402	0.6940
4867	0.213936	0.211402	0.6940
4868	0.213936	0.211401	0.6940
4869	0.213935	0.211400	0.6940
4870	0.213934	0.211399	0.6940
4871	0.213934	0.211398	0.6940
4872	0.213933	0.211398	0.6940
4873	0.213932	0.211397	0.6940
4874	0.213932	0.211396	0.6940
4875	0.213931	0.211395	0.6940
4876	0.213930	0.211394	0.6940
4877	0.213930	0.211394	0.6940
4878	0.213929	0.211393	0.6940
4879	0.213929	0.211392	0.6940
4880	0.213928	0.211391	0.6940
4881	0.213927	0.211390	0.6940
4882	0.213927	0.211390	0.6940
4883	0.213926	0.211389	0.6940
4884	0.213925	0.211388	0.6940
4885	0.213925	0.211387	0.6940
4886	0.213924	0.211387	0.6940
4887	0.213924	0.211386	0.6940
4888	0.213923	0.211385	0.6940
4889	0.213922	0.211384	0.6940
4890	0.213922	0.211383	0.6940
4891	0.213921	0.211383	0.6940
4892	0.213920	0.211382	0.6940
4893	0.213920	0.211381	0.6940
4894	0.213919	0.211380	0.6940
4895	0.213919	0.211380	0.6940
4896	0.213918	0.211379	0.6940
4897	0.213917	0.211378	0.6940
4898	0.213917	0.211377	0.6940
4899	0.213916	0.211376	0.6940
4900	0.213916	0.211376	0.6940
4901	0.213915	0.211375	0.6940
4902	0.213914	0.211374	0.6940
4903	0.213914	0.211373	0.6940
4904	0.213913	0.211373	0.6940
4905	0.213913	0.211372	0.6940
4906	0.213912	0.211371	0.6940
4907	0.213911	0.211370	0.6940
4908	0.213911	0.211370	0.6940
4909	0.213910	0.211369	0.6940
4910	0.213910	0.211368	0.6940
4911	0.213909	0.211367	0.6940
4912	0.213908	0.211367	0.6940
4913	0.213908	0.211366	0.6940
4914	0.213907	0.211365	0.6940
4915	0.213907	0.211364	0.6940
4916	0.213906	0.211364	0.6940
4917	0.213905	0.211363	0.6940
4918	0.213905	0.211362	0.6940
4919	0.213904	0.211361	0.6940
4920	0.213904	0.211361	0.6940
4921	0.213903	0.211360	0.6940
4922	0.213902	0.211359	0.6940
4923	0.213902	0.211358	0.6940
4924	0.213901	0.211358	0.6940
4925	0.213901	0.211357	0.6940
4926	0.213900	0.211356	0.6940
4927	0.213900	0.211356	0.6940
4928	0.213899	0.211355	0.6940
4929	0.213898	0.211354	0.6940
4930	0.213898	0.211353	0.6940
4931	0.213897	0.211353	0.6940
4932	0.213897	0.211352	0.6940
4933	0.213896	0.211351	0.6940
4934	0.213896	0.211350	0.6940
4935	0.213895	0.211350	0.6940
4936	0.213894	0.211349	0.6940
4937	0.213894	0.211348	0.6940
4938	0.213893	0.211348	0.6940
4939	0.213893	0.211347	0.6940
4940	0.213892	0.211346	0.6940
4941	0.213892	0.211345	0.6940
4942	0.213891	0.211345	0.6940
4943	0.213890	0.211344	0.6940
4944	0.213890	0.211343	0.6940
4945	0.213889	0.211343	0.6940
4946	0.213889	0.211342	0.6940
4947	0.213888	0.211341	0.6940
4948	0.213888	0.211340	0.6940
4949	0.213887	0.211340	0.6940
4950	0.213886	0.211339	0.6940
4951	0.213886	0.211338	0.6940
4952	0.213885	0.211338	0.6940
4953	0.213885	0.211337	0.6940
4954	0.213884	0.211336	0.6940
4955	0.213884	0.211335	0.6940
4956	0.213883	0.211335	0.6940
4957	0.213883	0.211334	0.6940
4958	0.213882	0.211333	0.6940
4959	0.213881	0.211333	0.6940
4960	0.213881	0.211332	0.6940
4961	0.213880	0.211331	0.6940
4962	0.213880	0.211331	0.6940
4963	0.213879	0.211330	0.6940
4964	0.213879	0.211329	0.6940
4965	0.213878	0.211328	0.6940
4966	0.213878	0.211328	0.6940
4967	0.213877	0.211327	0.6940
4968	0.213876	0.211326	0.6940
4969	0.213876	0.211326	0.6940
4970	0.213875	0.211325	0.6940
4971	0.213875	0.211324	0.6940
4972	0.213874	0.211324	0.6940
4973	0.213874	0.211323	0.6940
4974	0.213873	0.211322	0.6940
4975	0.213873	0.211322	0.6940
4976	0.213872	0.211321	0.6940
4977	0.213872	0.211320	0.6940
4978	0.213871	0.211320	0.6940
4979	0.213871	0.211319	0.6940
4980	0.213870	0.211318	0.6940
4981	0.213870	0.211317	0.6940
4982	0.213869	0.211317	0.6940
4983	0.213868	0.211316	0.6940
4984	0.213868	0.211315	0.6940
4985	0.213867	0.211315	0.6940
4986	0.213867	0.211314	0.6940
4987	0.213866	0.211313	0.6940
4988	0.213866	0.211313	0.6940
4989	0.213865	0.211312	0.6940
4990	0.213865	0.211311	0.6940
4991	0.213864	0.211311	0.6940
4992	0.213864	0.211310	0.6940
4993	0.213863	0.211309	0.6940
4994	0.213863	0.211309	0.6940
4995	0.213862	0.211308	0.6940
4996	0.213862	0.211307	0.6940
4997	0.213861	0.211307	0.6940
4998	0.213861	0.211306	0.6940
4999	0.213860	0.211305	0.6940
5000	0.213860	0.211305	0.6940
5001	0.213859	0.211304	0.6940
5002	0.213859	0.211304	0.6940
5003	0.213858	0.211303	0.6940
5004	0.213857	0.211302	0.6940
5005	0.213857	0.211302	0.6940
5006	0.213856	0.211301	0.6940
5007	0.213856	0.211300	0.6940
5008	0.213855	0.211300	0.6940
5009	0.213855	0.211299	0.6940
5010	0.213854	0.211298	0.6940
5011	0.213854	0.211298	0.6940
5012	0.213853	0.211297	0.6940
5013	0.213853	0.211296	0.6940
5014	0.213852	0.211296	0.6940
5015	0.213852	0.211295	0.6940
5016	0.213851	0.211294	0.6940
5017	0.213851	0.211294	0.6940
5018	0.213850	0.211293	0.6940
5019	0.213850	0.211293	0.6940
5020	0.213849	0.211292	0.6940
5021	0.213849	0.211291	0.6940
5022	0.213848	0.211291	0.6940
5023	0.213848	0.211290	0.6940
5024	0.213847	0.211289	0.6940
5025	0.213847	0.211289	0.6940
5026	0.213846	0.211288	0.6940
5027	0.213846	0.211287	0.6940
5028	0.213845	0.211287	0.6940
5029	0.213845	0.211286	0.6940
5030	0.213844	0.211286	0.6940
5031	0.213844	0.211285	0.6940
5032	0.213843	0.211284	0.6940
5033	0.213843	0.211284	0.6940
5034	0.213842	0.211283	0.6940
5035	0.213842	0.211282	0.6940
5036	0.213841	0.211282	0.6940
5037	0.213841	0.211281	0.6940
5038	0.213841	0.211281	0.6940
5039	0.213840	0.211280	0.6940
5040	0.213840	0.211279	0.6940
5041	0.213839	0.211279	0.6940
5042	0.213839	0.211278	0.6940
5043	0.213838	0.211277	0.6940
5044	0.213838	0.211277	0.6940
5045	0.213837	0.211276	0.6940
5046	0.213837	0.211276	0.6940
5047	0.213836	0.211275	0.6940
5048	0.213836	0.211274	0.6940
5049	0.213835	0.211274	0.6940
5050	0.213835	0.211273	0.6940
5051	0.213834	0.211273	0.6940
5052	0.213834	0.211272	0.6940
5053	0.213833	0.211271	0.6940
5054	0.213833	0.211271	0.6940
5055	0.213832	0.211270	0.6940
5056	0.213832	0.211270	0.6940
5057	0.213831	0.211269	0.6940
5058	0.213831	0.211268	0.6940
5059	0.213831	0.211268	0.6940
5060	0.213830	0.211267	0.6940
5061	0.213830	0.211267	0.6940
5062	0.213829	0.211266	0.6940
5063	0.213829	0.211265	0.6940
5064	0.213828	0.211265	0.6940
5065	0.213828	0.211264	0.6940
5066	0.213827	0.211264	0.6940
5067	0.213827	0.211263	0.6940
5068	0.213826	0.211262	0.6940
5069	0.213826	0.211262	0.6940
5070	0.213825	0.211261	0.6940
5071	0.213825	0.211261	0.6940
5072	0.213824	0.211260	0.6940
5073	0.213824	0.211259	0.6940
5074	0.213824	0.211259	0.6940
5075	0.213823	0.211258	0.6940
5076	0.213823	0.211258	0.6940
5077	0.213822	0.211257	0.6940
5078	0.213822	0.211256	0.6940
5079	0.213821	0.211256	0.6940
5080	0.213821	0.211255	0.6940
5081	0.213820	0.211255	0.6940
5082	0.213820	0.211254	0.6940
5083	0.213819	0.211254	0.6940
5084	0.213819	0.211253	0.6940
5085	0.213819	0.211252	0.6940
5086	0.213818	0.211252	0.6940
5087	0.213818	0.211251	0.6940
5088	0.213817	0.211251	0.6940
5089	0.213817	0.211250	0.6940
5090	0.213816	0.211249	0.6940
5091	0.213816	0.211249	0.6940
5092	0.213815	0.211248	0.6940
5093	0.213815	0.211248	0.6940
5094	0.213815	0.211247	0.6940
5095	0.213814	0.211247	0.6940
5096	0.213814	0.211246	0.6940
5097	0.213813	0.211245	0.6940
5098	0.213813	0.211245	0.6940
5099	0.213812	0.211244	0.6940
5100	0.213812	0.211244	0.6940
5101	0.213811	0.211243	0.6940
5102	0.213811	0.211243	0.6940
5103	0.213811	0.211242	0.6940
5104	0.213810	0.211241	0.6940
5105	0.213810	0.211241	0.6940
5106	0.213809	0.211240	0.6940
5107	0.213809	0.211240	0.6940
5108	0.213808	0.211239	0.6940
5109	0.213808	0.211239	0.6940
5110	0.213808	0.211238	0.6940
5111	0.213807	0.211238	0.6940
5112	0.213807	0.211237	0.6940
5113	0.213806	0.211236	0.6940
5114	0.213806	0.211236	0.6940
5115	0.213805	0.211235	0.6940
5116	0.213805	0.211235	0.6940
5117	0.213805	0.211234	0.6940
5118	0.213804	0.211234	0.6940
5119	0.213804	0.211233	0.6940
5120	0.213803	0.211233	0.6940
5121	0.213803	0.211232	0.6940
5122	0.213802	0.211231	0.6940
5123	0.213802	0.211231	0.6940
5124	0.213802	0.211230	0.6940
5125	0.213801	0.211230	0.6940
5126	0.213801	0.211229	0.6940
5127	0.213800	0.211229	0.6940
5128	0.213800	0.211228	0.6940
5129	0.213799	0.211228	0.6940
5130	0.213799	0.211227	0.6940
5131	0.213799	0.211227	0.6940
5132	0.213798	0.211226	0.6940
5133	0.213798	0.211225	0.6940
5134	0.213797	0.211225	0.6940
5135	0.213797	0.211224	0.6940
5136	0.213797	0.211224	0.6940
5137	0.213796	0.211223	0.6940
5138	0.213796	0.211223	0.6940
5139	0.213795	0.211222	0.6940
5140	0.213795	0.211222	0.6940
5141	0.213794	0.211221	0.6940
5142	0.213794	0.211221	0.6940
5143	0.213794	0.211220	0.6940
5144	0.213793	0.211220	0.6940
5145	0.213793	0.211219	0.6940
5146	0.213792	0.211219	0.6940
5147	0.213792	0.211218	0.6940
5148	0.213792	0.211217	0.6940
5149	0.213791	0.211217	0.6940
5150	0.213791	0.211216	0.6940
5151	0.213790	0.211216	0.6940
5152	0.213790	0.211215	0.6940
5153	0.213790	0.211215	0.6940
5154	0.213789	0.211214	0.6940
5155	0.213789	0.211214	0.6940
5156	0.213788	0.211213	0.6940
5157	0.213788	0.211213	0.6940
5158	0.213788	0.211212	0.6940
5159	0.213787	0.211212	0.6940
5160	0.213787	0.211211	0.6940
5161	0.213786	0.211211	0.6940
5162	0.213786	0.211210	0.6940
5163	0.213786	0.211210	0.6940
5164	0.213785	0.211209	0.6940
5165	0.213785	0.211209	0.6940
5166	0.213784	0.211208	0.6940
5167	0.213784	0.211208	0.6940
5168	0.213784	0.211207	0.6940
5169	0.213783	0.211207	0.6940
5170	0.213783	0.211206	0.6940
5171	0.213782	0.211206	0.6940
5172	0.213782	0.211205	0.6940
5173	0.213782	0.211204	0.6940
5174	0.213781	0.211204	0.6940
5175	0.213781	0.211203	0.6940
5176	0.213780	0.211203	0.6940
5177	0.213780	0.211202	0.6940
5178	0.213780	0.211202	0.6940
5179	0.213779	0.211201	0.6940
5180	0.213779	0.211201	0.6940
5181	0.213779	0.211200	0.6940
5182	0.213778	0.211200	0.6940
5183	0.213778	0.211199	0.6940
5184	0.213777	0.211199	0.6940
5185	0.213777	0.211198	0.6940
5186	0.213777	0.211198	0.6940
5187	0.213776	0.211197	0.6940
5188	0.213776	0.211197	0.6940
5189	0.213775	0.211196	0.6940
5190	0.213775	0.211196	0.6940
5191	0.213775	0.211195	0.6940
5192	0.213774	0.211195	0.6940
5193	0.213774	0.211194	0.6940
5194	0.213774	0.211194	0.6940
5195	0.213773	0.211193	0.6940
5196	0.213773	0.211193	0.6940
5197	0.213772	0.211192	0.6940
5198	0.213772	0.211192	0.6940
5199	0.213772	0.211191	0.6940
5200	0.213771	0.211191	0.6940
5201	0.213771	0.211191	0.6940
5202	0.213771	0.211190	0.6940
5203	0.213770	0.211190	0.6940
5204	0.213770	0.211189	0.6940
5205	0.213769	0.211189	0.6940
5206	0.213769	0.211188	0.6940
5207	0.213769	0.211188	0.6940
5208	0.213768	0.211187	0.6940
5209	0.213768	0.211187	0.6940
5210	0.213768	0.211186	0.6940
5211	0.213767	0.211186	0.6940
5212	0.213767	0.211185	0.6940
5213	0.213766	0.211185	0.6940
5214	0.213766	0.211184	0.6940
5215	0.213766	0.211184	0.6940
5216	0.213765	0.211183	0.6940
5217	0.213765	0.211183	0.6940
5218	0.213765	0.211182	0.6940
5219	0.213764	0.211182	0.6940
5220	0.213764	0.211181	0.6940
5221	0.213764	0.211181	0.6940
5222	0.213763	0.211180	0.6940
5223	0.213763	0.211180	0.6940
5224	0.213762	0.211179	0.6940
5225	0.213762	0.211179	0.6940
5226	0.213762	0.211178	0.6940
5227	0.213761	0.211178	0.6940
5228	0.213761	0.211178	0.6940
5229	0.213761	0.211177	0.6940
5230	0.213760	0.211177	0.6940
5231	0.213760	0.211176	0.6940
5232	0.213760	0.211176	0.6940
5233	0.213759	0.211175	0.6940
5234	0.213759	0.211175	0.6940
5235	0.213759	0.211174	0.6940
5236	0.213758	0.211174	0.6940
5237	0.213758	0.211173	0.6940
5238	0.213758	0.211173	0.6940
5239	0.213757	0.211172	0.6940
5240	0.213757	0.211172	0.6940
5241	0.213756	0.211171	0.6940
5242	0.213756	0.211171	0.6940
5243	0.213756	0.211171	0.6940
5244	0.213755	0.211170	0.6940
5245	0.213755	0.211170	0.6940
5246	0.213755	0.211169	0.6940
5247	0.213754	0.211169	0.6940
5248	0.213754	0.211168	0.6940
5249	0.213754	0.211168	0.6940
5250	0.213753	0.211167	0.6940
5251	0.213753	0.211167	0.6940
5252	0.213753	0.211166	0.6940
5253	0.213752	0.211166	0.6940
5254	0.213752	0.211166	0.6940
5255	0.213752	0.211165	0.6940
5256	0.213751	0.211165	0.6940
5257	0.213751	0.211164	0.6940
5258	0.213751	0.211164	0.6940
5259	0.213750	0.211163	0.6940
5260	0.213750	0.211163	0.6940
5261	0.213750	0.211162	0.6940
5262	0.213749	0.211162	0.6940
5263	0.213749	0.211161	0.6940
5264	0.213749	0.211161	0.6940
5265	0.213748	0.211161	0.6940
5266	0.213748	0.211160	0.6940
5267	0.213748	0.211160	0.6940
5268	0.213747	0.211159	0.6940
5269	0.213747	0.211159	0.6940
5270	0.213746	0.211158	0.6940
5271	0.213746	0.211158	0.6940
5272	0.213746	0.211157	0.6940
5273	0.213745	0.211157	0.6940
5274	0.213745	0.211157	0.6940
5275	0.213745	0.211156	0.6940
5276	0.213744	0.211156	0.6940
5277	0.213744	0.211155	0.6940
5278	0.213744	0.211155	0.6940
5279	0.213743	0.211154	0.6940
5280	0.213743	0.211154	0.6940
5281	0.213743	0.211154	0.6940
5282	0.213743	0.211153	0.6940
5283	0.213742	0.211153	0.6940
5284	0.213742	0.211152	0.6940
5285	0.213742	0.211152	0.6940
5286	0.213741	0.211151	0.6940
5287	0.213741	0.211151	0.6940
5288	0.213741	0.211150	0.6940
5289	0.213740	0.211150	0.6940
5290	0.213740	0.211150	0.6940
5291	0.213740	0.211149	0.6940
5292	0.213739	0.211149	0.6940
5293	0.213739	0.211148	0.6940
5294	0.213739	0.211148	0.6940
5295	0.213738	0.211147	0.6940
5296	0.213738	0.211147	0.6940
5297	0.213738	0.211147	0.6940
5298	0.213737	0.211146	0.6940
5299	0.213737	0.211146	0.6940
5300	0.213737	0.211145	0.6940
5301	0.213736	0.211145	0.6940
5302	0.213736	0.211144	0.6940
5303	0.213736	0.211144	0.6940
5304	0.213735	0.211144	0.6940
5305	0.213735	0.211143	0.6940
5306	0.213735	0.211143	0.6940
5307	0.213734	0.211142	0.6940
5308	0.213734	0.211142	0.6940
5309	0.213734	0.211142	0.6940
5310	0.213733	0.211141	0.6940
5311	0.213733	0.211141	0.6940
5312	0.213733	0.211140	0.6940
5313	0.213733	0.211140	0.6940
5314	0.213732	0.211139	0.6940
5315	0.213732	0.211139	0.6940
5316	0.213732	0.211139	0.6940
5317	0.213731	0.211138	0.6940
5318	0.213731	0.211138	0.6940
5319	0.213731	0.211137	0.6940
5320	0.213730	0.211137	0.6940
5321	0.213730	0.211137	0.6940
5322	0.213730	0.211136	0.6940
5323	0.213729	0.211136	0.6940
5324	0.213729	0.211135	0.6940
5325	0.213729	0.211135	0.6940
5326	0.213729	0.211134	0.6940
5327	0.213728	0.211134	0.6940
5328	0.213728	0.211134	0.6940
5329	0.213728	0.211133	0.6940
5330	0.213727	0.211133	0.6940
5331	0.213727	0.211132	0.6940
5332	0.213727	0.211132	0.6940
5333	0.213726	0.211132	0.6940
5334	0.213726	0.211131	0.6940
5335	0.213726	0.211131	0.6940
5336	0.213725	0.211130	0.6940
5337	0.213725	0.211130	0.6940
5338	0.213725	0.211130	0.6940
5339	0.213725	0.211129	0.6940
5340	0.213724	0.211129	0.6940
5341	0.213724	0.211128	0.6940
5342	0.213724	0.211128	0.6940
5343	0.213723	0.211128	0.6940
5344	0.213723	0.211127	0.6940
5345	0.213723	0.211127	0.6940
5346	0.213722	0.211126	0.6940
5347	0.213722	0.211126	0.6940
5348	0.213722	0.211126	0.6940
5349	0.213722	0.211125	0.6940
5350	0.213721	0.211125	0.6940
5351	0.213721	0.211124	0.6940
5352	0.213721	0.211124	0.6940
5353	0.213720	0.211124	0.6940
5354	0.213720	0.211123	0.6942
5355	0.213720	0.211123	0.6942
5356	0.213720	0.211122	0.6942
5357	0.213719	0.211122	0.6942
5358	0.213719	0.211122	0.6942
5359	0.213719	0.211121	0.6942
5360	0.213718	0.211121	0.6942
5361	0.213718	0.211120	0.6942
5362	0.213718	0.211120	0.6942
5363	0.213717	0.211120	0.6942
5364	0.213717	0.211119	0.6942
5365	0.213717	0.211119	0.6942
5366	0.213717	0.211119	0.6942
5367	0.213716	0.211118	0.6942
5368	0.213716	0.211118	0.6942
5369	0.213716	0.211117	0.6942
5370	0.213715	0.211117	0.6942
5371	0.213715	0.211117	0.6942
5372	0.213715	0.211116	0.6942
5373	0.213715	0.211116	0.6942
5374	0.213714	0.211115	0.6942
5375	0.213714	0.211115	0.6942
5376	0.213714	0.211115	0.6942
5377	0.213713	0.211114	0.6942
5378	0.213713	0.211114	0.6942
5379	0.213713	0.211114	0.6942
5380	0.213713	0.211113	0.6942
5381	0.213712	0.211113	0.6942
5382	0.213712	0.211112	0.6942
5383	0.213712	0.211112	0.6942
5384	0.213711	0.211112	0.6942
5385	0.213711	0.211111	0.6942
5386	0.213711	0.211111	0.6942
5387	0.213711	0.211110	0.6942
5388	0.213710	0.211110	0.6942
5389	0.213710	0.211110	0.6942
5390	0.213710	0.211109	0.6942
5391	0.213710	0.211109	0.6942
5392	0.213709	0.211109	0.6942
5393	0.213709	0.211108	0.6942
5394	0.213709	0.211108	0.6942
5395	0.213708	0.211108	0.6942
5396	0.213708	0.211107	0.6942
5397	0.213708	0.211107	0.6942
5398	0.213708	0.211106	0.6942
5399	0.213707	0.211106	0.6942
5400	0.213707	0.211106	0.6942
5401	0.213707	0.211105	0.6942
5402	0.213706	0.211105	0.6942
5403	0.213706	0.211105	0.6942
5404	0.213706	0.211104	0.6942
5405	0.213706	0.211104	0.6942
5406	0.213705	0.211103	0.6942
5407	0.213705	0.211103	0.6942
5408	0.213705	0.211103	0.6942
5409	0.213705	0.211102	0.6942
5410	0.213704	0.211102	0.6942
5411	0.213704	0.211102	0.6942
5412	0.213704	0.211101	0.6942
5413	0.213703	0.211101	0.6942
5414	0.213703	0.211101	0.6942
5415	0.213703	0.211100	0.6942
5416	0.213703	0.211100	0.6942
5417	0.213702	0.211099	0.6942
5418	0.213702	0.211099	0.6942
5419	0.213702	0.211099	0.6942
5420	0.213702	0.211098	0.6942
5421	0.213701	0.211098	0.6942
5422	0.213701	0.211098	0.6942
5423	0.213701	0.211097	0.6942
5424	0.213701	0.211097	0.6942
5425	0.213700	0.211097	0.6942
5426	0.213700	0.211096	0.6942
5427	0.213700	0.211096	0.6942
5428	0.213700	0.211095	0.6942
5429	0.213699	0.211095	0.6942
5430	0.213699	0.211095	0.6942
5431	0.213699	0.211094	0.6942
5432	0.213698	0.211094	0.6942
5433	0.213698	0.211094	0.6942
5434	0.213698	0.211093	0.6942
5435	0.213698	0.211093	0.6942
5436	0.213697	0.211093	0.6942
5437	0.213697	0.211092	0.6942
5438	0.213697	0.211092	0.6942
5439	0.213697	0.211092	0.6942
5440	0.213696	0.211091	0.6942
5441	0.213696	0.211091	0.6942
5442	0.213696	0.211091	0.6942
5443	0.213696	0.211090	0.6942
5444	0.213695	0.211090	0.6942
5445	0.213695	0.211090	0.6942
5446	0.213695	0.211089	0.6942
5447	0.213695	0.211089	0.6942
5448	0.213694	0.211088	0.6942
5449	0.213694	0.211088	0.6942
5450	0.213694	0.211088	0.6942
5451	0.213694	0.211087	0.6942
5452	0.213693	0.211087	0.6942
5453	0.213693	0.211087	0.6942
5454	0.213693	0.211086	0.6942
5455	0.213693	0.211086	0.6942
5456	0.213692	0.211086	0.6942
5457	0.213692	0.211085	0.6942
5458	0.213692	0.211085	0.6942
5459	0.213692	0.211085	0.6942
5460	0.213691	0.211084	0.6942
5461	0.213691	0.211084	0.6942
5462	0.213691	0.211084	0.6942
5463	0.213691	0.211083	0.6942
5464	0.213690	0.211083	0.6942
5465	0.213690	0.211083	0.6942
5466	0.213690	0.211082	0.6942
5467	0.213690	0.211082	0.6942
5468	0.213689	0.211082	0.6942
5469	0.213689	0.211081	0.6942
5470	0.213689	0.211081	0.6942
5471	0.213689	0.211081	0.6942
5472	0.213688	0.211080	0.6942
5473	0.213688	0.211080	0.6942
5474	0.213688	0.211080	0.6942
5475	0.213688	0.211079	0.6942
5476	0.213687	0.211079	0.6942
5477	0.213687	0.211079	0.6942
5478	0.213687	0.211078	0.6942
5479	0.213687	0.211078	0.6942
5480	0.213686	0.211078	0.6942
5481	0.213686	0.211077	0.6942
5482	0.213686	0.211077	0.6942
5483	0.213686	0.211077	0.6942
5484	0.213685	0.211076	0.6942
5485	0.213685	0.211076	0.6942
5486	0.213685	0.211076	0.6942
5487	0.213685	0.211075	0.6942
5488	0.213684	0.211075	0.6942
5489	0.213684	0.211075	0.6942
5490	0.213684	0.211074	0.6942
5491	0.213684	0.211074	0.6942
5492	0.213683	0.211074	0.6942
5493	0.213683	0.211073	0.6942
5494	0.213683	0.211073	0.6942
5495	0.213683	0.211073	0.6942
5496	0.213683	0.211072	0.6942
5497	0.213682	0.211072	0.6942
5498	0.213682	0.211072	0.6942
5499	0.213682	0.211071	0.6942
5500	0.213682	0.211071	0.6942
5501	0.213681	0.211071	0.6942
5502	0.213681	0.211070	0.6942
5503	0.213681	0.211070	0.6942
5504	0.213681	0.211070	0.6942
5505	0.213680	0.211069	0.6942
5506	0.213680	0.211069	0.6942
5507	0.213680	0.211069	0.6942
5508	0.213680	0.211069	0.6942
5509	0.213679	0.211068	0.6942
5510	0.213679	0.211068	0.6942
5511	0.213679	0.211068	0.6942
5512	0.213679	0.211067	0.6942
5513	0.213679	0.211067	0.6942
5514	0.213678	0.211067	0.6942
5515	0.213678	0.211066	0.6942
5516	0.213678	0.211066	0.6942
5517	0.213678	0.211066	0.6942
5518	0.213677	0.211065	0.6942
5519	0.213677	0.211065	0.6942
5520	0.213677	0.211065	0.6942
5521	0.213677	0.211064	0.6942
5522	0.213677	0.211064	0.6942
5523	0.213676	0.211064	0.6942
5524	0.213676	0.211063	0.6942
5525	0.213676	0.211063	0.6942
5526	0.213676	0.211063	0.6942
5527	0.213675	0.211063	0.6942
5528	0.213675	0.211062	0.6942
5529	0.213675	0.211062	0.6942
5530	0.213675	0.211062	0.6942
5531	0.213674	0.211061	0.6942
5532	0.213674	0.211061	0.6942
5533	0.213674	0.211061	0.6942
5534	0.213674	0.211060	0.6942
5535	0.213674	0.211060	0.6942
5536	0.213673	0.211060	0.6942
5537	0.213673	0.211059	0.6942
5538	0.213673	0.211059	0.6942
5539	0.213673	0.211059	0.6942
5540	0.213672	0.211059	0.6942
5541	0.213672	0.211058	0.6942
5542	0.213672	0.211058	0.6942
5543	0.213672	0.211058	0.6942
5544	0.213672	0.211057	0.6942
5545	0.213671	0.211057	0.6942
5546	0.213671	0.211057	0.6942
5547	0.213671	0.211056	0.6942
5548	0.213671	0.211056	0.6942
5549	0.213670	0.211056	0.6942
5550	0.213670	0.211055	0.6942
5551	0.213670	0.211055	0.6942
5552	0.213670	0.211055	0.6942
5553	0.213670	0.211055	0.6942
5554	0.213669	0.211054	0.6942
5555	0.213669	0.211054	0.6942
5556	0.213669	0.211054	0.6942
5557	0.213669	0.211053	0.6942
5558	0.213669	0.211053	0.6942
5559	0.213668	0.211053	0.6942
5560	0.213668	0.211053	0.6942
5561	0.213668	0.211052	0.6942
5562	0.213668	0.211052	0.6942
5563	0.213667	0.211052	0.6942
5564	0.213667	0.211051	0.6942
5565	0.213667	0.211051	0.6942
5566	0.213667	0.211051	0.6942
5567	0.213667	0.211050	0.6942
5568	0.213666	0.211050	0.6942
5569	0.213666	0.211050	0.6942
5570	0.213666	0.211050	0.6942
5571	0.213666	0.211049	0.6942
5572	0.213666	0.211049	0.6942
5573	0.213665	0.211049	0.6942
5574	0.213665	0.211048	0.6942
5575	0.213665	0.211048	0.6942
5576	0.213665	0.211048	0.6942
5577	0.213664	0.211047	0.6942
5578	0.213664	0.211047	0.6942
5579	0.213664	0.211047	0.6942
5580	0.213664	0.211047	0.6942
5581	0.213664	0.211046	0.6942
5582	0.213663	0.211046	0.6942
5583	0.213663	0.211046	0.6942
5584	0.213663	0.211045	0.6942
5585	0.213663	0.211045	0.6942
5586	0.213663	0.211045	0.6942
5587	0.213662	0.211045	0.6942
5588	0.213662	0.211044	0.6942
5589	0.213662	0.211044	0.6942
5590	0.213662	0.211044	0.6942
5591	0.213662	0.211043	0.6942
5592	0.213661	0.211043	0.6942
5593	0.213661	0.211043	0.6942
5594	0.213661	0.211043	0.6942
5595	0.213661	0.211042	0.6942
5596	0.213661	0.211042	0.6942
5597	0.213660	0.211042	0.6942
5598	0.213660	0.211041	0.6942
5599	0.213660	0.211041	0.6942
5600	0.213660	0.211041	0.6942
5601	0.213660	0.211041	0.6942
5602	0.213659	0.211040	0.6942
5603	0.213659	0.211040	0.6942
5604	0.213659	0.211040	0.6942
5605	0.213659	0.211040	0.6942
5606	0.213659	0.211039	0.6942
5607	0.213658	0.211039	0.6942
5608	0.213658	0.211039	0.6942
5609	0.213658	0.211038	0.6942
5610	0.213658	0.211038	0.6942
5611	0.213658	0.211038	0.6942
5612	0.213657	0.211038	0.6942
5613	0.213657	0.211037	0.6942
5614	0.213657	0.211037	0.6942
5615	0.213657	0.211037	0.6942
5616	0.213657	0.211036	0.6942
5617	0.213656	0.211036	0.6942
5618	0.213656	0.211036	0.6942
5619	0.213656	0.211036	0.6942
5620	0.213656	0.211035	0.6942
5621	0.213656	0.211035	0.6942
5622	0.213655	0.211035	0.6942
5623	0.213655	0.211035	0.6942
5624	0.213655	0.211034	0.6942
5625	0.213655	0.211034	0.6942
5626	0.213655	0.211034	0.6942
5627	0.213654	0.211033	0.6942
5628	0.213654	0.211033	0.6942
5629	0.213654	0.211033	0.6942
5630	0.213654	0.211033	0.6942
5631	0.213654	0.211032	0.6942
5632	0.213653	0.211032	0.6942
5633	0.213653	0.211032	0.6942
5634	0.213653	0.211032	0.6942
5635	0.213653	0.211031	0.6942
5636	0.213653	0.211031	0.6942
5637	0.213652	0.211031	0.6942
5638	0.213652	0.211030	0.6942
5639	0.213652	0.211030	0.6942
5640	0.213652	0.211030	0.6942
5641	0.213652	0.211030	0.6942
5642	0.213651	0.211029	0.6942
5643	0.213651	0.211029	0.6942
5644	0.213651	0.211029	0.6942
5645	0.213651	0.211029	0.6942
5646	0.213651	0.211028	0.6942
5647	0.213651	0.211028	0.6942
5648	0.213650	0.211028	0.6942
5649	0.213650	0.211028	0.6942
5650	0.213650	0.211027	0.6942
5651	0.213650	0.211027	0.6942
5652	0.213650	0.211027	0.6942
5653	0.213649	0.211026	0.6942
5654	0.213649	0.211026	0.6942
5655	0.213649	0.211026	0.6942
5656	0.213649	0.211026	0.6942
5657	0.213649	0.211025	0.6942
5658	0.213648	0.211025	0.6942
5659	0.213648	0.211025	0.6942
5660	0.213648	0.211025	0.6942
5661	0.213648	0.211024	0.6942
5662	0.213648	0.211024	0.6942
5663	0.213648	0.211024	0.6942
5664	0.213647	0.211024	0.6942
5665	0.213647	0.211023	0.6942
5666	0.213647	0.211023	0.6942
5667	0.213647	0.211023	0.6942
5668	0.213647	0.211023	0.6942
5669	0.213646	0.211022	0.6942
5670	0.213646	0.211022	0.6942
5671	0.213646	0.211022	0.6942
5672	0.213646	0.211022	0.6942
5673	0.213646	0.211021	0.6942
5674	0.213646	0.211021	0.6942
5675	0.213645	0.211021	0.6942
5676	0.213645	0.211020	0.6942
5677	0.213645	0.211020	0.6942
5678	0.213645	0.211020	0.6942
5679	0.213645	0.211020	0.6942
5680	0.213644	0.211019	0.6942
5681	0.213644	0.211019	0.6942
5682	0.213644	0.211019	0.6942
5683	0.213644	0.211019	0.6942
5684	0.213644	0.211018	0.6942
5685	0.213644	0.211018	0.6942
5686	0.213643	0.211018	0.6942
5687	0.213643	0.211018	0.6942
5688	0.213643	0.211017	0.6942
5689	0.213643	0.211017	0.6942
5690	0.213643	0.211017	0.6942
5691	0.213642	0.211017	0.6942
5692	0.213642	0.211016	0.6942
5693	0.213642	0.211016	0.6942
5694	0.213642	0.211016	0.6942
5695	0.213642	0.211016	0.6942
5696	0.213642	0.211015	0.6942
5697	0.213641	0.211015	0.6942
5698	0.213641	0.211015	0.6942
5699	0.213641	0.211015	0.6942
5700	0.213641	0.211014	0.6942
5701	0.213641	0.211014	0.6942
5702	0.213641	0.211014	0.6942
5703	0.213640	0.211014	0.6942
5704	0.213640	0.211013	0.6942
5705	0.213640	0.211013	0.6942
5706	0.213640	0.211013	0.6942
5707	0.213640	0.211013	0.6942
5708	0.213640	0.211012	0.6942
5709	0.213639	0.211012	0.6942
5710	0.213639	0.211012	0.6942
5711	0.213639	0.211012	0.6942
5712	0.213639	0.211012	0.6942
5713	0.213639	0.211011	0.6942
5714	0.213638	0.211011	0.6942
5715	0.213638	0.211011	0.6942
5716	0.213638	0.211011	0.6942
5717	0.213638	0.211010	0.6942
5718	0.213638	0.211010	0.6942
5719	0.213638	0.211010	0.6942
5720	0.213637	0.211010	0.6942
5721	0.213637	0.211009	0.6942
5722	0.213637	0.211009	0.6942
5723	0.213637	0.211009	0.6942
5724	0.213637	0.211009	0.6942
5725	0.213637	0.211008	0.6942
5726	0.213636	0.211008	0.6942
5727	0.213636	0.211008	0.6942
5728	0.213636	0.211008	0.6942
5729	0.213636	0.211007	0.6942
5730	0.213636	0.211007	0.6942
5731	0.213636	0.211007	0.6942
5732	0.213635	0.211007	0.6942
5733	0.213635	0.211006	0.6942
5734	0.213635	0.211006	0.6942
5735	0.213635	0.211006	0.6942
5736	0.213635	0.211006	0.6942
5737	0.213635	0.211006	0.6942
5738	0.213634	0.211005	0.6942
5739	0.213634	0.211005	0.6942
5740	0.213634	0.211005	0.6942
5741	0.213634	0.211005	0.6942
5742	0.213634	0.211004	0.6942
5743	0.213634	0.211004	0.6942
5744	0.213633	0.211004	0.6942
5745	0.213633	0.211004	0.6942
5746	0.213633	0.211003	0.6942
5747	0.213633	0.211003	0.6942
5748	0.213633	0.211003	0.6942
5749	0.213633	0.211003	0.6942
5750	0.213632	0.211002	0.6942
5751	0.213632	0.211002	0.6942
5752	0.213632	0.211002	0.6942
5753	0.213632	0.211002	0.6942
5754	0.213632	0.211002	0.6942
5755	0.213632	0.211001	0.6942
5756	0.213631	0.211001	0.6942
5757	0.213631	0.211001	0.6942
5758	0.213631	0.211001	0.6942
5759	0.213631	0.211000	0.6942
5760	0.213631	0.211000	0.6942
5761	0.213631	0.211000	0.6942
5762	0.213631	0.211000	0.6942
5763	0.213630	0.210999	0.6942
5764	0.213630	0.210999	0.6942
5765	0.213630	0.210999	0.6942
5766	0.213630	0.210999	0.6942
5767	0.213630	0.210999	0.6942
5768	0.213630	0.210998	0.6942
5769	0.213629	0.210998	0.6942
5770	0.213629	0.210998	0.6942
5771	0.213629	0.210998	0.6942
5772	0.213629	0.210997	0.6942
5773	0.213629	0.210997	0.6942
5774	0.213629	0.210997	0.6942
5775	0.213628	0.210997	0.6942
5776	0.213628	0.210997	0.6942
5777	0.213628	0.210996	0.6942
5778	0.213628	0.210996	0.6942
5779	0.213628	0.210996	0.6942
5780	0.213628	0.210996	0.6942
5781	0.213628	0.210995	0.6942
5782	0.213627	0.210995	0.6942
5783	0.213627	0.210995	0.6942
5784	0.213627	0.210995	0.6942
5785	0.213627	0.210995	0.6942
5786	0.213627	0.210994	0.6942
5787	0.213627	0.210994	0.6942
5788	0.213626	0.210994	0.6942
5789	0.213626	0.210994	0.6942
5790	0.213626	0.210993	0.6942
5791	0.213626	0.210993	0.6942
5792	0.213626	0.210993	0.6942
5793	0.213626	0.210993	0.6942
5794	0.213626	0.210993	0.6942
5795	0.213625	0.210992	0.6942
5796	0.213625	0.210992	0.6942
5797	0.213625	0.210992	0.6942
5798	0.213625	0.210992	0.6942
5799	0.213625	0.210991	0.6942
5800	0.213625	0.210991	0.6942
5801	0.213624	0.210991	0.6942
5802	0.213624	0.210991	0.6942
5803	0.213624	0.210991	0.6942
5804	0.213624	0.210990	0.6942
5805	0.213624	0.210990	0.6942
5806	0.213624	0.210990	0.6942
5807	0.213624	0.210990	0.6942
5808	0.213623	0.210989	0.6942
5809	0.213623	0.210989	0.6942
5810	0.213623	0.210989	0.6942
5811	0.213623	0.210989	0.6942
5812	0.213623	0.210989	0.6942
5813	0.213623	0.210988	0.6942
5814	0.213623	0.210988	0.6942
5815	0.213622	0.210988	0.6942
5816	0.213622	0.210988	0.6942
5817	0.213622	0.210988	0.6942
5818	0.213622	0.210987	0.6942
5819	0.213622	0.210987	0.6942
5820	0.213622	0.210987	0.6942
5821	0.213621	0.210987	0.6942
5822	0.213621	0.210986	0.6942
5823	0.213621	0.210986	0.6942
5824	0.213621	0.210986	0.6942
5825	0.213621	0.210986	0.6942
5826	0.213621	0.210986	0.6942
5827	0.213621	0.210985	0.6942
5828	0.213620	0.210985	0.6942
5829	0.213620	0.210985	0.6942
5830	0.213620	0.210985	0.6942
5831	0.213620	0.210985	0.6942
5832	0.213620	0.210984	0.6942
5833	0.213620	0.210984	0.6942
5834	0.213620	0.210984	0.6942
5835	0.213619	0.210984	0.6942
5836	0.213619	0.210984	0.6942
5837	0.213619	0.210983	0.6942
5838	0.213619	0.210983	0.6942
5839	0.213619	0.210983	0.6942
5840	0.213619	0.210983	0.6942
5841	0.213619	0.210983	0.6942
5842	0.213618	0.210982	0.6942
5843	0.213618	0.210982	0.6942
5844	0.213618	0.210982	0.6942
5845	0.213618	0.210982	0.6942
5846	0.213618	0.210981	0.6942
5847	0.213618	0.210981	0.6942
5848	0.213618	0.210981	0.6942
5849	0.213617	0.210981	0.6942
5850	0.213617	0.210981	0.6942
5851	0.213617	0.210980	0.6942
5852	0.213617	0.210980	0.6942
5853	0.213617	0.210980	0.6942
5854	0.213617	0.210980	0.6942
5855	0.213617	0.210980	0.6942
5856	0.213616	0.210979	0.6942
5857	0.213616	0.210979	0.6942
5858	0.213616	0.210979	0.6942
5859	0.213616	0.210979	0.6942
5860	0.213616	0.210979	0.6942
5861	0.213616	0.210978	0.6942
5862	0.213616	0.210978	0.6942
5863	0.213616	0.210978	0.6942
5864	0.213615	0.210978	0.6942
5865	0.213615	0.210978	0.6942
5866	0.213615	0.210977	0.6942
5867	0.213615	0.210977	0.6942
5868	0.213615	0.210977	0.6942
5869	0.213615	0.210977	0.6942
5870	0.213615	0.210977	0.6942
5871	0.213614	0.210976	0.6942
5872	0.213614	0.210976	0.6942
5873	0.213614	0.210976	0.6942
5874	0.213614	0.210976	0.6942
5875	0.213614	0.210976	0.6942
5876	0.213614	0.210975	0.6942
5877	0.213614	0.210975	0.6942
5878	0.213613	0.210975	0.6942
5879	0.213613	0.210975	0.6942
5880	0.213613	0.210975	0.6942
5881	0.213613	0.210974	0.6942
5882	0.213613	0.210974	0.6942
5883	0.213613	0.210974	0.6942
5884	0.213613	0.210974	0.6942
5885	0.213613	0.210974	0.6942
5886	0.213612	0.210973	0.6942
5887	0.213612	0.210973	0.6942
5888	0.213612	0.210973	0.6942
5889	0.213612	0.210973	0.6942
5890	0.213612	0.210973	0.6942
5891	0.213612	0.210972	0.6942
5892	0.213612	0.210972	0.6942
5893	0.213611	0.210972	0.6942
5894	0.213611	0.210972	0.6942
5895	0.213611	0.210972	0.6942
5896	0.213611	0.210972	0.6942
5897	0.213611	0.210971	0.6942
5898	0.213611	0.210971	0.6942
5899	0.213611	0.210971	0.6942
5900	0.213611	0.210971	0.6942
5901	0.213610	0.210971	0.6942
5902	0.213610	0.210970	0.6942
5903	0.213610	0.210970	0.6942
5904	0.213610	0.210970	0.6942
5905	0.213610	0.210970	0.6942
5906	0.213610	0.210970	0.6942
5907	0.213610	0.210969	0.6942
5908	0.213609	0.210969	0.6942
5909	0.213609	0.210969	0.6942
5910	0.213609	0.210969	0.6942
5911	0.213609	0.210969	0.6942
5912	0.213609	0.210968	0.6942
5913	0.213609	0.210968	0.6942
5914	0.213609	0.210968	0.6942
5915	0.213609	0.210968	0.6942
5916	0.213608	0.210968	0.6942
5917	0.213608	0.210967	0.6942
5918	0.213608	0.210967	0.6942
5919	0.213608	0.210967	0.6942
5920	0.213608	0.210967	0.6942
5921	0.213608	0.210967	0.6942
5922	0.213608	0.210967	0.6942
5923	0.213608	0.210966	0.6942
5924	0.213607	0.210966	0.6942
5925	0.213607	0.210966	0.6942
5926	0.213607	0.210966	0.6942
5927	0.213607	0.210966	0.6942
5928	0.213607	0.210965	0.6942
5929	0.213607	0.210965	0.6942
5930	0.213607	0.210965	0.6942
5931	0.213607	0.210965	0.6942
5932	0.213606	0.210965	0.6942
5933	0.213606	0.210965	0.6942
5934	0.213606	0.210964	0.6942
5935	0.213606	0.210964	0.6942
5936	0.213606	0.210964	0.6942
5937	0.213606	0.210964	0.6942
5938	0.213606	0.210964	0.6942
5939	0.213606	0.210963	0.6942
5940	0.213605	0.210963	0.6942
5941	0.213605	0.210963	0.6942
5942	0.213605	0.210963	0.6942
5943	0.213605	0.210963	0.6942
5944	0.213605	0.210962	0.6942
5945	0.213605	0.210962	0.6942
5946	0.213605	0.210962	0.6942
5947	0.213605	0.210962	0.6942
5948	0.213604	0.210962	0.6942
5949	0.213604	0.210962	0.6942
5950	0.213604	0.210961	0.6942
5951	0.213604	0.210961	0.6942
5952	0.213604	0.210961	0.6942
5953	0.213604	0.210961	0.6942
5954	0.213604	0.210961	0.6942
5955	0.213604	0.210961	0.6942
5956	0.213603	0.210960	0.6942
5957	0.213603	0.210960	0.6942
5958	0.213603	0.210960	0.6942
5959	0.213603	0.210960	0.6942
5960	0.213603	0.210960	0.6942
5961	0.213603	0.210959	0.6942
5962	0.213603	0.210959	0.6942
5963	0.213603	0.210959	0.6942
5964	0.213602	0.210959	0.6942
5965	0.213602	0.210959	0.6942
5966	0.213602	0.210959	0.6942
5967	0.213602	0.210958	0.6942
5968	0.213602	0.210958	0.6942
5969	0.213602	0.210958	0.6942
5970	0.213602	0.210958	0.6942
5971	0.213602	0.210958	0.6942
5972	0.213602	0.210957	0.6942
5973	0.213601	0.210957	0.6942
5974	0.213601	0.210957	0.6942
5975	0.213601	0.210957	0.6942
5976	0.213601	0.210957	0.6942
5977	0.213601	0.210957	0.6942
5978	0.213601	0.210956	0.6942
5979	0.213601	0.210956	0.6942
5980	0.213601	0.210956	0.6942
5981	0.213600	0.210956	0.6942
5982	0.213600	0.210956	0.6942
5983	0.213600	0.210956	0.6942
5984	0.213600	0.210955	0.6942
5985	0.213600	0.210955	0.6942
5986	0.213600	0.210955	0.6942
5987	0.213600	0.210955	0.6942
5988	0.213600	0.210955	0.6942
5989	0.213600	0.210955	0.6942
5990	0.213599	0.210954	0.6942
5991	0.213599	0.210954	0.6942
5992	0.213599	0.210954	0.6942
5993	0.213599	0.210954	0.6942
5994	0.213599	0.210954	0.6942
5995	0.213599	0.210953	0.6942
5996	0.213599	0.210953	0.6942
5997	0.213599	0.210953	0.6942
5998	0.213598	0.210953	0.6942
5999	0.213598	0.210953	0.6942
6000	0.213598	0.210953	0.6942
6001	0.213598	0.210952	0.6942
6002	0.213598	0.210952	0.6942
6003	0.213598	0.210952	0.6942
6004	0.213598	0.210952	0.6942
6005	0.213598	0.210952	0.6942
6006	0.213598	0.210952	0.6942
6007	0.213597	0.210951	0.6942
6008	0.213597	0.210951	0.6942
6009	0.213597	0.210951	0.6942
6010	0.213597	0.210951	0.6942
6011	0.213597	0.210951	0.6942
6012	0.213597	0.210951	0.6942
6013	0.213597	0.210950	0.6942
6014	0.213597	0.210950	0.6942
6015	0.213597	0.210950	0.6942
6016	0.213596	0.210950	0.6942
6017	0.213596	0.210950	0.6942
6018	0.213596	0.210950	0.6942
6019	0.213596	0.210949	0.6942
6020	0.213596	0.210949	0.6942
6021	0.213596	0.210949	0.6942
6022	0.213596	0.210949	0.6942
6023	0.213596	0.210949	0.6942
6024	0.213596	0.210949	0.6942
6025	0.213595	0.210948	0.6942
6026	0.213595	0.210948	0.6942
6027	0.213595	0.210948	0.6942
6028	0.213595	0.210948	0.6942
6029	0.213595	0.210948	0.6942
6030	0.213595	0.210948	0.6942
6031	0.213595	0.210947	0.6942
6032	0.213595	0.210947	0.6942
6033	0.213595	0.210947	0.6942
6034	0.213594	0.210947	0.6942
6035	0.213594	0.210947	0.6942
6036	0.213594	0.210947	0.6942
6037	0.213594	0.210946	0.6942
6038	0.213594	0.210946	0.6942
6039	0.213594	0.210946	0.6942
6040	0.213594	0.210946	0.6942
6041	0.213594	0.210946	0.6942
6042	0.213594	0.210946	0.6942
6043	0.213593	0.210945	0.6942
6044	0.213593	0.210945	0.6942
6045	0.213593	0.210945	0.6942
6046	0.213593	0.210945	0.6942
6047	0.213593	0.210945	0.6942
6048	0.213593	0.210945	0.6942
6049	0.213593	0.210945	0.6942
6050	0.213593	0.210944	0.6942
6051	0.213593	0.210944	0.6942
6052	0.213593	0.210944	0.6942
6053	0.213592	0.210944	0.6942
6054	0.213592	0.210944	0.6942
6055	0.213592	0.210944	0.6942
6056	0.213592	0.210943	0.6942
6057	0.213592	0.210943	0.6942
6058	0.213592	0.210943	0.6942
6059	0.213592	0.210943	0.6942
6060	0.213592	0.210943	0.6942
6061	0.213592	0.210943	0.6942
6062	0.213591	0.210942	0.6942
6063	0.213591	0.210942	0.6942
6064	0.213591	0.210942	0.6942
6065	0.213591	0.210942	0.6942
6066	0.213591	0.210942	0.6942
6067	0.213591	0.210942	0.6942
6068	0.213591	0.210941	0.6942
6069	0.213591	0.210941	0.6942
6070	0.213591	0.210941	0.6942
6071	0.213591	0.210941	0.6942
6072	0.213590	0.210941	0.6942
6073	0.213590	0.210941	0.6942
6074	0.213590	0.210941	0.6942
6075	0.213590	0.210940	0.6942
6076	0.213590	0.210940	0.6942
6077	0.213590	0.210940	0.6942
6078	0.213590	0.210940	0.6942
6079	0.213590	0.210940	0.6942
6080	0.213590	0.210940	0.6942
6081	0.213590	0.210939	0.6942
6082	0.213589	0.210939	0.6942
6083	0.213589	0.210939	0.6942
6084	0.213589	0.210939	0.6942
6085	0.213589	0.210939	0.6942
6086	0.213589	0.210939	0.6942
6087	0.213589	0.210939	0.6942
6088	0.213589	0.210938	0.6942
6089	0.213589	0.210938	0.6942
6090	0.213589	0.210938	0.6942
6091	0.213588	0.210938	0.6942
6092	0.213588	0.210938	0.6942
6093	0.213588	0.210938	0.6942
6094	0.213588	0.210937	0.6942
6095	0.213588	0.210937	0.6942
6096	0.213588	0.210937	0.6942
6097	0.213588	0.210937	0.6942
6098	0.213588	0.210937	0.6942
6099	0.213588	0.210937	0.6942
6100	0.213588	0.210937	0.6942
6101	0.213587	0.210936	0.6942
6102	0.213587	0.210936	0.6942
6103	0.213587	0.210936	0.6942
6104	0.213587	0.210936	0.6942
6105	0.213587	0.210936	0.6942
6106	0.213587	0.210936	0.6942
6107	0.213587	0.210935	0.6942
6108	0.213587	0.210935	0.6942
6109	0.213587	0.210935	0.6942
6110	0.213587	0.210935	0.6942
6111	0.213586	0.210935	0.6942
6112	0.213586	0.210935	0.6942
6113	0.213586	0.210935	0.6942
6114	0.213586	0.210934	0.6942
6115	0.213586	0.210934	0.6942
6116	0.213586	0.210934	0.6942
6117	0.213586	0.210934	0.6942
6118	0.213586	0.210934	0.6942
6119	0.213586	0.210934	0.6942
6120	0.213586	0.210934	0.6942
6121	0.213586	0.210933	0.6942
6122	0.213585	0.210933	0.6942
6123	0.213585	0.210933	0.6942
6124	0.213585	0.210933	0.6942
6125	0.213585	0.210933	0.6942
6126	0.213585	0.210933	0.6942
6127	0.213585	0.210933	0.6942
6128	0.213585	0.210932	0.6942
6129	0.213585	0.210932	0.6942
6130	0.213585	0.210932	0.6942
6131	0.213585	0.210932	0.6942
6132	0.213584	0.210932	0.6942
6133	0.213584	0.210932	0.6942
6134	0.213584	0.210932	0.6942
6135	0.213584	0.210931	0.6942
6136	0.213584	0.210931	0.6942
6137	0.213584	0.210931	0.6942
6138	0.213584	0.210931	0.6942
6139	0.213584	0.210931	0.6942
6140	0.213584	0.210931	0.6942
6141	0.213584	0.210930	0.6942
6142	0.213584	0.210930	0.6942
6143	0.213583	0.210930	0.6942
6144	0.213583	0.210930	0.6942
6145	0.213583	0.210930	0.6942
6146	0.213583	0.210930	0.6942
6147	0.213583	0.210930	0.6942
6148	0.213583	0.210929	0.6942
6149	0.213583	0.210929	0.6942
6150	0.213583	0.210929	0.6942
6151	0.213583	0.210929	0.6942
6152	0.213583	0.210929	0.6942
6153	0.213582	0.210929	0.6942
6154	0.213582	0.210929	0.6942
6155	0.213582	0.210928	0.6942
6156	0.213582	0.210928	0.6942
6157	0.213582	0.210928	0.6942
6158	0.213582	0.210928	0.6942
6159	0.213582	0.210928	0.6942
6160	0.213582	0.210928	0.6942
6161	0.213582	0.210928	0.6942
6162	0.213582	0.210927	0.6942
6163	0.213582	0.210927	0.6942
6164	0.213581	0.210927	0.6942
6165	0.213581	0.210927	0.6942
6166	0.213581	0.210927	0.6942
6167	0.213581	0.210927	0.6942
6168	0.213581	0.210927	0.6942
6169	0.213581	0.210927	0.6942
6170	0.213581	0.210926	0.6942
6171	0.213581	0.210926	0.6942
6172	0.213581	0.210926	0.6942
6173	0.213581	0.210926	0.6942
6174	0.213581	0.210926	0.6942
6175	0.213580	0.210926	0.6942
6176	0.213580	0.210926	0.6942
6177	0.213580	0.210925	0.6942
6178	0.213580	0.210925	0.6942
6179	0.213580	0.210925	0.6942
6180	0.213580	0.210925	0.6942
6181	0.213580	0.210925	0.6942
6182	0.213580	0.210925	0.6942
6183	0.213580	0.210925	0.6942
6184	0.213580	0.210924	0.6942
6185	0.213580	0.210924	0.6942
6186	0.213579	0.210924	0.6942
6187	0.213579	0.210924	0.6942
6188	0.213579	0.210924	0.6942
6189	0.213579	0.210924	0.6942
6190	0.213579	0.210924	0.6942
6191	0.213579	0.210923	0.6942
6192	0.213579	0.210923	0.6942
6193	0.213579	0.210923	0.6942
6194	0.213579	0.210923	0.6942
6195	0.213579	0.210923	0.6942
6196	0.213579	0.210923	0.6942
6197	0.213579	0.210923	0.6942
6198	0.213578	0.210923	0.6942
6199	0.213578	0.210922	0.6942
6200	0.213578	0.210922	0.6942
6201	0.213578	0.210922	0.6942
6202	0.213578	0.210922	0.6942
6203	0.213578	0.210922	0.6942
6204	0.213578	0.210922	0.6942
6205	0.213578	0.210922	0.6942
6206	0.213578	0.210921	0.6942
6207	0.213578	0.210921	0.6942
6208	0.213578	0.210921	0.6942
6209	0.213577	0.210921	0.6942
6210	0.213577	0.210921	0.6942
6211	0.213577	0.210921	0.6942
6212	0.213577	0.210921	0.6942
6213	0.213577	0.210921	0.6942
6214	0.213577	0.210920	0.6942
6215	0.213577	0.210920	0.6942
6216	0.213577	0.210920	0.6942
6217	0.213577	0.210920	0.6942
6218	0.213577	0.210920	0.6942
6219	0.213577	0.210920	0.6942
6220	0.213577	0.210920	0.6942
6221	0.213576	0.210919	0.6942
6222	0.213576	0.210919	0.6942
6223	0.213576	0.210919	0.6942
6224	0.213576	0.210919	0.6942
6225	0.213576	0.210919	0.6942
6226	0.213576	0.210919	0.6942
6227	0.213576	0.210919	0.6942
6228	0.213576	0.210919	0.6942
6229	0.213576	0.210918	0.6942
6230	0.213576	0.210918	0.6942
6231	0.213576	0.210918	0.6942
6232	0.213576	0.210918	0.6942
6233	0.213575	0.210918	0.6942
6234	0.213575	0.210918	0.6942
6235	0.213575	0.210918	0.6942
6236	0.213575	0.210917	0.6942
6237	0.213575	0.210917	0.6942
6238	0.213575	0.210917	0.6942
6239	0.213575	0.210917	0.6942
6240	0.213575	0.210917	0.6942
6241	0.213575	0.210917	0.6942
6242	0.213575	0.210917	0.6942
6243	0.213575	0.210917	0.6942
6244	0.213575	0.210916	0.6942
6245	0.213574	0.210916	0.6942
6246	0.213574	0.210916	0.6942
6247	0.213574	0.210916	0.6942
6248	0.213574	0.210916	0.6942
6249	0.213574	0.210916	0.6942
6250	0.213574	0.210916	0.6942
6251	0.213574	0.210916	0.6942
6252	0.213574	0.210915	0.6942
6253	0.213574	0.210915	0.6942
6254	0.213574	0.210915	0.6942
6255	0.213574	0.210915	0.6942
6256	0.213574	0.210915	0.6942
6257	0.213573	0.210915	0.6942
6258	0.213573	0.210915	0.6942
6259	0.213573	0.210915	0.6942
6260	0.213573	0.210914	0.6942
6261	0.213573	0.210914	0.6942
6262	0.213573	0.210914	0.6942
6263	0.213573	0.210914	0.6942
6264	0.213573	0.210914	0.6942
6265	0.213573	0.210914	0.6942
6266	0.213573	0.210914	0.6942
6267	0.213573	0.210914	0.6942
6268	0.213573	0.210913	0.6942
6269	0.213573	0.210913	0.6942
6270	0.213572	0.210913	0.6942
6271	0.213572	0.210913	0.6942
6272	0.213572	0.210913	0.6942
6273	0.213572	0.210913	0.6942
6274	0.213572	0.210913	0.6942
6275	0.213572	0.210913	0.6942
6276	0.213572	0.210912	0.6942
6277	0.213572	0.210912	0.6942
6278	0.213572	0.210912	0.6942
6279	0.213572	0.210912	0.6942
6280	0.213572	0.210912	0.6942
6281	0.213572	0.210912	0.6942
6282	0.213571	0.210912	0.6942
6283	0.213571	0.210912	0.6942
6284	0.213571	0.210911	0.6942
6285	0.213571	0.210911	0.6942
6286	0.213571	0.210911	0.6942
6287	0.213571	0.210911	0.6942
6288	0.213571	0.210911	0.6942
6289	0.213571	0.210911	0.6942
6290	0.213571	0.210911	0.6942
6291	0.213571	0.210911	0.6942
6292	0.213571	0.210910	0.6942
6293	0.213571	0.210910	0.6942
6294	0.213571	0.210910	0.6942
6295	0.213570	0.210910	0.6942
6296	0.213570	0.210910	0.6942
6297	0.213570	0.210910	0.6942
6298	0.213570	0.210910	0.6942
6299	0.213570	0.210910	0.6942
6300	0.213570	0.210910	0.6942
6301	0.213570	0.210909	0.6942
6302	0.213570	0.210909	0.6942
6303	0.213570	0.210909	0.6942
6304	0.213570	0.210909	0.6942
6305	0.213570	0.210909	0.6942
6306	0.213570	0.210909	0.6942
6307	0.213570	0.210909	0.6942
6308	0.213569	0.210909	0.6942
6309	0.213569	0.210908	0.6942
6310	0.213569	0.210908	0.6942
6311	0.213569	0.210908	0.6942
6312	0.213569	0.210908	0.6942
6313	0.213569	0.210908	0.6942
6314	0.213569	0.210908	0.6942
6315	0.213569	0.210908	0.6942
6316	0.213569	0.210908	0.6942
6317	0.213569	0.210907	0.6942
6318	0.213569	0.210907	0.6942
6319	0.213569	0.210907	0.6942
6320	0.213569	0.210907	0.6942
6321	0.213569	0.210907	0.6942
6322	0.213568	0.210907	0.6942
6323	0.213568	0.210907	0.6942
6324	0.213568	0.210907	0.6942
6325	0.213568	0.210907	0.6942
6326	0.213568	0.210906	0.6942
6327	0.213568	0.210906	0.6942
6328	0.213568	0.210906	0.6942
6329	0.213568	0.210906	0.6942
6330	0.213568	0.210906	0.6942
6331	0.213568	0.210906	0.6942
6332	0.213568	0.210906	0.6942
6333	0.213568	0.210906	0.6942
6334	0.213568	0.210905	0.6942
6335	0.213567	0.210905	0.6942
6336	0.213567	0.210905	0.6942
6337	0.213567	0.210905	0.6942
6338	0.213567	0.210905	0.6942
6339	0.213567	0.210905	0.6942
6340	0.213567	0.210905	0.6942
6341	0.213567	0.210905	0.6942
6342	0.213567	0.210905	0.6942
6343	0.213567	0.210904	0.6942
6344	0.213567	0.210904	0.6942
6345	0.213567	0.210904	0.6942
6346	0.213567	0.210904	0.6942
6347	0.213567	0.210904	0.6942
6348	0.213567	0.210904	0.6942
6349	0.213566	0.210904	0.6942
6350	0.213566	0.210904	0.6942
6351	0.213566	0.210904	0.6942
6352	0.213566	0.210903	0.6942
6353	0.213566	0.210903	0.6942
6354	0.213566	0.210903	0.6942
6355	0.213566	0.210903	0.6942
6356	0.213566	0.210903	0.6942
6357	0.213566	0.210903	0.6942
6358	0.213566	0.210903	0.6942
6359	0.213566	0.210903	0.6942
6360	0.213566	0.210902	0.6942
6361	0.213566	0.210902	0.6942
6362	0.213566	0.210902	0.6942
6363	0.213565	0.210902	0.6942
6364	0.213565	0.210902	0.6942
6365	0.213565	0.210902	0.6942
6366	0.213565	0.210902	0.6942
6367	0.213565	0.210902	0.6942
6368	0.213565	0.210902	0.6942
6369	0.213565	0.210901	0.6942
6370	0.213565	0.210901	0.6942
6371	0.213565	0.210901	0.6942
6372	0.213565	0.210901	0.6942
6373	0.213565	0.210901	0.6942
6374	0.213565	0.210901	0.6942
6375	0.213565	0.210901	0.6942
6376	0.213565	0.210901	0.6942
6377	0.213564	0.210901	0.6942
6378	0.213564	0.210900	0.6942
6379	0.213564	0.210900	0.6942
6380	0.213564	0.210900	0.6942
6381	0.213564	0.210900	0.6942
6382	0.213564	0.210900	0.6942
6383	0.213564	0.210900	0.6942
6384	0.213564	0.210900	0.6942
6385	0.213564	0.210900	0.6942
6386	0.213564	0.210900	0.6942
6387	0.213564	0.210899	0.6942
6388	0.213564	0.210899	0.6942
6389	0.213564	0.210899	0.6942
6390	0.213564	0.210899	0.6942
6391	0.213564	0.210899	0.6942
6392	0.213563	0.210899	0.6942
6393	0.213563	0.210899	0.6942
6394	0.213563	0.210899	0.6942
6395	0.213563	0.210899	0.6942
6396	0.213563	0.210899	0.6942
6397	0.213563	0.210898	0.6942
6398	0.213563	0.210898	0.6942
6399	0.213563	0.210898	0.6942
6400	0.213563	0.210898	0.6942
6401	0.213563	0.210898	0.6942
6402	0.213563	0.210898	0.6942
6403	0.213563	0.210898	0.6942
6404	0.213563	0.210898	0.6942
6405	0.213563	0.210898	0.6942
6406	0.213563	0.210897	0.6942
6407	0.213562	0.210897	0.6942
6408	0.213562	0.210897	0.6942
6409	0.213562	0.210897	0.6942
6410	0.213562	0.210897	0.6942
6411	0.213562	0.210897	0.6942
6412	0.213562	0.210897	0.6942
6413	0.213562	0.210897	0.6942
6414	0.213562	0.210897	0.6942
6415	0.213562	0.210896	0.6942
6416	0.213562	0.210896	0.6942
6417	0.213562	0.210896	0.6942
6418	0.213562	0.210896	0.6942
6419	0.213562	0.210896	0.6942
6420	0.213562	0.210896	0.6942
6421	0.213562	0.210896	0.6942
6422	0.213561	0.210896	0.6942
6423	0.213561	0.210896	0.6942
6424	0.213561	0.210896	0.6942
6425	0.213561	0.210895	0.6942
6426	0.213561	0.210895	0.6942
6427	0.213561	0.210895	0.6942
6428	0.213561	0.210895	0.6942
6429	0.213561	0.210895	0.6942
6430	0.213561	0.210895	0.6942
6431	0.213561	0.210895	0.6942
6432	0.213561	0.210895	0.6942
6433	0.213561	0.210895	0.6942
6434	0.213561	0.210894	0.6942
6435	0.213561	0.210894	0.6942
6436	0.213561	0.210894	0.6942
6437	0.213560	0.210894	0.6942
6438	0.213560	0.210894	0.6942
6439	0.213560	0.210894	0.6942
6440	0.213560	0.210894	0.6942
6441	0.213560	0.210894	0.6942
6442	0.213560	0.210894	0.6942
6443	0.213560	0.210894	0.6942
6444	0.213560	0.210893	0.6942
6445	0.213560	0.210893	0.6942
6446	0.213560	0.210893	0.6942
6447	0.213560	0.210893	0.6942
6448	0.213560	0.210893	0.6942
6449	0.213560	0.210893	0.6942
6450	0.213560	0.210893	0.6942
6451	0.213560	0.210893	0.6942
6452	0.213560	0.210893	0.6942
6453	0.213559	0.210893	0.6942
6454	0.213559	0.210892	0.6942
6455	0.213559	0.210892	0.6942
6456	0.213559	0.210892	0.6942
6457	0.213559	0.210892	0.6942
6458	0.213559	0.210892	0.6942
6459	0.213559	0.210892	0.6942
6460	0.213559	0.210892	0.6942
6461	0.213559	0.210892	0.6942
6462	0.213559	0.210892	0.6942
6463	0.213559	0.210891	0.6942
6464	0.213559	0.210891	0.6942
6465	0.213559	0.210891	0.6942
6466	0.213559	0.210891	0.6942
6467	0.213559	0.210891	0.6942
6468	0.213559	0.210891	0.6942
6469	0.213558	0.210891	0.6942
6470	0.213558	0.210891	0.6942
6471	0.213558	0.210891	0.6942
6472	0.213558	0.210891	0.6942
6473	0.213558	0.210890	0.6942
6474	0.213558	0.210890	0.6942
6475	0.213558	0.210890	0.6942
6476	0.213558	0.210890	0.6942
6477	0.213558	0.210890	0.6942
6478	0.213558	0.210890	0.6942
6479	0.213558	0.210890	0.6942
6480	0.213558	0.210890	0.6942
6481	0.213558	0.210890	0.6942
6482	0.213558	0.210890	0.6942
6483	0.213558	0.210889	0.6942
6484	0.213558	0.210889	0.6942
6485	0.213558	0.210889	0.6942
6486	0.213557	0.210889	0.6942
6487	0.213557	0.210889	0.6942
6488	0.213557	0.210889	0.6942
6489	0.213557	0.210889	0.6942
6490	0.213557	0.210889	0.6942
6491	0.213557	0.210889	0.6942
6492	0.213557	0.210889	0.6942
6493	0.213557	0.210889	0.6942
6494	0.213557	0.210888	0.6942
6495	0.213557	0.210888	0.6942
6496	0.213557	0.210888	0.6942
6497	0.213557	0.210888	0.6942
6498	0.213557	0.210888	0.6942
6499	0.213557	0.210888	0.6942
6500	0.213557	0.210888	0.6942
6501	0.213557	0.210888	0.6942
6502	0.213556	0.210888	0.6942
6503	0.213556	0.210888	0.6942
6504	0.213556	0.210887	0.6942
6505	0.213556	0.210887	0.6942
6506	0.213556	0.210887	0.6942
6507	0.213556	0.210887	0.6942
6508	0.213556	0.210887	0.6942
6509	0.213556	0.210887	0.6942
6510	0.213556	0.210887	0.6942
6511	0.213556	0.210887	0.6942
6512	0.213556	0.210887	0.6942
6513	0.213556	0.210887	0.6942
6514	0.213556	0.210886	0.6942
6515	0.213556	0.210886	0.6942
6516	0.213556	0.210886	0.6942
6517	0.213556	0.210886	0.6942
6518	0.213556	0.210886	0.6942
6519	0.213555	0.210886	0.6942
6520	0.213555	0.210886	0.6942
6521	0.213555	0.210886	0.6942
6522	0.213555	0.210886	0.6942
6523	0.213555	0.210886	0.6942
6524	0.213555	0.210886	0.6942
6525	0.213555	0.210885	0.6942
6526	0.213555	0.210885	0.6942
6527	0.213555	0.210885	0.6942
6528	0.213555	0.210885	0.6942
6529	0.213555	0.210885	0.6942
6530	0.213555	0.210885	0.6942
6531	0.213555	0.210885	0.6942
6532	0.213555	0.210885	0.6942
6533	0.213555	0.210885	0.6942
6534	0.213555	0.210885	0.6942
6535	0.213555	0.210884	0.6942
6536	0.213555	0.210884	0.6942
6537	0.213554	0.210884	0.6942
6538	0.213554	0.210884	0.6942
6539	0.213554	0.210884	0.6942
6540	0.213554	0.210884	0.6942
6541	0.213554	0.210884	0.6942
6542	0.213554	0.210884	0.6942
6543	0.213554	0.210884	0.6942
6544	0.213554	0.210884	0.6942
6545	0.213554	0.210884	0.6942
6546	0.213554	0.210883	0.6942
6547	0.213554	0.210883	0.6942
6548	0.213554	0.210883	0.6942
6549	0.213554	0.210883	0.6942
6550	0.213554	0.210883	0.6942
6551	0.213554	0.210883	0.6942
6552	0.213554	0.210883	0.6942
6553	0.213554	0.210883	0.6942
6554	0.213554	0.210883	0.6942
6555	0.213553	0.210883	0.6942
6556	0.213553	0.210883	0.6942
6557	0.213553	0.210882	0.6942
6558	0.213553	0.210882	0.6942
6559	0.213553	0.210882	0.6942
6560	0.213553	0.210882	0.6942
6561	0.213553	0.210882	0.6942
6562	0.213553	0.210882	0.6942
6563	0.213553	0.210882	0.6942
6564	0.213553	0.210882	0.6942
6565	0.213553	0.210882	0.6942
6566	0.213553	0.210882	0.6942
6567	0.213553	0.210882	0.6942
6568	0.213553	0.210881	0.6942
6569	0.213553	0.210881	0.6942
6570	0.213553	0.210881	0.6942
6571	0.213553	0.210881	0.6942
6572	0.213553	0.210881	0.6942
6573	0.213552	0.210881	0.6942
6574	0.213552	0.210881	0.6942
6575	0.213552	0.210881	0.6942
6576	0.213552	0.210881	0.6942
6577	0.213552	0.210881	0.6942
6578	0.213552	0.210881	0.6942
6579	0.213552	0.210880	0.6942
6580	0.213552	0.210880	0.6942
6581	0.213552	0.210880	0.6942
6582	0.213552	0.210880	0.6942
6583	0.213552	0.210880	0.6942
6584	0.213552	0.210880	0.6942
6585	0.213552	0.210880	0.6942
6586	0.213552	0.210880	0.6942
6587	0.213552	0.210880	0.6942
6588	0.213552	0.210880	0.6942
6589	0.213552	0.210880	0.6942
6590	0.213552	0.210879	0.6942
6591	0.213552	0.210879	0.6942
6592	0.213551	0.210879	0.6942
6593	0.213551	0.210879	0.6942
6594	0.213551	0.210879	0.6942
6595	0.213551	0.210879	0.6942
6596	0.213551	0.210879	0.6942
6597	0.213551	0.210879	0.6942
6598	0.213551	0.210879	0.6942
6599	0.213551	0.210879	0.6942
6600	0.213551	0.210879	0.6942
6601	0.213551	0.210879	0.6942
6602	0.213551	0.210878	0.6942
6603	0.213551	0.210878	0.6942
6604	0.213551	0.210878	0.6942
6605	0.213551	0.210878	0.6942
6606	0.213551	0.210878	0.6942
6607	0.213551	0.210878	0.6942
6608	0.213551	0.210878	0.6942
6609	0.213551	0.210878	0.6942
6610	0.213551	0.210878	0.6942
6611	0.213550	0.210878	0.6942
6612	0.213550	0.210878	0.6942
6613	0.213550	0.210877	0.6942
6614	0.213550	0.210877	0.6942
6615	0.213550	0.210877	0.6942
6616	0.213550	0.210877	0.6942
6617	0.213550	0.210877	0.6942
6618	0.213550	0.210877	0.6942
6619	0.213550	0.210877	0.6942
6620	0.213550	0.210877	0.6942
6621	0.213550	0.210877	0.6942
6622	0.213550	0.210877	0.6942
6623	0.213550	0.210877	0.6942
6624	0.213550	0.210877	0.6942
6625	0.213550	0.210876	0.6942
6626	0.213550	0.210876	0.6942
6627	0.213550	0.210876	0.6942
6628	0.213550	0.210876	0.6942
6629	0.213550	0.210876	0.6942
6630	0.213549	0.210876	0.6942
6631	0.213549	0.210876	0.6942
6632	0.213549	0.210876	0.6942
6633	0.213549	0.210876	0.6942
6634	0.213549	0.210876	0.6942
6635	0.213549	0.210876	0.6942
6636	0.213549	0.210875	0.6942
6637	0.213549	0.210875	0.6942
6638	0.213549	0.210875	0.6942
6639	0.213549	0.210875	0.6942
6640	0.213549	0.210875	0.6942
6641	0.213549	0.210875	0.6942
6642	0.213549	0.210875	0.6942
6643	0.213549	0.210875	0.6942
6644	0.213549	0.210875	0.6942
6645	0.213549	0.210875	0.6942
6646	0.213549	0.210875	0.6942
6647	0.213549	0.210875	0.6942
6648	0.213549	0.210874	0.6942
6649	0.213549	0.210874	0.6942
6650	0.213548	0.210874	0.6942
6651	0.213548	0.210874	0.6942
6652	0.213548	0.210874	0.6942
6653	0.213548	0.210874	0.6942
6654	0.213548	0.210874	0.6942
6655	0.213548	0.210874	0.6942
6656	0.213548	0.210874	0.6942
6657	0.213548	0.210874	0.6942
6658	0.213548	0.210874	0.6942
6659	0.213548	0.210874	0.6942
6660	0.213548	0.210873	0.6942
6661	0.213548	0.210873	0.6942
6662	0.213548	0.210873	0.6942
6663	0.213548	0.210873	0.6942
6664	0.213548	0.210873	0.6942
6665	0.213548	0.210873	0.6942
6666	0.213548	0.210873	0.6942
6667	0.213548	0.210873	0.6942
6668	0.213548	0.210873	0.6942
6669	0.213548	0.210873	0.6942
6670	0.213548	0.210873	0.6942
6671	0.213547	0.210873	0.6942
6672	0.213547	0.210873	0.6942
6673	0.213547	0.210872	0.6942
6674	0.213547	0.210872	0.6942
6675	0.213547	0.210872	0.6942
6676	0.213547	0.210872	0.6942
6677	0.213547	0.210872	0.6942
6678	0.213547	0.210872	0.6942
6679	0.213547	0.210872	0.6942
6680	0.213547	0.210872	0.6942
6681	0.213547	0.210872	0.6942
6682	0.213547	0.210872	0.6942
6683	0.213547	0.210872	0.6942
6684	0.213547	0.210872	0.6942
6685	0.213547	0.210871	0.6942
6686	0.213547	0.210871	0.6942
6687	0.213547	0.210871	0.6942
6688	0.213547	0.210871	0.6942
6689	0.213547	0.210871	0.6942
6690	0.213547	0.210871	0.6942
6691	0.213547	0.210871	0.6942
6692	0.213546	0.210871	0.6942
6693	0.213546	0.210871	0.6942
6694	0.213546	0.210871	0.6942
6695	0.213546	0.210871	0.6942
6696	0.213546	0.210871	0.6942
6697	0.213546	0.210870	0.6942
6698	0.213546	0.210870	0.6942
6699	0.213546	0.210870	0.6942
6700	0.213546	0.210870	0.6942
6701	0.213546	0.210870	0.6942
6702	0.213546	0.210870	0.6942
6703	0.213546	0.210870	0.6942
6704	0.213546	0.210870	0.6942
6705	0.213546	0.210870	0.6942
6706	0.213546	0.210870	0.6942
6707	0.213546	0.210870	0.6942
6708	0.213546	0.210870	0.6942
6709	0.213546	0.210870	0.6942
6710	0.213546	0.210869	0.6942
6711	0.213546	0.210869	0.6942
6712	0.213546	0.210869	0.6942
6713	0.213545	0.210869	0.6942
6714	0.213545	0.210869	0.6942
6715	0.213545	0.210869	0.6942
6716	0.213545	0.210869	0.6942
6717	0.213545	0.210869	0.6942
6718	0.213545	0.210869	0.6942
6719	0.213545	0.210869	0.6942
6720	0.213545	0.210869	0.6942
6721	0.213545	0.210869	0.6942
6722	0.213545	0.210869	0.6942
6723	0.213545	0.210868	0.6942
6724	0.213545	0.210868	0.6942
6725	0.213545	0.210868	0.6942
6726	0.213545	0.210868	0.6942
6727	0.213545	0.210868	0.6942
6728	0.213545	0.210868	0.6942
6729	0.213545	0.210868	0.6942
6730	0.213545	0.210868	0.6942
6731	0.213545	0.210868	0.6942
6732	0.213545	0.210868	0.6942
6733	0.213545	0.210868	0.6942
6734	0.213545	0.210868	0.6942
6735	0.213545	0.210868	0.6942
6736	0.213544	0.210867	0.6942
6737	0.213544	0.210867	0.6942
6738	0.213544	0.210867	0.6942
6739	0.213544	0.210867	0.6942
6740	0.213544	0.210867	0.6942
6741	0.213544	0.210867	0.6942
6742	0.213544	0.210867	0.6942
6743	0.213544	0.210867	0.6942
6744	0.213544	0.210867	0.6942
6745	0.213544	0.210867	0.6942
6746	0.213544	0.210867	0.6942
6747	0.213544	0.210867	0.6942
6748	0.213544	0.210867	0.6942
6749	0.213544	0.210866	0.6942
6750	0.213544	0.210866	0.6942
6751	0.213544	0.210866	0.6942
6752	0.213544	0.210866	0.6942
6753	0.213544	0.210866	0.6942
6754	0.213544	0.210866	0.6942
6755	0.213544	0.210866	0.6942
6756	0.213544	0.210866	0.6942
6757	0.213544	0.210866	0.6942
6758	0.213543	0.210866	0.6942
6759	0.213543	0.210866	0.6942
6760	0.213543	0.210866	0.6942
6761	0.213543	0.210866	0.6942
6762	0.213543	0.210865	0.6942
6763	0.213543	0.210865	0.6942
6764	0.213543	0.210865	0.6942
6765	0.213543	0.210865	0.6942
6766	0.213543	0.210865	0.6942
6767	0.213543	0.210865	0.6942
6768	0.213543	0.210865	0.6942
6769	0.213543	0.210865	0.6942
6770	0.213543	0.210865	0.6942
6771	0.213543	0.210865	0.6942
6772	0.213543	0.210865	0.6942
6773	0.213543	0.210865	0.6942
6774	0.213543	0.210865	0.6942
6775	0.213543	0.210865	0.6942
6776	0.213543	0.210864	0.6942
6777	0.213543	0.210864	0.6942
6778	0.213543	0.210864	0.6942
6779	0.213543	0.210864	0.6942
6780	0.213543	0.210864	0.6942
6781	0.213543	0.210864	0.6942
6782	0.213542	0.210864	0.6942
6783	0.213542	0.210864	0.6942
6784	0.213542	0.210864	0.6942
6785	0.213542	0.210864	0.6942
6786	0.213542	0.210864	0.6942
6787	0.213542	0.210864	0.6942
6788	0.213542	0.210864	0.6942
6789	0.213542	0.210863	0.6942
6790	0.213542	0.210863	0.6942
6791	0.213542	0.210863	0.6942
6792	0.213542	0.210863	0.6942
6793	0.213542	0.210863	0.6942
6794	0.213542	0.210863	0.6942
6795	0.213542	0.210863	0.6942
6796	0.213542	0.210863	0.6942
6797	0.213542	0.210863	0.6942
6798	0.213542	0.210863	0.6942
6799	0.213542	0.210863	0.6942
6800	0.213542	0.210863	0.6942
6801	0.213542	0.210863	0.6942
6802	0.213542	0.210863	0.6942
6803	0.213542	0.210862	0.6942
6804	0.213542	0.210862	0.6942
6805	0.213542	0.210862	0.6942
6806	0.213541	0.210862	0.6942
6807	0.213541	0.210862	0.6942
6808	0.213541	0.210862	0.6942
6809	0.213541	0.210862	0.6942
6810	0.213541	0.210862	0.6942
6811	0.213541	0.210862	0.6942
6812	0.213541	0.210862	0.6942
6813	0.213541	0.210862	0.6942
6814	0.213541	0.210862	0.6942
6815	0.213541	0.210862	0.6942
6816	0.213541	0.210862	0.6942
6817	0.213541	0.210861	0.6942
6818	0.213541	0.210861	0.6942
6819	0.213541	0.210861	0.6942
6820	0.213541	0.210861	0.6942
6821	0.213541	0.210861	0.6942
6822	0.213541	0.210861	0.6942
6823	0.213541	0.210861	0.6942
6824	0.213541	0.210861	0.6942
6825	0.213541	0.210861	0.6942
6826	0.213541	0.210861	0.6942
6827	0.213541	0.210861	0.6942
6828	0.213541	0.210861	0.6942
6829	0.213541	0.210861	0.6942
6830	0.213540	0.210861	0.6942
6831	0.213540	0.210860	0.6942
6832	0.213540	0.210860	0.6942
6833	0.213540	0.210860	0.6942
6834	0.213540	0.210860	0.6942
6835	0.213540	0.210860	0.6942
6836	0.213540	0.210860	0.6942
6837	0.213540	0.210860	0.6942
6838	0.213540	0.210860	0.6942
6839	0.213540	0.210860	0.6942
6840	0.213540	0.210860	0.6942
6841	0.213540	0.210860	0.6942
6842	0.213540	0.210860	0.6942
6843	0.213540	0.210860	0.6942
6844	0.213540	0.210860	0.6942
6845	0.213540	0.210860	0.6942
6846	0.213540	0.210859	0.6942
6847	0.213540	0.210859	0.6942
6848	0.213540	0.210859	0.6942
6849	0.213540	0.210859	0.6942
6850	0.213540	0.210859	0.6942
6851	0.213540	0.210859	0.6942
6852	0.213540	0.210859	0.6942
6853	0.213540	0.210859	0.6942
6854	0.213540	0.210859	0.6942
6855	0.213540	0.210859	0.6942
6856	0.213539	0.210859	0.6942
6857	0.213539	0.210859	0.6942
6858	0.213539	0.210859	0.6942
6859	0.213539	0.210859	0.6942
6860	0.213539	0.210859	0.6942
6861	0.213539	0.210858	0.6942
6862	0.213539	0.210858	0.6942
6863	0.213539	0.210858	0.6942
6864	0.213539	0.210858	0.6942
6865	0.213539	0.210858	0.6942
6866	0.213539	0.210858	0.6942
6867	0.213539	0.210858	0.6942
6868	0.213539	0.210858	0.6942
6869	0.213539	0.210858	0.6942
6870	0.213539	0.210858	0.6942
6871	0.213539	0.210858	0.6942
6872	0.213539	0.210858	0.6942
6873	0.213539	0.210858	0.6942
6874	0.213539	0.210858	0.6942
6875	0.213539	0.210857	0.6942
6876	0.213539	0.210857	0.6942
6877	0.213539	0.210857	0.6942
6878	0.213539	0.210857	0.6942
6879	0.213539	0.210857	0.6942
6880	0.213539	0.210857	0.6942
6881	0.213539	0.210857	0.6942
6882	0.213538	0.210857	0.6942
6883	0.213538	0.210857	0.6942
6884	0.213538	0.210857	0.6942
6885	0.213538	0.210857	0.6942
6886	0.213538	0.210857	0.6942
6887	0.213538	0.210857	0.6942
6888	0.213538	0.210857	0.6942
6889	0.213538	0.210857	0.6942
6890	0.213538	0.210856	0.6942
6891	0.213538	0.210856	0.6942
6892	0.213538	0.210856	0.6942
6893	0.213538	0.210856	0.6942
6894	0.213538	0.210856	0.6942
6895	0.213538	0.210856	0.6942
6896	0.213538	0.210856	0.6942
6897	0.213538	0.210856	0.6942
6898	0.213538	0.210856	0.6942
6899	0.213538	0.210856	0.6942
6900	0.213538	0.210856	0.6942
6901	0.213538	0.210856	0.6942
6902	0.213538	0.210856	0.6942
6903	0.213538	0.210856	0.6942
6904	0.213538	0.210856	0.6942
6905	0.213538	0.210856	0.6942
6906	0.213538	0.210855	0.6942
6907	0.213538	0.210855	0.6942
6908	0.213538	0.210855	0.6942
6909	0.213537	0.210855	0.6942
6910	0.213537	0.210855	0.6942
6911	0.213537	0.210855	0.6942
6912	0.213537	0.210855	0.6942
6913	0.213537	0.210855	0.6942
6914	0.213537	0.210855	0.6942
6915	0.213537	0.210855	0.6942
6916	0.213537	0.210855	0.6942
6917	0.213537	0.210855	0.6942
6918	0.213537	0.210855	0.6942
6919	0.213537	0.210855	0.6942
6920	0.213537	0.210855	0.6942
6921	0.213537	0.210854	0.6942
6922	0.213537	0.210854	0.6942
6923	0.213537	0.210854	0.6942
6924	0.213537	0.210854	0.6942
6925	0.213537	0.210854	0.6942
6926	0.213537	0.210854	0.6942
6927	0.213537	0.210854	0.6942
6928	0.213537	0.210854	0.6942
6929	0.213537	0.210854	0.6942
6930	0.213537	0.210854	0.6942
6931	0.213537	0.210854	0.6942
6932	0.213537	0.210854	0.6942
6933	0.213537	0.210854	0.6942
6934	0.213537	0.210854	0.6942
6935	0.213537	0.210854	0.6942
6936	0.213537	0.210854	0.6942
6937	0.213536	0.210853	0.6942
6938	0.213536	0.210853	0.6942
6939	0.213536	0.210853	0.6942
6940	0.213536	0.210853	0.6942
6941	0.213536	0.210853	0.6942
6942	0.213536	0.210853	0.6942
6943	0.213536	0.210853	0.6942
6944	0.213536	0.210853	0.6942
6945	0.213536	0.210853	0.6942
6946	0.213536	0.210853	0.6942
6947	0.213536	0.210853	0.6942
6948	0.213536	0.210853	0.6942
6949	0.213536	0.210853	0.6942
6950	0.213536	0.210853	0.6942
6951	0.213536	0.210853	0.6942
6952	0.213536	0.210853	0.6942
6953	0.213536	0.210852	0.6942
6954	0.213536	0.210852	0.6942
6955	0.213536	0.210852	0.6942
6956	0.213536	0.210852	0.6942
6957	0.213536	0.210852	0.6942
6958	0.213536	0.210852	0.6942
6959	0.213536	0.210852	0.6942
6960	0.213536	0.210852	0.6942
6961	0.213536	0.210852	0.6942
6962	0.213536	0.210852	0.6942
6963	0.213536	0.210852	0.6942
6964	0.213536	0.210852	0.6942
6965	0.213535	0.210852	0.6942
6966	0.213535	0.210852	0.6942
6967	0.213535	0.210852	0.6942
6968	0.213535	0.210852	0.6942
6969	0.213535	0.210851	0.6942
6970	0.213535	0.210851	0.6942
6971	0.213535	0.210851	0.6942
6972	0.213535	0.210851	0.6942
6973	0.213535	0.210851	0.6942
6974	0.213535	0.210851	0.6942
6975	0.213535	0.210851	0.6942
6976	0.213535	0.210851	0.6942
6977	0.213535	0.210851	0.6942
6978	0.213535	0.210851	0.6942
6979	0.213535	0.210851	0.6942
6980	0.213535	0.210851	0.6942
6981	0.213535	0.210851	0.6942
6982	0.213535	0.210851	0.6942
6983	0.213535	0.210851	0.6942
6984	0.213535	0.210851	0.6942
6985	0.213535	0.210850	0.6942
6986	0.213535	0.210850	0.6942
6987	0.213535	0.210850	0.6942
6988	0.213535	0.210850	0.6942
6989	0.213535	0.210850	0.6942
6990	0.213535	0.210850	0.6942
6991	0.213535	0.210850	0.6942
6992	0.213535	0.210850	0.6942
6993	0.213535	0.210850	0.6942
6994	0.213535	0.210850	0.6942
6995	0.213534	0.210850	0.6942
6996	0.213534	0.210850	0.6942
6997	0.213534	0.210850	0.6942
6998	0.213534	0.210850	0.6942
6999	0.213534	0.210850	0.6942
7000	0.213534	0.210850	0.6942
7001	0.213534	0.210850	0.6942
7002	0.213534	0.210849	0.6942
7003	0.213534	0.210849	0.6942
7004	0.213534	0.210849	0.6942
7005	0.213534	0.210849	0.6942
7006	0.213534	0.210849	0.6942
7007	0.213534	0.210849	0.6942
7008	0.213534	0.210849	0.6942
7009	0.213534	0.210849	0.6942
7010	0.213534	0.210849	0.6942
7011	0.213534	0.210849	0.6942
7012	0.213534	0.210849	0.6942
7013	0.213534	0.210849	0.6942
7014	0.213534	0.210849	0.6942
7015	0.213534	0.210849	0.6942
7016	0.213534	0.210849	0.6942
7017	0.213534	0.210849	0.6942
7018	0.213534	0.210849	0.6942
7019	0.213534	0.210848	0.6942
7020	0.213534	0.210848	0.6942
7021	0.213534	0.210848	0.6942
7022	0.213534	0.210848	0.6942
7023	0.213534	0.210848	0.6942
7024	0.213534	0.210848	0.6942
7025	0.213534	0.210848	0.6942
7026	0.213533	0.210848	0.6942
7027	0.213533	0.210848	0.6942
7028	0.213533	0.210848	0.6942
7029	0.213533	0.210848	0.6942
7030	0.213533	0.210848	0.6942
7031	0.213533	0.210848	0.6942
7032	0.213533	0.210848	0.6942
7033	0.213533	0.210848	0.6942
7034	0.213533	0.210848	0.6942
7035	0.213533	0.210848	0.6942
7036	0.213533	0.210847	0.6942
7037	0.213533	0.210847	0.6942
7038	0.213533	0.210847	0.6942
7039	0.213533	0.210847	0.6942
7040	0.213533	0.210847	0.6942
7041	0.213533	0.210847	0.6942
7042	0.213533	0.210847	0.6942
7043	0.213533	0.210847	0.6942
7044	0.213533	0.210847	0.6942
7045	0.213533	0.210847	0.6942
7046	0.213533	0.210847	0.6942
7047	0.213533	0.210847	0.6942
7048	0.213533	0.210847	0.6942
7049	0.213533	0.210847	0.6942
7050	0.213533	0.210847	0.6942
7051	0.213533	0.210847	0.6942
7052	0.213533	0.210847	0.6942
7053	0.213533	0.210846	0.6942
7054	0.213533	0.210846	0.6942
7055	0.213533	0.210846	0.6942
7056	0.213533	0.210846	0.6942
7057	0.213533	0.210846	0.6942
7058	0.213532	0.210846	0.6942
7059	0.213532	0.210846	0.6942
7060	0.213532	0.210846	0.6942
7061	0.213532	0.210846	0.6942
7062	0.213532	0.210846	0.6942
7063	0.213532	0.210846	0.6942
7064	0.213532	0.210846	0.6942
7065	0.213532	0.210846	0.6942
7066	0.213532	0.210846	0.6942
7067	0.213532	0.210846	0.6942
7068	0.213532	0.210846	0.6942
7069	0.213532	0.210846	0.6942
7070	0.213532	0.210846	0.6942
7071	0.213532	0.210845	0.6942
7072	0.213532	0.210845	0.6942
7073	0.213532	0.210845	0.6942
7074	0.213532	0.210845	0.6942
7075	0.213532	0.210845	0.6942
7076	0.213532	0.210845	0.6942
7077	0.213532	0.210845	0.6942
7078	0.213532	0.210845	0.6942
7079	0.213532	0.210845	0.6942
7080	0.213532	0.210845	0.6942
7081	0.213532	0.210845	0.6942
7082	0.213532	0.210845	0.6942
7083	0.213532	0.210845	0.6942
7084	0.213532	0.210845	0.6942
7085	0.213532	0.210845	0.6942
7086	0.213532	0.210845	0.6942
7087	0.213532	0.210845	0.6942
7088	0.213532	0.210845	0.6942
7089	0.213532	0.210844	0.6942
7090	0.213532	0.210844	0.6942
7091	0.213531	0.210844	0.6942
7092	0.213531	0.210844	0.6942
7093	0.213531	0.210844	0.6942
7094	0.213531	0.210844	0.6942
7095	0.213531	0.210844	0.6942
7096	0.213531	0.210844	0.6942
7097	0.213531	0.210844	0.6942
7098	0.213531	0.210844	0.6942
7099	0.213531	0.210844	0.6942
7100	0.213531	0.210844	0.6942
7101	0.213531	0.210844	0.6942
7102	0.213531	0.210844	0.6942
7103	0.213531	0.210844	0.6942
7104	0.213531	0.210844	0.6942
7105	0.213531	0.210844	0.6942
7106	0.213531	0.210844	0.6942
7107	0.213531	0.210843	0.6942
7108	0.213531	0.210843	0.6942
7109	0.213531	0.210843	0.6942
7110	0.213531	0.210843	0.6942
7111	0.213531	0.210843	0.6942
7112	0.213531	0.210843	0.6942
7113	0.213531	0.210843	0.6942
7114	0.213531	0.210843	0.6942
7115	0.213531	0.210843	0.6942
7116	0.213531	0.210843	0.6942
7117	0.213531	0.210843	0.6942
7118	0.213531	0.210843	0.6942
7119	0.213531	0.210843	0.6942
7120	0.213531	0.210843	0.6942
7121	0.213531	0.210843	0.6942
7122	0.213531	0.210843	0.6942
7123	0.213531	0.210843	0.6942
7124	0.213531	0.210843	0.6942
7125	0.213530	0.210843	0.6942
7126	0.213530	0.210842	0.6942
7127	0.213530	0.210842	0.6942
7128	0.213530	0.210842	0.6942
7129	0.213530	0.210842	0.6942
7130	0.213530	0.210842	0.6942
7131	0.213530	0.210842	0.6942
7132	0.213530	0.210842	0.6942
7133	0.213530	0.210842	0.6942
7134	0.213530	0.210842	0.6942
7135	0.213530	0.210842	0.6942
7136	0.213530	0.210842	0.6942
7137	0.213530	0.210842	0.6942
7138	0.213530	0.210842	0.6942
7139	0.213530	0.210842	0.6942
7140	0.213530	0.210842	0.6942
7141	0.213530	0.210842	0.6942
7142	0.213530	0.210842	0.6942
7143	0.213530	0.210842	0.6942
7144	0.213530	0.210842	0.6942
7145	0.213530	0.210841	0.6942
7146	0.213530	0.210841	0.6942
7147	0.213530	0.210841	0.6942
7148	0.213530	0.210841	0.6942
7149	0.213530	0.210841	0.6942
7150	0.213530	0.210841	0.6942
7151	0.213530	0.210841	0.6942
7152	0.213530	0.210841	0.6942
7153	0.213530	0.210841	0.6942
7154	0.213530	0.210841	0.6942
7155	0.213530	0.210841	0.6942
7156	0.213530	0.210841	0.6942
7157	0.213530	0.210841	0.6942
7158	0.213530	0.210841	0.6942
7159	0.213530	0.210841	0.6942
7160	0.213529	0.210841	0.6942
7161	0.213529	0.210841	0.6942
7162	0.213529	0.210841	0.6942
7163	0.213529	0.210841	0.6942
7164	0.213529	0.210840	0.6942
7165	0.213529	0.210840	0.6942
7166	0.213529	0.210840	0.6942
7167	0.213529	0.210840	0.6942
7168	0.213529	0.210840	0.6942
7169	0.213529	0.210840	0.6942
7170	0.213529	0.210840	0.6942
7171	0.213529	0.210840	0.6942
7172	0.213529	0.210840	0.6942
7173	0.213529	0.210840	0.6942
7174	0.213529	0.210840	0.6942
7175	0.213529	0.210840	0.6942
7176	0.213529	0.210840	0.6942
7177	0.213529	0.210840	0.6942
7178	0.213529	0.210840	0.6942
7179	0.213529	0.210840	0.6942
7180	0.213529	0.210840	0.6942
7181	0.213529	0.210840	0.6942
7182	0.213529	0.210840	0.6942
7183	0.213529	0.210839	0.6942
7184	0.213529	0.210839	0.6942
7185	0.213529	0.210839	0.6942
7186	0.213529	0.210839	0.6942
7187	0.213529	0.210839	0.6942
7188	0.213529	0.210839	0.6942
7189	0.213529	0.210839	0.6942
7190	0.213529	0.210839	0.6942
7191	0.213529	0.210839	0.6942
7192	0.213529	0.210839	0.6942
7193	0.213529	0.210839	0.6942
7194	0.213529	0.210839	0.6942
7195	0.213529	0.210839	0.6942
7196	0.213529	0.210839	0.6942
7197	0.213528	0.210839	0.6942
7198	0.213528	0.210839	0.6942
7199	0.213528	0.210839	0.6942
7200	0.213528	0.210839	0.6942
7201	0.213528	0.210839	0.6942
7202	0.213528	0.210839	0.6942
7203	0.213528	0.210838	0.6942
7204	0.213528	0.210838	0.6942
7205	0.213528	0.210838	0.6942
7206	0.213528	0.210838	0.6942
7207	0.213528	0.210838	0.6942
7208	0.213528	0.210838	0.6942
7209	0.213528	0.210838	0.6942
7210	0.213528	0.210838	0.6942
7211	0.213528	0.210838	0.6942
7212	0.213528	0.210838	0.6942
7213	0.213528	0.210838	0.6942
7214	0.213528	0.210838	0.6942
7215	0.213528	0.210838	0.6942
7216	0.213528	0.210838	0.6942
7217	0.213528	0.210838	0.6942
7218	0.213528	0.210838	0.6942
7219	0.213528	0.210838	0.6942
7220	0.213528	0.210838	0.6942
7221	0.213528	0.210838	0.6942
7222	0.213528	0.210838	0.6942
7223	0.213528	0.210837	0.6942
7224	0.213528	0.210837	0.6942
7225	0.213528	0.210837	0.6942
7226	0.213528	0.210837	0.6942
7227	0.213528	0.210837	0.6942
7228	0.213528	0.210837	0.6942
7229	0.213528	0.210837	0.6942
7230	0.213528	0.210837	0.6942
7231	0.213528	0.210837	0.6942
7232	0.213528	0.210837	0.6942
7233	0.213528	0.210837	0.6942
7234	0.213528	0.210837	0.6942
7235	0.213527	0.210837	0.6942
7236	0.213527	0.210837	0.6942
7237	0.213527	0.210837	0.6942
7238	0.213527	0.210837	0.6942
7239	0.213527	0.210837	0.6942
7240	0.213527	0.210837	0.6942
7241	0.213527	0.210837	0.6942
7242	0.213527	0.210837	0.6942
7243	0.213527	0.210837	0.6942
7244	0.213527	0.210836	0.6942
7245	0.213527	0.210836	0.6942
7246	0.213527	0.210836	0.6942
7247	0.213527	0.210836	0.6942
7248	0.213527	0.210836	0.6942
7249	0.213527	0.210836	0.6942
7250	0.213527	0.210836	0.6942
7251	0.213527	0.210836	0.6942
7252	0.213527	0.210836	0.6942
7253	0.213527	0.210836	0.6942
7254	0.213527	0.210836	0.6942
7255	0.213527	0.210836	0.6942
7256	0.213527	0.210836	0.6942
7257	0.213527	0.210836	0.6942
7258	0.213527	0.210836	0.6942
7259	0.213527	0.210836	0.6942
7260	0.213527	0.210836	0.6942
7261	0.213527	0.210836	0.6942
7262	0.213527	0.210836	0.6942
7263	0.213527	0.210836	0.6942
7264	0.213527	0.210835	0.6942
7265	0.213527	0.210835	0.6942
7266	0.213527	0.210835	0.6942
7267	0.213527	0.210835	0.6942
7268	0.213527	0.210835	0.6942
7269	0.213527	0.210835	0.6942
7270	0.213527	0.210835	0.6942
7271	0.213527	0.210835	0.6942
7272	0.213527	0.210835	0.6942
7273	0.213527	0.210835	0.6942
7274	0.213527	0.210835	0.6942
7275	0.213526	0.210835	0.6942
7276	0.213526	0.210835	0.6942
7277	0.213526	0.210835	0.6942
7278	0.213526	0.210835	0.6942
7279	0.213526	0.210835	0.6942
7280	0.213526	0.210835	0.6942
7281	0.213526	0.210835	0.6942
7282	0.213526	0.210835	0.6942
7283	0.213526	0.210835	0.6942
7284	0.213526	0.210835	0.6942
7285	0.213526	0.210835	0.6942
7286	0.213526	0.210834	0.6942
7287	0.213526	0.210834	0.6942
7288	0.213526	0.210834	0.6942
7289	0.213526	0.210834	0.6942
7290	0.213526	0.210834	0.6942
7291	0.213526	0.210834	0.6942
7292	0.213526	0.210834	0.6942
7293	0.213526	0.210834	0.6942
7294	0.213526	0.210834	0.6942
7295	0.213526	0.210834	0.6942
7296	0.213526	0.210834	0.6942
7297	0.213526	0.210834	0.6942
7298	0.213526	0.210834	0.6942
7299	0.213526	0.210834	0.6942
7300	0.213526	0.210834	0.6942
7301	0.213526	0.210834	0.6942
7302	0.213526	0.210834	0.6942
7303	0.213526	0.210834	0.6942
7304	0.213526	0.210834	0.6942
7305	0.213526	0.210834	0.6942
7306	0.213526	0.210834	0.6942
7307	0.213526	0.210833	0.6942
7308	0.213526	0.210833	0.6942
7309	0.213526	0.210833	0.6942
7310	0.213526	0.210833	0.6942
7311	0.213526	0.210833	0.6942
7312	0.213526	0.210833	0.6942
7313	0.213526	0.210833	0.6942
7314	0.213526	0.210833	0.6942
7315	0.213526	0.210833	0.6942
7316	0.213525	0.210833	0.6942
7317	0.213525	0.210833	0.6942
7318	0.213525	0.210833	0.6942
7319	0.213525	0.210833	0.6942
7320	0.213525	0.210833	0.6942
7321	0.213525	0.210833	0.6942
7322	0.213525	0.210833	0.6942
7323	0.213525	0.210833	0.6942
7324	0.213525	0.210833	0.6942
7325	0.213525	0.210833	0.6942
7326	0.213525	0.210833	0.6942
7327	0.213525	0.210833	0.6942
7328	0.213525	0.210833	0.6942
7329	0.213525	0.210832	0.6942
7330	0.213525	0.210832	0.6942
7331	0.213525	0.210832	0.6942
7332	0.213525	0.210832	0.6942
7333	0.213525	0.210832	0.6942
7334	0.213525	0.210832	0.6942
7335	0.213525	0.210832	0.6942
7336	0.213525	0.210832	0.6942
7337	0.213525	0.210832	0.6942
7338	0.213525	0.210832	0.6942
7339	0.213525	0.210832	0.6942
7340	0.213525	0.210832	0.6942
7341	0.213525	0.210832	0.6942
7342	0.213525	0.210832	0.6942
7343	0.213525	0.210832	0.6942
7344	0.213525	0.210832	0.6942
7345	0.213525	0.210832	0.6942
7346	0.213525	0.210832	0.6942
7347	0.213525	0.210832	0.6942
7348	0.213525	0.210832	0.6942
7349	0.213525	0.210832	0.6942
7350	0.213525	0.210832	0.6942
7351	0.213525	0.210832	0.6942
7352	0.213525	0.210831	0.6942
7353	0.213525	0.210831	0.6942
7354	0.213525	0.210831	0.6942
7355	0.213525	0.210831	0.6942
7356	0.213525	0.210831	0.6942
7357	0.213525	0.210831	0.6942
7358	0.213525	0.210831	0.6942
7359	0.213525	0.210831	0.6942
7360	0.213524	0.210831	0.6942
7361	0.213524	0.210831	0.6942
7362	0.213524	0.210831	0.6942
7363	0.213524	0.210831	0.6942
7364	0.213524	0.210831	0.6942
7365	0.213524	0.210831	0.6942
7366	0.213524	0.210831	0.6942
7367	0.213524	0.210831	0.6942
7368	0.213524	0.210831	0.6942
7369	0.213524	0.210831	0.6942
7370	0.213524	0.210831	0.6942
7371	0.213524	0.210831	0.6942
7372	0.213524	0.210831	0.6942
7373	0.213524	0.210831	0.6942
7374	0.213524	0.210830	0.6942
7375	0.213524	0.210830	0.6942
7376	0.213524	0.210830	0.6942
7377	0.213524	0.210830	0.6942
7378	0.213524	0.210830	0.6942
7379	0.213524	0.210830	0.6942
7380	0.213524	0.210830	0.6942
7381	0.213524	0.210830	0.6942
7382	0.213524	0.210830	0.6942
7383	0.213524	0.210830	0.6942
7384	0.213524	0.210830	0.6942
7385	0.213524	0.210830	0.6942
7386	0.213524	0.210830	0.6942
7387	0.213524	0.210830	0.6942
7388	0.213524	0.210830	0.6942
7389	0.213524	0.210830	0.6942
7390	0.213524	0.210830	0.6942
7391	0.213524	0.210830	0.6942
7392	0.213524	0.210830	0.6942
7393	0.213524	0.210830	0.6942
7394	0.213524	0.210830	0.6942
7395	0.213524	0.210830	0.6942
7396	0.213524	0.210830	0.6942
7397	0.213524	0.210830	0.6942
7398	0.213524	0.210829	0.6942
7399	0.213524	0.210829	0.6942
7400	0.213524	0.210829	0.6942
7401	0.213524	0.210829	0.6942
7402	0.213524	0.210829	0.6942
7403	0.213524	0.210829	0.6942
7404	0.213524	0.210829	0.6942
7405	0.213523	0.210829	0.6942
7406	0.213523	0.210829	0.6942
7407	0.213523	0.210829	0.6942
7408	0.213523	0.210829	0.6942
7409	0.213523	0.210829	0.6942
7410	0.213523	0.210829	0.6942
7411	0.213523	0.210829	0.6942
7412	0.213523	0.210829	0.6942
7413	0.213523	0.210829	0.6942
7414	0.213523	0.210829	0.6942
7415	0.213523	0.210829	0.6942
7416	0.213523	0.210829	0.6942
7417	0.213523	0.210829	0.6942
7418	0.213523	0.210829	0.6942
7419	0.213523	0.210829	0.6942
7420	0.213523	0.210829	0.6942
7421	0.213523	0.210828	0.6942
7422	0.213523	0.210828	0.6942
7423	0.213523	0.210828	0.6942
7424	0.213523	0.210828	0.6942
7425	0.213523	0.210828	0.6942
7426	0.213523	0.210828	0.6942
7427	0.213523	0.210828	0.6942
7428	0.213523	0.210828	0.6942
7429	0.213523	0.210828	0.6942
7430	0.213523	0.210828	0.6942
7431	0.213523	0.210828	0.6942
7432	0.213523	0.210828	0.6942
7433	0.213523	0.210828	0.6942
7434	0.213523	0.210828	0.6942
7435	0.213523	0.210828	0.6942
7436	0.213523	0.210828	0.6942
7437	0.213523	0.210828	0.6942
7438	0.213523	0.210828	0.6942
7439	0.213523	0.210828	0.6942
7440	0.213523	0.210828	0.6942
7441	0.213523	0.210828	0.6942
7442	0.213523	0.210828	0.6942
7443	0.213523	0.210828	0.6942
7444	0.213523	0.210828	0.6942
7445	0.213523	0.210827	0.6942
7446	0.213523	0.210827	0.6942
7447	0.213523	0.210827	0.6942
7448	0.213523	0.210827	0.6942
7449	0.213523	0.210827	0.6942
7450	0.213523	0.210827	0.6942
7451	0.213523	0.210827	0.6942
7452	0.213523	0.210827	0.6942
7453	0.213522	0.210827	0.6942
7454	0.213522	0.210827	0.6942
7455	0.213522	0.210827	0.6942
7456	0.213522	0.210827	0.6942
7457	0.213522	0.210827	0.6942
7458	0.213522	0.210827	0.6942
7459	0.213522	0.210827	0.6942
7460	0.213522	0.210827	0.6942
7461	0.213522	0.210827	0.6942
7462	0.213522	0.210827	0.6942
7463	0.213522	0.210827	0.6942
7464	0.213522	0.210827	0.6942
7465	0.213522	0.210827	0.6942
7466	0.213522	0.210827	0.6942
7467	0.213522	0.210827	0.6942
7468	0.213522	0.210827	0.6942
7469	0.213522	0.210827	0.6942
7470	0.213522	0.210826	0.6942
7471	0.213522	0.210826	0.6942
7472	0.213522	0.210826	0.6942
7473	0.213522	0.210826	0.6942
7474	0.213522	0.210826	0.6942
7475	0.213522	0.210826	0.6942
7476	0.213522	0.210826	0.6942
7477	0.213522	0.210826	0.6942
7478	0.213522	0.210826	0.6942
7479	0.213522	0.210826	0.6942
7480	0.213522	0.210826	0.6942
7481	0.213522	0.210826	0.6942
7482	0.213522	0.210826	0.6942
7483	0.213522	0.210826	0.6942
7484	0.213522	0.210826	0.6942
7485	0.213522	0.210826	0.6942
7486	0.213522	0.210826	0.6942
7487	0.213522	0.210826	0.6942
7488	0.213522	0.210826	0.6942
7489	0.213522	0.210826	0.6942
7490	0.213522	0.210826	0.6942
7491	0.213522	0.210826	0.6942
7492	0.213522	0.210826	0.6942
7493	0.213522	0.210826	0.6942
7494	0.213522	0.210826	0.6942
7495	0.213522	0.210825	0.6942
7496	0.213522	0.210825	0.6942
7497	0.213522	0.210825	0.6942
7498	0.213522	0.210825	0.6942
7499	0.213522	0.210825	0.6942
7500	0.213522	0.210825	0.6942
7501	0.213522	0.210825	0.6942
7502	0.213522	0.210825	0.6942
7503	0.213521	0.210825	0.6942
7504	0.213521	0.210825	0.6942
7505	0.213521	0.210825	0.6942
7506	0.213521	0.210825	0.6942
7507	0.213521	0.210825	0.6942
7508	0.213521	0.210825	0.6942
7509	0.213521	0.210825	0.6942
7510	0.213521	0.210825	0.6942
7511	0.213521	0.210825	0.6942
7512	0.213521	0.210825	0.6942
7513	0.213521	0.210825	0.6942
7514	0.213521	0.210825	0.6942
7515	0.213521	0.210825	0.6942
7516	0.213521	0.210825	0.6942
7517	0.213521	0.210825	0.6942
7518	0.213521	0.210825	0.6942
7519	0.213521	0.210825	0.6942
7520	0.213521	0.210825	0.6942
7521	0.213521	0.210824	0.6942
7522	0.213521	0.210824	0.6942
7523	0.213521	0.210824	0.6942
7524	0.213521	0.210824	0.6942
7525	0.213521	0.210824	0.6942
7526	0.213521	0.210824	0.6942
7527	0.213521	0.210824	0.6942
7528	0.213521	0.210824	0.6942
7529	0.213521	0.210824	0.6942
7530	0.213521	0.210824	0.6942
7531	0.213521	0.210824	0.6942
7532	0.213521	0.210824	0.6942
7533	0.213521	0.210824	0.6942
7534	0.213521	0.210824	0.6942
7535	0.213521	0.210824	0.6942
7536	0.213521	0.210824	0.6942
7537	0.213521	0.210824	0.6942
7538	0.213521	0.210824	0.6942
7539	0.213521	0.210824	0.6942
7540	0.213521	0.210824	0.6942
7541	0.213521	0.210824	0.6942
7542	0.213521	0.210824	0.6942
7543	0.213521	0.210824	0.6942
7544	0.213521	0.210824	0.6942
7545	0.213521	0.210824	0.6942
7546	0.213521	0.210824	0.6942
7547	0.213521	0.210823	0.6942
7548	0.213521	0.210823	0.6942
7549	0.213521	0.210823	0.6942
7550	0.213521	0.210823	0.6942
7551	0.213521	0.210823	0.6942
7552	0.213521	0.210823	0.6942
7553	0.213521	0.210823	0.6942
7554	0.213521	0.210823	0.6942
7555	0.213520	0.210823	0.6942
7556	0.213520	0.210823	0.6942
7557	0.213520	0.210823	0.6942
7558	0.213520	0.210823	0.6942
7559	0.213520	0.210823	0.6942
7560	0.213520	0.210823	0.6942
7561	0.213520	0.210823	0.6942
7562	0.213520	0.210823	0.6942
7563	0.213520	0.210823	0.6942
7564	0.213520	0.210823	0.6942
7565	0.213520	0.210823	0.6942
7566	0.213520	0.210823	0.6942
7567	0.213520	0.210823	0.6942
7568	0.213520	0.210823	0.6942
7569	0.213520	0.210823	0.6942
7570	0.213520	0.210823	0.6942
7571	0.213520	0.210823	0.6942
7572	0.213520	0.210823	0.6942
7573	0.213520	0.210822	0.6942
7574	0.213520	0.210822	0.6942
7575	0.213520	0.210822	0.6942
7576	0.213520	0.210822	0.6942
7577	0.213520	0.210822	0.6942
7578	0.213520	0.210822	0.6942
7579	0.213520	0.210822	0.6942
7580	0.213520	0.210822	0.6942
7581	0.213520	0.210822	0.6942
7582	0.213520	0.210822	0.6942
7583	0.213520	0.210822	0.6942
7584	0.213520	0.210822	0.6942
7585	0.213520	0.210822	0.6942
7586	0.213520	0.210822	0.6942
7587	0.213520	0.210822	0.6942
7588	0.213520	0.210822	0.6942
7589	0.213520	0.210822	0.6942
7590	0.213520	0.210822	0.6942
7591	0.213520	0.210822	0.6942
7592	0.213520	0.210822	0.6942
7593	0.213520	0.210822	0.6942
7594	0.213520	0.210822	0.6942
7595	0.213520	0.210822	0.6942
7596	0.213520	0.210822	0.6942
7597	0.213520	0.210822	0.6942
7598	0.213520	0.210822	0.6942
7599	0.213520	0.210822	0.6942
7600	0.213520	0.210821	0.6942
7601	0.213520	0.210821	0.6942
7602	0.213520	0.210821	0.6942
7603	0.213520	0.210821	0.6942
7604	0.213520	0.210821	0.6942
7605	0.213520	0.210821	0.6942
7606	0.213520	0.210821	0.6942
7607	0.213520	0.210821	0.6942
7608	0.213520	0.210821	0.6942
7609	0.213520	0.210821	0.6942
7610	0.213519	0.210821	0.6942
7611	0.213519	0.210821	0.6942
7612	0.213519	0.210821	0.6942
7613	0.213519	0.210821	0.6942
7614	0.213519	0.210821	0.6942
7615	0.213519	0.210821	0.6942
7616	0.213519	0.210821	0.6942
7617	0.213519	0.210821	0.6942
7618	0.213519	0.210821	0.6942
7619	0.213519	0.210821	0.6942
7620	0.213519	0.210821	0.6942
7621	0.213519	0.210821	0.6942
7622	0.213519	0.210821	0.6942
7623	0.213519	0.210821	0.6942
7624	0.213519	0.210821	0.6942
7625	0.213519	0.210821	0.6942
7626	0.213519	0.210821	0.6942
7627	0.213519	0.210821	0.6942
7628	0.213519	0.210820	0.6942
7629	0.213519	0.210820	0.6942
7630	0.213519	0.210820	0.6942
7631	0.213519	0.210820	0.6942
7632	0.213519	0.210820	0.6942
7633	0.213519	0.210820	0.6942
7634	0.213519	0.210820	0.6942
7635	0.213519	0.210820	0.6942
7636	0.213519	0.210820	0.6942
7637	0.213519	0.210820	0.6942
7638	0.213519	0.210820	0.6942
7639	0.213519	0.210820	0.6942
7640	0.213519	0.210820	0.6942
7641	0.213519	0.210820	0.6942
7642	0.213519	0.210820	0.6942
7643	0.213519	0.210820	0.6942
7644	0.213519	0.210820	0.6942
7645	0.213519	0.210820	0.6942
7646	0.213519	0.210820	0.6942
7647	0.213519	0.210820	0.6942
7648	0.213519	0.210820	0.6942
7649	0.213519	0.210820	0.6942
7650	0.213519	0.210820	0.6942
7651	0.213519	0.210820	0.6942
7652	0.213519	0.210820	0.6942
7653	0.213519	0.210820	0.6942
7654	0.213519	0.210820	0.6942
7655	0.213519	0.210820	0.6942
7656	0.213519	0.210819	0.6942
7657	0.213519	0.210819	0.6942
7658	0.213519	0.210819	0.6942
7659	0.213519	0.210819	0.6942
7660	0.213519	0.210819	0.6942
7661	0.213519	0.210819	0.6942
7662	0.213519	0.210819	0.6942
7663	0.213519	0.210819	0.6942
7664	0.213519	0.210819	0.6942
7665	0.213519	0.210819	0.6942
7666	0.213519	0.210819	0.6942
7667	0.213519	0.210819	0.6942
7668	0.213518	0.210819	0.6942
7669	0.213518	0.210819	0.6942
7670	0.213518	0.210819	0.6942
7671	0.213518	0.210819	0.6942
7672	0.213518	0.210819	0.6942
7673	0.213518	0.210819	0.6942
7674	0.213518	0.210819	0.6942
7675	0.213518	0.210819	0.6942
7676	0.213518	0.210819	0.6942
7677	0.213518	0.210819	0.6942
7678	0.213518	0.210819	0.6942
7679	0.213518	0.210819	0.6942
7680	0.213518	0.210819	0.6942
7681	0.213518	0.210819	0.6942
7682	0.213518	0.210819	0.6942
7683	0.213518	0.210819	0.6942
7684	0.213518	0.210819	0.6942
7685	0.213518	0.210818	0.6942
7686	0.213518	0.210818	0.6942
7687	0.213518	0.210818	0.6942
7688	0.213518	0.210818	0.6942
7689	0.213518	0.210818	0.6942
7690	0.213518	0.210818	0.6942
7691	0.213518	0.210818	0.6942
7692	0.213518	0.210818	0.6942
7693	0.213518	0.210818	0.6942
7694	0.213518	0.210818	0.6942
7695	0.213518	0.210818	0.6942
7696	0.213518	0.210818	0.6942
7697	0.213518	0.210818	0.6942
7698	0.213518	0.210818	0.6942
7699	0.213518	0.210818	0.6942
7700	0.213518	0.210818	0.6942
7701	0.213518	0.210818	0.6942
7702	0.213518	0.210818	0.6942
7703	0.213518	0.210818	0.6942
7704	0.213518	0.210818	0.6942
7705	0.213518	0.210818	0.6942
7706	0.213518	0.210818	0.6942
7707	0.213518	0.210818	0.6942
7708	0.213518	0.210818	0.6942
7709	0.213518	0.210818	0.6942
7710	0.213518	0.210818	0.6942
7711	0.213518	0.210818	0.6942
7712	0.213518	0.210818	0.6942
7713	0.213518	0.210818	0.6942
7714	0.213518	0.210818	0.6942
7715	0.213518	0.210817	0.6942
7716	0.213518	0.210817	0.6942
7717	0.213518	0.210817	0.6942
7718	0.213518	0.210817	0.6942
7719	0.213518	0.210817	0.6942
7720	0.213518	0.210817	0.6942
7721	0.213518	0.210817	0.6942
7722	0.213518	0.210817	0.6942
7723	0.213518	0.210817	0.6942
7724	0.213518	0.210817	0.6942
7725	0.213518	0.210817	0.6942
7726	0.213518	0.210817	0.6942
7727	0.213518	0.210817	0.6942
7728	0.213518	0.210817	0.6942
7729	0.213517	0.210817	0.6942
7730	0.213517	0.210817	0.6942
7731	0.213517	0.210817	0.6942
7732	0.213517	0.210817	0.6942
7733	0.213517	0.210817	0.6942
7734	0.213517	0.210817	0.6942
7735	0.213517	0.210817	0.6942
7736	0.213517	0.210817	0.6942
7737	0.213517	0.210817	0.6942
7738	0.213517	0.210817	0.6942
7739	0.213517	0.210817	0.6942
7740	0.213517	0.210817	0.6942
7741	0.213517	0.210817	0.6942
7742	0.213517	0.210817	0.6942
7743	0.213517	0.210817	0.6942
7744	0.213517	0.210817	0.6942
7745	0.213517	0.210816	0.6942
7746	0.213517	0.210816	0.6942
7747	0.213517	0.210816	0.6942
7748	0.213517	0.210816	0.6942
7749	0.213517	0.210816	0.6942
7750	0.213517	0.210816	0.6942
7751	0.213517	0.210816	0.6942
7752	0.213517	0.210816	0.6942
7753	0.213517	0.210816	0.6942
7754	0.213517	0.210816	0.6942
7755	0.213517	0.210816	0.6942
7756	0.213517	0.210816	0.6942
7757	0.213517	0.210816	0.6942
7758	0.213517	0.210816	0.6942
7759	0.213517	0.210816	0.6942
7760	0.213517	0.210816	0.6942
7761	0.213517	0.210816	0.6942
7762	0.213517	0.210816	0.6942
7763	0.213517	0.210816	0.6942
7764	0.213517	0.210816	0.6942
7765	0.213517	0.210816	0.6942
7766	0.213517	0.210816	0.6942
7767	0.213517	0.210816	0.6942
7768	0.213517	0.210816	0.6942
7769	0.213517	0.210816	0.6942
7770	0.213517	0.210816	0.6942
7771	0.213517	0.210816	0.6942
7772	0.213517	0.210816	0.6942
7773	0.213517	0.210816	0.6942
7774	0.213517	0.210816	0.6942
7775	0.213517	0.210815	0.6942
7776	0.213517	0.210815	0.6942
7777	0.213517	0.210815	0.6942
7778	0.213517	0.210815	0.6942
7779	0.213517	0.210815	0.6942
7780	0.213517	0.210815	0.6942
7781	0.213517	0.210815	0.6942
7782	0.213517	0.210815	0.6942
7783	0.213517	0.210815	0.6942
7784	0.213517	0.210815	0.6942
7785	0.213517	0.210815	0.6942
7786	0.213517	0.210815	0.6942
7787	0.213517	0.210815	0.6942
7788	0.213517	0.210815	0.6942
7789	0.213517	0.210815	0.6942
7790	0.213517	0.210815	0.6942
7791	0.213517	0.210815	0.6942
7792	0.213517	0.210815	0.6942
7793	0.213517	0.210815	0.6942
7794	0.213516	0.210815	0.6942
7795	0.213516	0.210815	0.6942
7796	0.213516	0.210815	0.6942
7797	0.213516	0.210815	0.6942
7798	0.213516	0.210815	0.6942
7799	0.213516	0.210815	0.6942
7800	0.213516	0.210815	0.6942
7801	0.213516	0.210815	0.6942
7802	0.213516	0.210815	0.6942
7803	0.213516	0.210815	0.6942
7804	0.213516	0.210815	0.6942
7805	0.213516	0.210815	0.6942
7806	0.213516	0.210815	0.6942
7807	0.213516	0.210814	0.6942
7808	0.213516	0.210814	0.6942
7809	0.213516	0.210814	0.6942
7810	0.213516	0.210814	0.6942
7811	0.213516	0.210814	0.6942
7812	0.213516	0.210814	0.6942
7813	0.213516	0.210814	0.6942
7814	0.213516	0.210814	0.6942
7815	0.213516	0.210814	0.6942
7816	0.213516	0.210814	0.6942
7817	0.213516	0.210814	0.6942
7818	0.213516	0.210814	0.6942
7819	0.213516	0.210814	0.6942
7820	0.213516	0.210814	0.6942
7821	0.213516	0.210814	0.6942
7822	0.213516	0.210814	0.6942
7823	0.213516	0.210814	0.6942
7824	0.213516	0.210814	0.6942
7825	0.213516	0.210814	0.6942
7826	0.213516	0.210814	0.6942
7827	0.213516	0.210814	0.6942
7828	0.213516	0.210814	0.6942
7829	0.213516	0.210814	0.6942
7830	0.213516	0.210814	0.6942
7831	0.213516	0.210814	0.6942
7832	0.213516	0.210814	0.6942
7833	0.213516	0.210814	0.6942
7834	0.213516	0.210814	0.6942
7835	0.213516	0.210814	0.6942
7836	0.213516	0.210814	0.6942
7837	0.213516	0.210814	0.6942
7838	0.213516	0.210814	0.6942
7839	0.213516	0.210813	0.6942
7840	0.213516	0.210813	0.6942
7841	0.213516	0.210813	0.6942
7842	0.213516	0.210813	0.6942
7843	0.213516	0.210813	0.6942
7844	0.213516	0.210813	0.6942
7845	0.213516	0.210813	0.6942
7846	0.213516	0.210813	0.6942
7847	0.213516	0.210813	0.6942
7848	0.213516	0.210813	0.6942
7849	0.213516	0.210813	0.6942
7850	0.213516	0.210813	0.6942
7851	0.213516	0.210813	0.6942
7852	0.213516	0.210813	0.6942
7853	0.213516	0.210813	0.6942
7854	0.213516	0.210813	0.6942
7855	0.213516	0.210813	0.6942
7856	0.213516	0.210813	0.6942
7857	0.213516	0.210813	0.6942
7858	0.213516	0.210813	0.6942
7859	0.213516	0.210813	0.6942
7860	0.213516	0.210813	0.6942
7861	0.213516	0.210813	0.6942
7862	0.213516	0.210813	0.6942
7863	0.213515	0.210813	0.6942
7864	0.213515	0.210813	0.6942
7865	0.213515	0.210813	0.6942
7866	0.213515	0.210813	0.6942
7867	0.213515	0.210813	0.6942
7868	0.213515	0.210813	0.6942
7869	0.213515	0.210813	0.6942
7870	0.213515	0.210813	0.6942
7871	0.213515	0.210813	0.6942
7872	0.213515	0.210812	0.6942
7873	0.213515	0.210812	0.6942
7874	0.213515	0.210812	0.6942
7875	0.213515	0.210812	0.6942
7876	0.213515	0.210812	0.6942
7877	0.213515	0.210812	0.6942
7878	0.213515	0.210812	0.6942
7879	0.213515	0.210812	0.6942
7880	0.213515	0.210812	0.6942
7881	0.213515	0.210812	0.6942
7882	0.213515	0.210812	0.6942
7883	0.213515	0.210812	0.6942
7884	0.213515	0.210812	0.6942
7885	0.213515	0.210812	0.6942
7886	0.213515	0.210812	0.6942
7887	0.213515	0.210812	0.6942
7888	0.213515	0.210812	0.6942
7889	0.213515	0.210812	0.6942
7890	0.213515	0.210812	0.6942
7891	0.213515	0.210812	0.6942
7892	0.213515	0.210812	0.6942
7893	0.213515	0.210812	0.6942
7894	0.213515	0.210812	0.6942
7895	0.213515	0.210812	0.6942
7896	0.213515	0.210812	0.6942
7897	0.213515	0.210812	0.6942
7898	0.213515	0.210812	0.6942
7899	0.213515	0.210812	0.6942
7900	0.213515	0.210812	0.6942
7901	0.213515	0.210812	0.6942
7902	0.213515	0.210812	0.6942
7903	0.213515	0.210812	0.6942
7904	0.213515	0.210812	0.6942
7905	0.213515	0.210811	0.6942
7906	0.213515	0.210811	0.6942
7907	0.213515	0.210811	0.6942
7908	0.213515	0.210811	0.6942
7909	0.213515	0.210811	0.6942
7910	0.213515	0.210811	0.6942
7911	0.213515	0.210811	0.6942
7912	0.213515	0.210811	0.6942
7913	0.213515	0.210811	0.6942
7914	0.213515	0.210811	0.6942
7915	0.213515	0.210811	0.6942
7916	0.213515	0.210811	0.6942
7917	0.213515	0.210811	0.6942
7918	0.213515	0.210811	0.6942
7919	0.213515	0.210811	0.6942
7920	0.213515	0.210811	0.6942
7921	0.213515	0.210811	0.6942
7922	0.213515	0.210811	0.6942
7923	0.213515	0.210811	0.6942
7924	0.213515	0.210811	0.6942
7925	0.213515	0.210811	0.6942
7926	0.213515	0.210811	0.6942
7927	0.213515	0.210811	0.6942
7928	0.213515	0.210811	0.6942
7929	0.213515	0.210811	0.6942
7930	0.213515	0.210811	0.6942
7931	0.213515	0.210811	0.6942
7932	0.213515	0.210811	0.6942
7933	0.213515	0.210811	0.6942
7934	0.213515	0.210811	0.6942
7935	0.213515	0.210811	0.6942
7936	0.213514	0.210811	0.6942
7937	0.213514	0.210811	0.6942
7938	0.213514	0.210811	0.6942
7939	0.213514	0.210811	0.6942
7940	0.213514	0.210810	0.6942
7941	0.213514	0.210810	0.6942
7942	0.213514	0.210810	0.6942
7943	0.213514	0.210810	0.6942
7944	0.213514	0.210810	0.6942
7945	0.213514	0.210810	0.6942
7946	0.213514	0.210810	0.6942
7947	0.213514	0.210810	0.6942
7948	0.213514	0.210810	0.6942
7949	0.213514	0.210810	0.6942
7950	0.213514	0.210810	0.6942
7951	0.213514	0.210810	0.6942
7952	0.213514	0.210810	0.6942
7953	0.213514	0.210810	0.6942
7954	0.213514	0.210810	0.6942
7955	0.213514	0.210810	0.6942
7956	0.213514	0.210810	0.6942
7957	0.213514	0.210810	0.6942
7958	0.213514	0.210810	0.6942
7959	0.213514	0.210810	0.6942
7960	0.213514	0.210810	0.6942
7961	0.213514	0.210810	0.6942
7962	0.213514	0.210810	0.6942
7963	0.213514	0.210810	0.6942
7964	0.213514	0.210810	0.6942
7965	0.213514	0.210810	0.6942
7966	0.213514	0.210810	0.6942
7967	0.213514	0.210810	0.6942
7968	0.213514	0.210810	0.6942
7969	0.213514	0.210810	0.6942
7970	0.213514	0.210810	0.6942
7971	0.213514	0.210810	0.6942
7972	0.213514	0.210810	0.6942
7973	0.213514	0.210810	0.6942
7974	0.213514	0.210810	0.6942
7975	0.213514	0.210809	0.6942
7976	0.213514	0.210809	0.6942
7977	0.213514	0.210809	0.6942
7978	0.213514	0.210809	0.6942
7979	0.213514	0.210809	0.6942
7980	0.213514	0.210809	0.6942
7981	0.213514	0.210809	0.6942
7982	0.213514	0.210809	0.6942
7983	0.213514	0.210809	0.6942
7984	0.213514	0.210809	0.6942
7985	0.213514	0.210809	0.6942
7986	0.213514	0.210809	0.6942
7987	0.213514	0.210809	0.6942
7988	0.213514	0.210809	0.6942
7989	0.213514	0.210809	0.6942
7990	0.213514	0.210809	0.6942
7991	0.213514	0.210809	0.6942
7992	0.213514	0.210809	0.6942
7993	0.213514	0.210809	0.6942
7994	0.213514	0.210809	0.6942
7995	0.213514	0.210809	0.6942
7996	0.213514	0.210809	0.6942
7997	0.213514	0.210809	0.6942
7998	0.213514	0.210809	0.6942
7999	0.213514	0.210809	0.6942
8000	0.213514	0.210809	0.6942
8001	0.213514	0.210809	0.6942
8002	0.213514	0.210809	0.6942
8003	0.213514	0.210809	0.6942
8004	0.213514	0.210809	0.6942
8005	0.213514	0.210809	0.6942
8006	0.213514	0.210809	0.6942
8007	0.213514	0.210809	0.6942
8008	0.213514	0.210809	0.6942
8009	0.213514	0.210809	0.6942
8010	0.213514	0.210809	0.6942
8011	0.213514	0.210808	0.6942
8012	0.213514	0.210808	0.6942
8013	0.213513	0.210808	0.6942
8014	0.213513	0.210808	0.6942
8015	0.213513	0.210808	0.6942
8016	0.213513	0.210808	0.6942
8017	0.213513	0.210808	0.6942
8018	0.213513	0.210808	0.6942
8019	0.213513	0.210808	0.6942
8020	0.213513	0.210808	0.6942
8021	0.213513	0.210808	0.6942
8022	0.213513	0.210808	0.6942
8023	0.213513	0.210808	0.6942
8024	0.213513	0.210808	0.6942
8025	0.213513	0.210808	0.6942
8026	0.213513	0.210808	0.6942
8027	0.213513	0.210808	0.6942
8028	0.213513	0.210808	0.6942
8029	0.213513	0.210808	0.6942
8030	0.213513	0.210808	0.6942
8031	0.213513	0.210808	0.6942
8032	0.213513	0.210808	0.6942
8033	0.213513	0.210808	0.6942
8034	0.213513	0.210808	0.6942
8035	0.213513	0.210808	0.6942
8036	0.213513	0.210808	0.6942
8037	0.213513	0.210808	0.6942
8038	0.213513	0.210808	0.6942
8039	0.213513	0.210808	0.6942
8040	0.213513	0.210808	0.6942
8041	0.213513	0.210808	0.6942
8042	0.213513	0.210808	0.6942
8043	0.213513	0.210808	0.6942
8044	0.213513	0.210808	0.6942
8045	0.213513	0.210808	0.6942
8046	0.213513	0.210808	0.6942
8047	0.213513	0.210808	0.6942
8048	0.213513	0.210807	0.6942
8049	0.213513	0.210807	0.6942
8050	0.213513	0.210807	0.6942
8051	0.213513	0.210807	0.6942
8052	0.213513	0.210807	0.6942
8053	0.213513	0.210807	0.6942
8054	0.213513	0.210807	0.6942
8055	0.213513	0.210807	0.6942
8056	0.213513	0.210807	0.6942
8057	0.213513	0.210807	0.6942
8058	0.213513	0.210807	0.6942
8059	0.213513	0.210807	0.6942
8060	0.213513	0.210807	0.6942
8061	0.213513	0.210807	0.6942
8062	0.213513	0.210807	0.6942
8063	0.213513	0.210807	0.6942
8064	0.213513	0.210807	0.6942
8065	0.213513	0.210807	0.6942
8066	0.213513	0.210807	0.6942
8067	0.213513	0.210807	0.6942
8068	0.213513	0.210807	0.6942
8069	0.213513	0.210807	0.6942
8070	0.213513	0.210807	0.6942
8071	0.213513	0.210807	0.6942
8072	0.213513	0.210807	0.6942
8073	0.213513	0.210807	0.6942
8074	0.213513	0.210807	0.6942
8075	0.213513	0.210807	0.6942
8076	0.213513	0.210807	0.6942
8077	0.213513	0.210807	0.6942
8078	0.213513	0.210807	0.6942
8079	0.213513	0.210807	0.6942
8080	0.213513	0.210807	0.6942
8081	0.213513	0.210807	0.6942
8082	0.213513	0.210807	0.6942
8083	0.213513	0.210807	0.6942
8084	0.213513	0.210807	0.6942
8085	0.213513	0.210807	0.6942
8086	0.213513	0.210806	0.6942
8087	0.213513	0.210806	0.6942
8088	0.213513	0.210806	0.6942
8089	0.213513	0.210806	0.6942
8090	0.213513	0.210806	0.6942
8091	0.213513	0.210806	0.6942
8092	0.213513	0.210806	0.6942
8093	0.213513	0.210806	0.6942
8094	0.213513	0.210806	0.6942
8095	0.213513	0.210806	0.6942
8096	0.213512	0.210806	0.6942
8097	0.213512	0.210806	0.6942
8098	0.213512	0.210806	0.6942
8099	0.213512	0.210806	0.6942
8100	0.213512	0.210806	0.6942
8101	0.213512	0.210806	0.6942
8102	0.213512	0.210806	0.6942
8103	0.213512	0.210806	0.6942
8104	0.213512	0.210806	0.6942
8105	0.213512	0.210806	0.6942
8106	0.213512	0.210806	0.6942
8107	0.213512	0.210806	0.6942
8108	0.213512	0.210806	0.6942
8109	0.213512	0.210806	0.6942
8110	0.213512	0.210806	0.6942
8111	0.213512	0.210806	0.6942
8112	0.213512	0.210806	0.6942
8113	0.213512	0.210806	0.6942
8114	0.213512	0.210806	0.6942
8115	0.213512	0.210806	0.6942
8116	0.213512	0.210806	0.6942
8117	0.213512	0.210806	0.6942
8118	0.213512	0.210806	0.6942
8119	0.213512	0.210806	0.6942
8120	0.213512	0.210806	0.6942
8121	0.213512	0.210806	0.6942
8122	0.213512	0.210806	0.6942
8123	0.213512	0.210806	0.6942
8124	0.213512	0.210805	0.6942
8125	0.213512	0.210805	0.6942
8126	0.213512	0.210805	0.6942
8127	0.213512	0.210805	0.6942
8128	0.213512	0.210805	0.6942
8129	0.213512	0.210805	0.6942
8130	0.213512	0.210805	0.6942
8131	0.213512	0.210805	0.6942
8132	0.213512	0.210805	0.6942
8133	0.213512	0.210805	0.6942
8134	0.213512	0.210805	0.6942
8135	0.213512	0.210805	0.6942
8136	0.213512	0.210805	0.6942
8137	0.213512	0.210805	0.6942
8138	0.213512	0.210805	0.6942
8139	0.213512	0.210805	0.6942
8140	0.213512	0.210805	0.6942
8141	0.213512	0.210805	0.6942
8142	0.213512	0.210805	0.6942
8143	0.213512	0.210805	0.6942
8144	0.213512	0.210805	0.6942
8145	0.213512	0.210805	0.6942
8146	0.213512	0.210805	0.6942
8147	0.213512	0.210805	0.6942
8148	0.213512	0.210805	0.6942
8149	0.213512	0.210805	0.6942
8150	0.213512	0.210805	0.6942
8151	0.213512	0.210805	0.6942
8152	0.213512	0.210805	0.6942
8153	0.213512	0.210805	0.6942
8154	0.213512	0.210805	0.6942
8155	0.213512	0.210805	0.6942
8156	0.213512	0.210805	0.6942
8157	0.213512	0.210805	0.6942
8158	0.213512	0.210805	0.6942
8159	0.213512	0.210805	0.6942
8160	0.213512	0.210805	0.6942
8161	0.213512	0.210805	0.6942
8162	0.213512	0.210805	0.6942
8163	0.213512	0.210805	0.6942
8164	0.213512	0.210804	0.6942
8165	0.213512	0.210804	0.6942
8166	0.213512	0.210804	0.6942
8167	0.213512	0.210804	0.6942
8168	0.213512	0.210804	0.6942
8169	0.213512	0.210804	0.6942
8170	0.213512	0.210804	0.6942
8171	0.213512	0.210804	0.6942
8172	0.213512	0.210804	0.6942
8173	0.213512	0.210804	0.6942
8174	0.213512	0.210804	0.6942
8175	0.213512	0.210804	0.6942
8176	0.213512	0.210804	0.6942
8177	0.213512	0.210804	0.6942
8178	0.213512	0.210804	0.6942
8179	0.213512	0.210804	0.6942
8180	0.213512	0.210804	0.6942
8181	0.213512	0.210804	0.6942
8182	0.213512	0.210804	0.6942
8183	0.213512	0.210804	0.6942
8184	0.213512	0.210804	0.6942
8185	0.213511	0.210804	0.6942
8186	0.213511	0.210804	0.6942
8187	0.213511	0.210804	0.6942
8188	0.213511	0.210804	0.6942
8189	0.213511	0.210804	0.6942
8190	0.213511	0.210804	0.6942
8191	0.213511	0.210804	0.6942
8192	0.213511	0.210804	0.6942
8193	0.213511	0.210804	0.6942
8194	0.213511	0.210804	0.6942
8195	0.213511	0.210804	0.6942
8196	0.213511	0.210804	0.6942
8197	0.213511	0.210804	0.6942
8198	0.213511	0.210804	0.6942
8199	0.213511	0.210804	0.6942
8200	0.213511	0.210804	0.6942
8201	0.213511	0.210804	0.6942
8202	0.213511	0.210804	0.6942
8203	0.213511	0.210804	0.6942
8204	0.213511	0.210804	0.6942
8205	0.213511	0.210803	0.6942
8206	0.213511	0.210803	0.6942
8207	0.213511	0.210803	0.6942
8208	0.213511	0.210803	0.6942
8209	0.213511	0.210803	0.6942
8210	0.213511	0.210803	0.6942
8211	0.213511	0.210803	0.6942
8212	0.213511	0.210803	0.6942
8213	0.213511	0.210803	0.6942
8214	0.213511	0.210803	0.6942
8215	0.213511	0.210803	0.6942
8216	0.213511	0.210803	0.6942
8217	0.213511	0.210803	0.6942
8218	0.213511	0.210803	0.6942
8219	0.213511	0.210803	0.6942
8220	0.213511	0.210803	0.6942
8221	0.213511	0.210803	0.6942
8222	0.213511	0.210803	0.6942
8223	0.213511	0.210803	0.6942
8224	0.213511	0.210803	0.6942
8225	0.213511	0.210803	0.6942
8226	0.213511	0.210803	0.6942
8227	0.213511	0.210803	0.6942
8228	0.213511	0.210803	0.6942
8229	0.213511	0.210803	0.6942
8230	0.213511	0.210803	0.6942
8231	0.213511	0.210803	0.6942
8232	0.213511	0.210803	0.6942
8233	0.213511	0.210803	0.6942
8234	0.213511	0.210803	0.6942
8235	0.213511	0.210803	0.6942
8236	0.213511	0.210803	0.6942
8237	0.213511	0.210803	0.6942
8238	0.213511	0.210803	0.6942
8239	0.213511	0.210803	0.6942
8240	0.213511	0.210803	0.6942
8241	0.213511	0.210803	0.6942
8242	0.213511	0.210803	0.6942
8243	0.213511	0.210803	0.6942
8244	0.213511	0.210803	0.6942
8245	0.213511	0.210803	0.6942
8246	0.213511	0.210802	0.6942
8247	0.213511	0.210802	0.6942
8248	0.213511	0.210802	0.6942
8249	0.213511	0.210802	0.6942
8250	0.213511	0.210802	0.6942
8251	0.213511	0.210802	0.6942
8252	0.213511	0.210802	0.6942
8253	0.213511	0.210802	0.6942
8254	0.213511	0.210802	0.6942
8255	0.213511	0.210802	0.6942
8256	0.213511	0.210802	0.6942
8257	0.213511	0.210802	0.6942
8258	0.213511	0.210802	0.6942
8259	0.213511	0.210802	0.6942
8260	0.213511	0.210802	0.6942
8261	0.213511	0.210802	0.6942
8262	0.213511	0.210802	0.6942
8263	0.213511	0.210802	0.6942
8264	0.213511	0.210802	0.6942
8265	0.213511	0.210802	0.6942
8266	0.213511	0.210802	0.6942
8267	0.213511	0.210802	0.6942
8268	0.213511	0.210802	0.6942
8269	0.213511	0.210802	0.6942
8270	0.213511	0.210802	0.6942
8271	0.213511	0.210802	0.6942
8272	0.213511	0.210802	0.6942
8273	0.213511	0.210802	0.6942
8274	0.213511	0.210802	0.6942
8275	0.213511	0.210802	0.6942
8276	0.213511	0.210802	0.6942
8277	0.213511	0.210802	0.6942
8278	0.213511	0.210802	0.6942
8279	0.213511	0.210802	0.6942
8280	0.213510	0.210802	0.6942
8281	0.213510	0.210802	0.6942
8282	0.213510	0.210802	0.6942
8283	0.213510	0.210802	0.6942
8284	0.213510	0.210802	0.6942
8285	0.213510	0.210802	0.6942
8286	0.213510	0.210802	0.6942
8287	0.213510	0.210802	0.6942
8288	0.213510	0.210802	0.6942
8289	0.213510	0.210801	0.6942
8290	0.213510	0.210801	0.6942
8291	0.213510	0.210801	0.6942
8292	0.213510	0.210801	0.6942
8293	0.213510	0.210801	0.6942
8294	0.213510	0.210801	0.6942
8295	0.213510	0.210801	0.6942
8296	0.213510	0.210801	0.6942
8297	0.213510	0.210801	0.6942
8298	0.213510	0.210801	0.6942
8299	0.213510	0.210801	0.6942
8300	0.213510	0.210801	0.6942
8301	0.213510	0.210801	0.6942
8302	0.213510	0.210801	0.6942
8303	0.213510	0.210801	0.6942
8304	0.213510	0.210801	0.6942
8305	0.213510	0.210801	0.6942
8306	0.213510	0.210801	0.6942
8307	0.213510	0.210801	0.6942
8308	0.213510	0.210801	0.6942
8309	0.213510	0.210801	0.6942
8310	0.213510	0.210801	0.6942
8311	0.213510	0.210801	0.6942
8312	0.213510	0.210801	0.6942
8313	0.213510	0.210801	0.6942
8314	0.213510	0.210801	0.6942
8315	0.213510	0.210801	0.6942
8316	0.213510	0.210801	0.6942
8317	0.213510	0.210801	0.6942
8318	0.213510	0.210801	0.6942
8319	0.213510	0.210801	0.6942
8320	0.213510	0.210801	0.6942
8321	0.213510	0.210801	0.6942
8322	0.213510	0.210801	0.6942
8323	0.213510	0.210801	0.6942
8324	0.213510	0.210801	0.6942
8325	0.213510	0.210801	0.6942
8326	0.213510	0.210801	0.6942
8327	0.213510	0.210801	0.6942
8328	0.213510	0.210801	0.6942
8329	0.213510	0.210801	0.6942
8330	0.213510	0.210801	0.6942
8331	0.213510	0.210801	0.6942
8332	0.213510	0.210801	0.6942
8333	0.213510	0.210800	0.6942
8334	0.213510	0.210800	0.6942
8335	0.213510	0.210800	0.6942
8336	0.213510	0.210800	0.6942
8337	0.213510	0.210800	0.6942
8338	0.213510	0.210800	0.6942
8339	0.213510	0.210800	0.6942
8340	0.213510	0.210800	0.6942
8341	0.213510	0.210800	0.6942
8342	0.213510	0.210800	0.6942
8343	0.213510	0.210800	0.6942
8344	0.213510	0.210800	0.6942
8345	0.213510	0.210800	0.6942
8346	0.213510	0.210800	0.6942
8347	0.213510	0.210800	0.6942
8348	0.213510	0.210800	0.6942
8349	0.213510	0.210800	0.6942
8350	0.213510	0.210800	0.6942
8351	0.213510	0.210800	0.6942
8352	0.213510	0.210800	0.6942
8353	0.213510	0.210800	0.6942
8354	0.213510	0.210800	0.6942
8355	0.213510	0.210800	0.6942
8356	0.213510	0.210800	0.6942
8357	0.213510	0.210800	0.6942
8358	0.213510	0.210800	0.6942
8359	0.213510	0.210800	0.6942
8360	0.213510	0.210800	0.6942
8361	0.213510	0.210800	0.6942
8362	0.213510	0.210800	0.6942
8363	0.213510	0.210800	0.6942
8364	0.213510	0.210800	0.6942
8365	0.213510	0.210800	0.6942
8366	0.213510	0.210800	0.6942
8367	0.213510	0.210800	0.6942
8368	0.213510	0.210800	0.6942
8369	0.213510	0.210800	0.6942
8370	0.213510	0.210800	0.6942
8371	0.213510	0.210800	0.6942
8372	0.213510	0.210800	0.6942
8373	0.213510	0.210800	0.6942
8374	0.213510	0.210800	0.6942
8375	0.213510	0.210800	0.6942
8376	0.213510	0.210800	0.6942
8377	0.213510	0.210800	0.6942
8378	0.213510	0.210799	0.6942
8379	0.213510	0.210799	0.6942
8380	0.213510	0.210799	0.6942
8381	0.213510	0.210799	0.6942
8382	0.213509	0.210799	0.6942
8383	0.213509	0.210799	0.6942
8384	0.213509	0.210799	0.6942
8385	0.213509	0.210799	0.6942
8386	0.213509	0.210799	0.6942
8387	0.213509	0.210799	0.6942
8388	0.213509	0.210799	0.6942
8389	0.213509	0.210799	0.6942
8390	0.213509	0.210799	0.6942
8391	0.213509	0.210799	0.6942
8392	0.213509	0.210799	0.6942
8393	0.213509	0.210799	0.6942
8394	0.213509	0.210799	0.6942
8395	0.213509	0.210799	0.6942
8396	0.213509	0.210799	0.6942
8397	0.213509	0.210799	0.6942
8398	0.213509	0.210799	0.6942
8399	0.213509	0.210799	0.6942
8400	0.213509	0.210799	0.6942
8401	0.213509	0.210799	0.6942
8402	0.213509	0.210799	0.6942
8403	0.213509	0.210799	0.6942
8404	0.213509	0.210799	0.6942
8405	0.213509	0.210799	0.6942
8406	0.213509	0.210799	0.6942
8407	0.213509	0.210799	0.6942
8408	0.213509	0.210799	0.6942
8409	0.213509	0.210799	0.6942
8410	0.213509	0.210799	0.6942
8411	0.213509	0.210799	0.6942
8412	0.213509	0.210799	0.6942
8413	0.213509	0.210799	0.6942
8414	0.213509	0.210799	0.6942
8415	0.213509	0.210799	0.6942
8416	0.213509	0.210799	0.6942
8417	0.213509	0.210799	0.6942
8418	0.213509	0.210799	0.6942
8419	0.213509	0.210799	0.6942
8420	0.213509	0.210799	0.6942
8421	0.213509	0.210799	0.6942
8422	0.213509	0.210799	0.6942
8423	0.213509	0.210799	0.6942
8424	0.213509	0.210798	0.6942
8425	0.213509	0.210798	0.6942
8426	0.213509	0.210798	0.6942
8427	0.213509	0.210798	0.6942
8428	0.213509	0.210798	0.6942
8429	0.213509	0.210798	0.6942
8430	0.213509	0.210798	0.6942
8431	0.213509	0.210798	0.6942
8432	0.213509	0.210798	0.6942
8433	0.213509	0.210798	0.6942
8434	0.213509	0.210798	0.6942
8435	0.213509	0.210798	0.6942
8436	0.213509	0.210798	0.6942
8437	0.213509	0.210798	0.6942
8438	0.213509	0.210798	0.6942
8439	0.213509	0.210798	0.6942
8440	0.213509	0.210798	0.6942
8441	0.213509	0.210798	0.6942
8442	0.213509	0.210798	0.6942
8443	0.213509	0.210798	0.6942
8444	0.213509	0.210798	0.6942
8445	0.213509	0.210798	0.6942
8446	0.213509	0.210798	0.6942
8447	0.213509	0.210798	0.6942
8448	0.213509	0.210798	0.6942
8449	0.213509	0.210798	0.6942
8450	0.213509	0.210798	0.6942
8451	0.213509	0.210798	0.6942
8452	0.213509	0.210798	0.6942
8453	0.213509	0.210798	0.6942
8454	0.213509	0.210798	0.6942
8455	0.213509	0.210798	0.6942
8456	0.213509	0.210798	0.6942
8457	0.213509	0.210798	0.6942
8458	0.213509	0.210798	0.6942
8459	0.213509	0.210798	0.6942
8460	0.213509	0.210798	0.6942
8461	0.213509	0.210798	0.6942
8462	0.213509	0.210798	0.6942
8463	0.213509	0.210798	0.6942
8464	0.213509	0.210798	0.6942
8465	0.213509	0.210798	0.6942
8466	0.213509	0.210798	0.6942
8467	0.213509	0.210798	0.6942
8468	0.213509	0.210798	0.6942
8469	0.213509	0.210798	0.6942
8470	0.213509	0.210798	0.6942
8471	0.213509	0.210797	0.6942
8472	0.213509	0.210797	0.6942
8473	0.213509	0.210797	0.6942
8474	0.213509	0.210797	0.6942
8475	0.213509	0.210797	0.6942
8476	0.213509	0.210797	0.6942
8477	0.213509	0.210797	0.6942
8478	0.213509	0.210797	0.6942
8479	0.213509	0.210797	0.6942
8480	0.213509	0.210797	0.6942
8481	0.213509	0.210797	0.6942
8482	0.213509	0.210797	0.6942
8483	0.213509	0.210797	0.6942
8484	0.213509	0.210797	0.6942
8485	0.213509	0.210797	0.6942
8486	0.213509	0.210797	0.6942
8487	0.213509	0.210797	0.6942
8488	0.213509	0.210797	0.6942
8489	0.213509	0.210797	0.6942
8490	0.213509	0.210797	0.6942
8491	0.213509	0.210797	0.6942
8492	0.213508	0.210797	0.6942
8493	0.213508	0.210797	0.6942
8494	0.213508	0.210797	0.6942
8495	0.213508	0.210797	0.6942
8496	0.213508	0.210797	0.6942
8497	0.213508	0.210797	0.6942
8498	0.213508	0.210797	0.6942
8499	0.213508	0.210797	0.6942
8500	0.213508	0.210797	0.6942
8501	0.213508	0.210797	0.6942
8502	0.213508	0.210797	0.6942
8503	0.213508	0.210797	0.6942
8504	0.213508	0.210797	0.6942
8505	0.213508	0.210797	0.6942
8506	0.213508	0.210797	0.6942
8507	0.213508	0.210797	0.6942
8508	0.213508	0.210797	0.6942
8509	0.213508	0.210797	0.6942
8510	0.213508	0.210797	0.6942
8511	0.213508	0.210797	0.6942
8512	0.213508	0.210797	0.6942
8513	0.213508	0.210797	0.6942
8514	0.213508	0.210797	0.6942
8515	0.213508	0.210797	0.6942
8516	0.213508	0.210797	0.6942
8517	0.213508	0.210797	0.6942
8518	0.213508	0.210797	0.6942
8519	0.213508	0.210797	0.6942
8520	0.213508	0.210796	0.6942
8521	0.213508	0.210796	0.6942
8522	0.213508	0.210796	0.6942
8523	0.213508	0.210796	0.6942
8524	0.213508	0.210796	0.6942
8525	0.213508	0.210796	0.6942
8526	0.213508	0.210796	0.6942
8527	0.213508	0.210796	0.6942
8528	0.213508	0.210796	0.6942
8529	0.213508	0.210796	0.6942
8530	0.213508	0.210796	0.6942
8531	0.213508	0.210796	0.6942
8532	0.213508	0.210796	0.6942
8533	0.213508	0.210796	0.6942
8534	0.213508	0.210796	0.6942
8535	0.213508	0.210796	0.6942
8536	0.213508	0.210796	0.6942
8537	0.213508	0.210796	0.6942
8538	0.213508	0.210796	0.6942
8539	0.213508	0.210796	0.6942
8540	0.213508	0.210796	0.6942
8541	0.213508	0.210796	0.6942
8542	0.213508	0.210796	0.6942
8543	0.213508	0.210796	0.6942
8544	0.213508	0.210796	0.6942
8545	0.213508	0.210796	0.6942
8546	0.213508	0.210796	0.6942
8547	0.213508	0.210796	0.6942
8548	0.213508	0.210796	0.6942
8549	0.213508	0.210796	0.6942
8550	0.213508	0.210796	0.6942
8551	0.213508	0.210796	0.6942
8552	0.213508	0.210796	0.6942
8553	0.213508	0.210796	0.6942
8554	0.213508	0.210796	0.6942
8555	0.213508	0.210796	0.6942
8556	0.213508	0.210796	0.6942
8557	0.213508	0.210796	0.6942
8558	0.213508	0.210796	0.6942
8559	0.213508	0.210796	0.6942
8560	0.213508	0.210796	0.6942
8561	0.213508	0.210796	0.6942
8562	0.213508	0.210796	0.6942
8563	0.213508	0.210796	0.6942
8564	0.213508	0.210796	0.6942
8565	0.213508	0.210796	0.6942
8566	0.213508	0.210796	0.6942
8567	0.213508	0.210796	0.6942
8568	0.213508	0.210796	0.6942
8569	0.213508	0.210795	0.6942
8570	0.213508	0.210795	0.6942
8571	0.213508	0.210795	0.6942
8572	0.213508	0.210795	0.6942
8573	0.213508	0.210795	0.6942
8574	0.213508	0.210795	0.6942
8575	0.213508	0.210795	0.6942
8576	0.213508	0.210795	0.6942
8577	0.213508	0.210795	0.6942
8578	0.213508	0.210795	0.6942
8579	0.213508	0.210795	0.6942
8580	0.213508	0.210795	0.6942
8581	0.213508	0.210795	0.6942
8582	0.213508	0.210795	0.6942
8583	0.213508	0.210795	0.6942
8584	0.213508	0.210795	0.6942
8585	0.213508	0.210795	0.6942
8586	0.213508	0.210795	0.6942
8587	0.213508	0.210795	0.6942
8588	0.213508	0.210795	0.6942
8589	0.213508	0.210795	0.6942
8590	0.213508	0.210795	0.6942
8591	0.213508	0.210795	0.6942
8592	0.213508	0.210795	0.6942
8593	0.213508	0.210795	0.6942
8594	0.213508	0.210795	0.6942
8595	0.213508	0.210795	0.6942
8596	0.213508	0.210795	0.6942
8597	0.213508	0.210795	0.6942
8598	0.213508	0.210795	0.6942
8599	0.213508	0.210795	0.6942
8600	0.213508	0.210795	0.6942
8601	0.213508	0.210795	0.6942
8602	0.213508	0.210795	0.6942
8603	0.213508	0.210795	0.6942
8604	0.213508	0.210795	0.6942
8605	0.213508	0.210795	0.6942
8606	0.213508	0.210795	0.6942
8607	0.213508	0.210795	0.6942
8608	0.213508	0.210795	0.6942
8609	0.213508	0.210795	0.6942
8610	0.213507	0.210795	0.6942
8611	0.213507	0.210795	0.6942
8612	0.213507	0.210795	0.6942
8613	0.213507	0.210795	0.6942
8614	0.213507	0.210795	0.6942
8615	0.213507	0.210795	0.6942
8616	0.213507	0.210795	0.6942
8617	0.213507	0.210795	0.6942
8618	0.213507	0.210795	0.6942
8619	0.213507	0.210795	0.6942
8620	0.213507	0.210795	0.6942
8621	0.213507	0.210794	0.6942
8622	0.213507	0.210794	0.6942
8623	0.213507	0.210794	0.6942
8624	0.213507	0.210794	0.6942
8625	0.213507	0.210794	0.6942
8626	0.213507	0.210794	0.6942
8627	0.213507	0.210794	0.6942
8628	0.213507	0.210794	0.6942
8629	0.213507	0.210794	0.6942
8630	0.213507	0.210794	0.6942
8631	0.213507	0.210794	0.6942
8632	0.213507	0.210794	0.6942
8633	0.213507	0.210794	0.6942
8634	0.213507	0.210794	0.6942
8635	0.213507	0.210794	0.6942
8636	0.213507	0.210794	0.6942
8637	0.213507	0.210794	0.6942
8638	0.213507	0.210794	0.6942
8639	0.213507	0.210794	0.6942
8640	0.213507	0.210794	0.6942
8641	0.213507	0.210794	0.6942
8642	0.213507	0.210794	0.6942
8643	0.213507	0.210794	0.6942
8644	0.213507	0.210794	0.6942
8645	0.213507	0.210794	0.6942
8646	0.213507	0.210794	0.6942
8647	0.213507	0.210794	0.6942
8648	0.213507	0.210794	0.6942
8649	0.213507	0.210794	0.6942
8650	0.213507	0.210794	0.6942
8651	0.213507	0.210794	0.6942
8652	0.213507	0.210794	0.6942
8653	0.213507	0.210794	0.6942
8654	0.213507	0.210794	0.6942
8655	0.213507	0.210794	0.6942
8656	0.213507	0.210794	0.6942
8657	0.213507	0.210794	0.6942
8658	0.213507	0.210794	0.6942
8659	0.213507	0.210794	0.6942
8660	0.213507	0.210794	0.6942
8661	0.213507	0.210794	0.6942
8662	0.213507	0.210794	0.6942
8663	0.213507	0.210794	0.6942
8664	0.213507	0.210794	0.6942
8665	0.213507	0.210794	0.6942
8666	0.213507	0.210794	0.6942
8667	0.213507	0.210794	0.6942
8668	0.213507	0.210794	0.6942
8669	0.213507	0.210794	0.6942
8670	0.213507	0.210794	0.6942
8671	0.213507	0.210794	0.6942
8672	0.213507	0.210794	0.6942
8673	0.213507	0.210793	0.6942
8674	0.213507	0.210793	0.6942
8675	0.213507	0.210793	0.6942
8676	0.213507	0.210793	0.6942
8677	0.213507	0.210793	0.6942
8678	0.213507	0.210793	0.6942
8679	0.213507	0.210793	0.6942
8680	0.213507	0.210793	0.6942
8681	0.213507	0.210793	0.6942
8682	0.213507	0.210793	0.6942
8683	0.213507	0.210793	0.6942
8684	0.213507	0.210793	0.6942
8685	0.213507	0.210793	0.6942
8686	0.213507	0.210793	0.6942
8687	0.213507	0.210793	0.6942
8688	0.213507	0.210793	0.6942
8689	0.213507	0.210793	0.6942
8690	0.213507	0.210793	0.6942
8691	0.213507	0.210793	0.6942
8692	0.213507	0.210793	0.6942
8693	0.213507	0.210793	0.6942
8694	0.213507	0.210793	0.6942
8695	0.213507	0.210793	0.6942
8696	0.213507	0.210793	0.6942
8697	0.213507	0.210793	0.6942
8698	0.213507	0.210793	0.6942
8699	0.213507	0.210793	0.6942
8700	0.213507	0.210793	0.6942
8701	0.213507	0.210793	0.6942
8702	0.213507	0.210793	0.6942
8703	0.213507	0.210793	0.6942
8704	0.213507	0.210793	0.6942
8705	0.213507	0.210793	0.6942
8706	0.213507	0.210793	0.6942
8707	0.213507	0.210793	0.6942
8708	0.213507	0.210793	0.6942
8709	0.213507	0.210793	0.6942
8710	0.213507	0.210793	0.6942
8711	0.213507	0.210793	0.6942
8712	0.213507	0.210793	0.6942
8713	0.213507	0.210793	0.6942
8714	0.213507	0.210793	0.6942
8715	0.213507	0.210793	0.6942
8716	0.213507	0.210793	0.6942
8717	0.213507	0.210793	0.6942
8718	0.213507	0.210793	0.6942
8719	0.213507	0.210793	0.6942
8720	0.213507	0.210793	0.6942
8721	0.213507	0.210793	0.6942
8722	0.213507	0.210793	0.6942
8723	0.213507	0.210793	0.6942
8724	0.213507	0.210793	0.6942
8725	0.213507	0.210793	0.6942
8726	0.213507	0.210793	0.6942
8727	0.213507	0.210792	0.6942
8728	0.213507	0.210792	0.6942
8729	0.213507	0.210792	0.6942
8730	0.213507	0.210792	0.6942
8731	0.213507	0.210792	0.6942
8732	0.213507	0.210792	0.6942
8733	0.213507	0.210792	0.6942
8734	0.213507	0.210792	0.6942
8735	0.213507	0.210792	0.6942
8736	0.213507	0.210792	0.6942
8737	0.213507	0.210792	0.6942
8738	0.213506	0.210792	0.6942
8739	0.213506	0.210792	0.6942
8740	0.213506	0.210792	0.6942
8741	0.213506	0.210792	0.6942
8742	0.213506	0.210792	0.6942
8743	0.213506	0.210792	0.6942
8744	0.213506	0.210792	0.6942
8745	0.213506	0.210792	0.6942
8746	0.213506	0.210792	0.6942
8747	0.213506	0.210792	0.6942
8748	0.213506	0.210792	0.6942
8749	0.213506	0.210792	0.6942
8750	0.213506	0.210792	0.6942
8751	0.213506	0.210792	0.6942
8752	0.213506	0.210792	0.6942
8753	0.213506	0.210792	0.6942
8754	0.213506	0.210792	0.6942
8755	0.213506	0.210792	0.6942
8756	0.213506	0.210792	0.6942
8757	0.213506	0.210792	0.6942
8758	0.213506	0.210792	0.6942
8759	0.213506	0.210792	0.6942
8760	0.213506	0.210792	0.6942
8761	0.213506	0.210792	0.6942
8762	0.213506	0.210792	0.6942
8763	0.213506	0.210792	0.6942
8764	0.213506	0.210792	0.6942
8765	0.213506	0.210792	0.6942
8766	0.213506	0.210792	0.6942
8767	0.213506	0.210792	0.6942
8768	0.213506	0.210792	0.6942
8769	0.213506	0.210792	0.6942
8770	0.213506	0.210792	0.6942
8771	0.213506	0.210792	0.6942
8772	0.213506	0.210792	0.6942
8773	0.213506	0.210792	0.6942
8774	0.213506	0.210792	0.6942
8775	0.213506	0.210792	0.6942
8776	0.213506	0.210792	0.6942
8777	0.213506	0.210792	0.6942
8778	0.213506	0.210792	0.6942
8779	0.213506	0.210792	0.6942
8780	0.213506	0.210792	0.6942
8781	0.213506	0.210792	0.6942
8782	0.213506	0.210792	0.6942
8783	0.213506	0.210791	0.6942
8784	0.213506	0.210791	0.6942
8785	0.213506	0.210791	0.6942
8786	0.213506	0.210791	0.6942
8787	0.213506	0.210791	0.6942
8788	0.213506	0.210791	0.6942
8789	0.213506	0.210791	0.6942
8790	0.213506	0.210791	0.6942
8791	0.213506	0.210791	0.6942
8792	0.213506	0.210791	0.6942
8793	0.213506	0.210791	0.6942
8794	0.213506	0.210791	0.6942
8795	0.213506	0.210791	0.6942
8796	0.213506	0.210791	0.6942
8797	0.213506	0.210791	0.6942
8798	0.213506	0.210791	0.6942
8799	0.213506	0.210791	0.6942
8800	0.213506	0.210791	0.6942
8801	0.213506	0.210791	0.6942
8802	0.213506	0.210791	0.6942
8803	0.213506	0.210791	0.6942
8804	0.213506	0.210791	0.6942
8805	0.213506	0.210791	0.6942
8806	0.213506	0.210791	0.6942
8807	0.213506	0.210791	0.6942
8808	0.213506	0.210791	0.6942
8809	0.213506	0.210791	0.6942
8810	0.213506	0.210791	0.6942
8811	0.213506	0.210791	0.6942
8812	0.213506	0.210791	0.6942
8813	0.213506	0.210791	0.6942
8814	0.213506	0.210791	0.6942
8815	0.213506	0.210791	0.6942
8816	0.213506	0.210791	0.6942
8817	0.213506	0.210791	0.6942
8818	0.213506	0.210791	0.6942
8819	0.213506	0.210791	0.6942
8820	0.213506	0.210791	0.6942
8821	0.213506	0.210791	0.6942
8822	0.213506	0.210791	0.6942
8823	0.213506	0.210791	0.6942
8824	0.213506	0.210791	0.6942
8825	0.213506	0.210791	0.6942
8826	0.213506	0.210791	0.6942
8827	0.213506	0.210791	0.6942
8828	0.213506	0.210791	0.6942
8829	0.213506	0.210791	0.6942
8830	0.213506	0.210791	0.6942
8831	0.213506	0.210791	0.6942
8832	0.213506	0.210791	0.6942
8833	0.213506	0.210791	0.6942
8834	0.213506	0.210791	0.6942
8835	0.213506	0.210791	0.6942
8836	0.213506	0.210791	0.6942
8837	0.213506	0.210791	0.6942
8838	0.213506	0.210791	0.6942
8839	0.213506	0.210791	0.6942
8840	0.213506	0.210790	0.6942
8841	0.213506	0.210790	0.6942
8842	0.213506	0.210790	0.6942
8843	0.213506	0.210790	0.6942
8844	0.213506	0.210790	0.6942
8845	0.213506	0.210790	0.6942
8846	0.213506	0.210790	0.6942
8847	0.213506	0.210790	0.6942
8848	0.213506	0.210790	0.6942
8849	0.213506	0.210790	0.6942
8850	0.213506	0.210790	0.6942
8851	0.213506	0.210790	0.6942
8852	0.213506	0.210790	0.6942
8853	0.213506	0.210790	0.6942
8854	0.213506	0.210790	0.6942
8855	0.213506	0.210790	0.6942
8856	0.213506	0.210790	0.6942
8857	0.213506	0.210790	0.6942
8858	0.213506	0.210790	0.6942
8859	0.213506	0.210790	0.6942
8860	0.213506	0.210790	0.6942
8861	0.213506	0.210790	0.6942
8862	0.213506	0.210790	0.6942
8863	0.213506	0.210790	0.6942
8864	0.213506	0.210790	0.6942
8865	0.213506	0.210790	0.6942
8866	0.213506	0.210790	0.6942
8867	0.213506	0.210790	0.6942
8868	0.213506	0.210790	0.6942
8869	0.213506	0.210790	0.6942
8870	0.213506	0.210790	0.6942
8871	0.213506	0.210790	0.6942
8872	0.213506	0.210790	0.6942
8873	0.213506	0.210790	0.6942
8874	0.213506	0.210790	0.6942
8875	0.213506	0.210790	0.6942
8876	0.213505	0.210790	0.6942
8877	0.213505	0.210790	0.6942
8878	0.213505	0.210790	0.6942
8879	0.213505	0.210790	0.6942
8880	0.213505	0.210790	0.6942
8881	0.213505	0.210790	0.6942
8882	0.213505	0.210790	0.6942
8883	0.213505	0.210790	0.6942
8884	0.213505	0.210790	0.6942
8885	0.213505	0.210790	0.6942
8886	0.213505	0.210790	0.6942
8887	0.213505	0.210790	0.6942
8888	0.213505	0.210790	0.6942
8889	0.213505	0.210790	0.6942
8890	0.213505	0.210790	0.6942
8891	0.213505	0.210790	0.6942
8892	0.213505	0.210790	0.6942
8893	0.213505	0.210790	0.6942
8894	0.213505	0.210790	0.6942
8895	0.213505	0.210790	0.6942
8896	0.213505	0.210790	0.6942
8897	0.213505	0.210790	0.6942
8898	0.213505	0.210790	0.6942
8899	0.213505	0.210789	0.6942
8900	0.213505	0.210789	0.6942
8901	0.213505	0.210789	0.6942
8902	0.213505	0.210789	0.6942
8903	0.213505	0.210789	0.6942
8904	0.213505	0.210789	0.6942
8905	0.213505	0.210789	0.6942
8906	0.213505	0.210789	0.6942
8907	0.213505	0.210789	0.6942
8908	0.213505	0.210789	0.6942
8909	0.213505	0.210789	0.6942
8910	0.213505	0.210789	0.6942
8911	0.213505	0.210789	0.6942
8912	0.213505	0.210789	0.6942
8913	0.213505	0.210789	0.6942
8914	0.213505	0.210789	0.6942
8915	0.213505	0.210789	0.6942
8916	0.213505	0.210789	0.6942
8917	0.213505	0.210789	0.6942
8918	0.213505	0.210789	0.6942
8919	0.213505	0.210789	0.6942
8920	0.213505	0.210789	0.6942
8921	0.213505	0.210789	0.6942
8922	0.213505	0.210789	0.6942
8923	0.213505	0.210789	0.6942
8924	0.213505	0.210789	0.6942
8925	0.213505	0.210789	0.6942
8926	0.213505	0.210789	0.6942
8927	0.213505	0.210789	0.6942
8928	0.213505	0.210789	0.6942
8929	0.213505	0.210789	0.6942
8930	0.213505	0.210789	0.6942
8931	0.213505	0.210789	0.6942
8932	0.213505	0.210789	0.6942
8933	0.213505	0.210789	0.6942
8934	0.213505	0.210789	0.6942
8935	0.213505	0.210789	0.6942
8936	0.213505	0.210789	0.6942
8937	0.213505	0.210789	0.6942
8938	0.213505	0.210789	0.6942
8939	0.213505	0.210789	0.6942
8940	0.213505	0.210789	0.6942
8941	0.213505	0.210789	0.6942
8942	0.213505	0.210789	0.6942
8943	0.213505	0.210789	0.6942
8944	0.213505	0.210789	0.6942
8945	0.213505	0.210789	0.6942
8946	0.213505	0.210789	0.6942
8947	0.213505	0.210789	0.6942
8948	0.213505	0.210789	0.6942
8949	0.213505	0.210789	0.6942
8950	0.213505	0.210789	0.6942
8951	0.213505	0.210789	0.6942
8952	0.213505	0.210789	0.6942
8953	0.213505	0.210789	0.6942
8954	0.213505	0.210789	0.6942
8955	0.213505	0.210789	0.6942
8956	0.213505	0.210789	0.6942
8957	0.213505	0.210789	0.6942
8958	0.213505	0.210789	0.6942
8959	0.213505	0.210789	0.6942
8960	0.213505	0.210788	0.6942
8961	0.213505	0.210788	0.6942
8962	0.213505	0.210788	0.6942
8963	0.213505	0.210788	0.6942
8964	0.213505	0.210788	0.6942
8965	0.213505	0.210788	0.6942
8966	0.213505	0.210788	0.6942
8967	0.213505	0.210788	0.6942
8968	0.213505	0.210788	0.6942
8969	0.213505	0.210788	0.6942
8970	0.213505	0.210788	0.6942
8971	0.213505	0.210788	0.6942
8972	0.213505	0.210788	0.6942
8973	0.213505	0.210788	0.6942
8974	0.213505	0.210788	0.6942
8975	0.213505	0.210788	0.6942
8976	0.213505	0.210788	0.6942
8977	0.213505	0.210788	0.6942
8978	0.213505	0.210788	0.6942
8979	0.213505	0.210788	0.6942
8980	0.213505	0.210788	0.6942
8981	0.213505	0.210788	0.6942
8982	0.213505	0.210788	0.6942
8983	0.213505	0.210788	0.6942
8984	0.213505	0.210788	0.6942
8985	0.213505	0.210788	0.6942
8986	0.213505	0.210788	0.6942
8987	0.213505	0.210788	0.6942
8988	0.213505	0.210788	0.6942
8989	0.213505	0.210788	0.6942
8990	0.213505	0.210788	0.6942
8991	0.213505	0.210788	0.6942
8992	0.213505	0.210788	0.6942
8993	0.213505	0.210788	0.6942
8994	0.213505	0.210788	0.6942
8995	0.213505	0.210788	0.6942
8996	0.213505	0.210788	0.6942
8997	0.213505	0.210788	0.6942
8998	0.213505	0.210788	0.6942
8999	0.213505	0.210788	0.6942
9000	0.213505	0.210788	0.6942
9001	0.213505	0.210788	0.6942
9002	0.213505	0.210788	0.6942
9003	0.213505	0.210788	0.6942
9004	0.213505	0.210788	0.6942
9005	0.213505	0.210788	0.6942
9006	0.213505	0.210788	0.6942
9007	0.213505	0.210788	0.6942
9008	0.213505	0.210788	0.6942
9009	0.213505	0.210788	0.6942
9010	0.213505	0.210788	0.6942
9011	0.213505	0.210788	0.6942
9012	0.213505	0.210788	0.6942
9013	0.213505	0.210788	0.6942
9014	0.213505	0.210788	0.6942
9015	0.213505	0.210788	0.6942
9016	0.213505	0.210788	0.6942
9017	0.213505	0.210788	0.6942
9018	0.213505	0.210788	0.6942
9019	0.213505	0.210788	0.6942
9020	0.213505	0.210788	0.6942
9021	0.213505	0.210788	0.6942
9022	0.213505	0.210787	0.6942
9023	0.213505	0.210787	0.6942
9024	0.213505	0.210787	0.6942
9025	0.213505	0.210787	0.6942
9026	0.213504	0.210787	0.6942
9027	0.213504	0.210787	0.6942
9028	0.213504	0.210787	0.6942
9029	0.213504	0.210787	0.6942
9030	0.213504	0.210787	0.6942
9031	0.213504	0.210787	0.6942
9032	0.213504	0.210787	0.6942
9033	0.213504	0.210787	0.6942
9034	0.213504	0.210787	0.6942
9035	0.213504	0.210787	0.6942
9036	0.213504	0.210787	0.6942
9037	0.213504	0.210787	0.6942
9038	0.213504	0.210787	0.6942
9039	0.213504	0.210787	0.6942
9040	0.213504	0.210787	0.6942
9041	0.213504	0.210787	0.6942
9042	0.213504	0.210787	0.6942
9043	0.213504	0.210787	0.6942
9044	0.213504	0.210787	0.6942
9045	0.213504	0.210787	0.6942
9046	0.213504	0.210787	0.6942
9047	0.213504	0.210787	0.6942
9048	0.213504	0.210787	0.6942
9049	0.213504	0.210787	0.6942
9050	0.213504	0.210787	0.6942
9051	0.213504	0.210787	0.6942
9052	0.213504	0.210787	0.6942
9053	0.213504	0.210787	0.6942
9054	0.213504	0.210787	0.6942
9055	0.213504	0.210787	0.6942
9056	0.213504	0.210787	0.6942
9057	0.213504	0.210787	0.6942
9058	0.213504	0.210787	0.6942
9059	0.213504	0.210787	0.6942
9060	0.213504	0.210787	0.6942
9061	0.213504	0.210787	0.6942
9062	0.213504	0.210787	0.6942
9063	0.213504	0.210787	0.6942
9064	0.213504	0.210787	0.6942
9065	0.213504	0.210787	0.6942
9066	0.213504	0.210787	0.6942
9067	0.213504	0.210787	0.6942
9068	0.213504	0.210787	0.6942
9069	0.213504	0.210787	0.6942
9070	0.213504	0.210787	0.6942
9071	0.213504	0.210787	0.6942
9072	0.213504	0.210787	0.6942
9073	0.213504	0.210787	0.6942
9074	0.213504	0.210787	0.6942
9075	0.213504	0.210787	0.6942
9076	0.213504	0.210787	0.6942
9077	0.213504	0.210787	0.6942
9078	0.213504	0.210787	0.6942
9079	0.213504	0.210787	0.6942
9080	0.213504	0.210787	0.6942
9081	0.213504	0.210787	0.6942
9082	0.213504	0.210787	0.6942
9083	0.213504	0.210787	0.6942
9084	0.213504	0.210787	0.6942
9085	0.213504	0.210787	0.6942
9086	0.213504	0.210786	0.6942
9087	0.213504	0.210786	0.6942
9088	0.213504	0.210786	0.6942
9089	0.213504	0.210786	0.6942
9090	0.213504	0.210786	0.6942
9091	0.213504	0.210786	0.6942
9092	0.213504	0.210786	0.6942
9093	0.213504	0.210786	0.6942
9094	0.213504	0.210786	0.6942
9095	0.213504	0.210786	0.6942
9096	0.213504	0.210786	0.6942
9097	0.213504	0.210786	0.6942
9098	0.213504	0.210786	0.6942
9099	0.213504	0.210786	0.6942
9100	0.213504	0.210786	0.6942
9101	0.213504	0.210786	0.6942
9102	0.213504	0.210786	0.6942
9103	0.213504	0.210786	0.6942
9104	0.213504	0.210786	0.6942
9105	0.213504	0.210786	0.6942
9106	0.213504	0.210786	0.6942
9107	0.213504	0.210786	0.6942
9108	0.213504	0.210786	0.6942
9109	0.213504	0.210786	0.6942
9110	0.213504	0.210786	0.6942
9111	0.213504	0.210786	0.6942
9112	0.213504	0.210786	0.6942
9113	0.213504	0.210786	0.6942
9114	0.213504	0.210786	0.6942
9115	0.213504	0.210786	0.6942
9116	0.213504	0.210786	0.6942
9117	0.213504	0.210786	0.6942
9118	0.213504	0.210786	0.6942
9119	0.213504	0.210786	0.6942
9120	0.213504	0.210786	0.6942
9121	0.213504	0.210786	0.6942
9122	0.213504	0.210786	0.6942
9123	0.213504	0.210786	0.6942
9124	0.213504	0.210786	0.6942
9125	0.213504	0.210786	0.6942
9126	0.213504	0.210786	0.6942
9127	0.213504	0.210786	0.6942
9128	0.213504	0.210786	0.6942
9129	0.213504	0.210786	0.6942
9130	0.213504	0.210786	0.6942
9131	0.213504	0.210786	0.6942
9132	0.213504	0.210786	0.6942
9133	0.213504	0.210786	0.6942
9134	0.213504	0.210786	0.6942
9135	0.213504	0.210786	0.6942
9136	0.213504	0.210786	0.6942
9137	0.213504	0.210786	0.6942
9138	0.213504	0.210786	0.6942
9139	0.213504	0.210786	0.6942
9140	0.213504	0.210786	0.6942
9141	0.213504	0.210786	0.6942
9142	0.213504	0.210786	0.6942
9143	0.213504	0.210786	0.6942
9144	0.213504	0.210786	0.6942
9145	0.213504	0.210786	0.6942
9146	0.213504	0.210786	0.6942
9147	0.213504	0.210786	0.6942
9148	0.213504	0.210786	0.6942
9149	0.213504	0.210786	0.6942
9150	0.213504	0.210786	0.6942
9151	0.213504	0.210786	0.6942
9152	0.213504	0.210785	0.6942
9153	0.213504	0.210785	0.6942
9154	0.213504	0.210785	0.6942
9155	0.213504	0.210785	0.6942
9156	0.213504	0.210785	0.6942
9157	0.213504	0.210785	0.6942
9158	0.213504	0.210785	0.6942
9159	0.213504	0.210785	0.6942
9160	0.213504	0.210785	0.6942
9161	0.213504	0.210785	0.6942
9162	0.213504	0.210785	0.6942
9163	0.213504	0.210785	0.6942
9164	0.213504	0.210785	0.6942
9165	0.213504	0.210785	0.6942
9166	0.213504	0.210785	0.6942
9167	0.213504	0.210785	0.6942
9168	0.213504	0.210785	0.6942
9169	0.213504	0.210785	0.6942
9170	0.213504	0.210785	0.6942
9171	0.213504	0.210785	0.6942
9172	0.213504	0.210785	0.6942
9173	0.213504	0.210785	0.6942
9174	0.213504	0.210785	0.6942
9175	0.213504	0.210785	0.6942
9176	0.213504	0.210785	0.6942
9177	0.213504	0.210785	0.6942
9178	0.213504	0.210785	0.6942
9179	0.213504	0.210785	0.6942
9180	0.213504	0.210785	0.6942
9181	0.213504	0.210785	0.6942
9182	0.213504	0.210785	0.6942
9183	0.213504	0.210785	0.6942
9184	0.213504	0.210785	0.6942
9185	0.213504	0.210785	0.6942
9186	0.213504	0.210785	0.6942
9187	0.213503	0.210785	0.6942
9188	0.213503	0.210785	0.6942
9189	0.213503	0.210785	0.6942
9190	0.213503	0.210785	0.6942
9191	0.213503	0.210785	0.6942
9192	0.213503	0.210785	0.6942
9193	0.213503	0.210785	0.6942
9194	0.213503	0.210785	0.6942
9195	0.213503	0.210785	0.6942
9196	0.213503	0.210785	0.6942
9197	0.213503	0.210785	0.6942
9198	0.213503	0.210785	0.6942
9199	0.213503	0.210785	0.6942
9200	0.213503	0.210785	0.6942
9201	0.213503	0.210785	0.6942
9202	0.213503	0.210785	0.6942
9203	0.213503	0.210785	0.6942
9204	0.213503	0.210785	0.6942
9205	0.213503	0.210785	0.6942
9206	0.213503	0.210785	0.6942
9207	0.213503	0.210785	0.6942
9208	0.213503	0.210785	0.6942
9209	0.213503	0.210785	0.6942
9210	0.213503	0.210785	0.6942
9211	0.213503	0.210785	0.6942
9212	0.213503	0.210785	0.6942
9213	0.213503	0.210785	0.6942
9214	0.213503	0.210785	0.6942
9215	0.213503	0.210785	0.6942
9216	0.213503	0.210785	0.6942
9217	0.213503	0.210785	0.6942
9218	0.213503	0.210785	0.6942
9219	0.213503	0.210785	0.6942
9220	0.213503	0.210784	0.6942
9221	0.213503	0.210784	0.6942
9222	0.213503	0.210784	0.6942
9223	0.213503	0.210784	0.6942
9224	0.213503	0.210784	0.6942
9225	0.213503	0.210784	0.6942
9226	0.213503	0.210784	0.6942
9227	0.213503	0.210784	0.6942
9228	0.213503	0.210784	0.6942
9229	0.213503	0.210784	0.6942
9230	0.213503	0.210784	0.6942
9231	0.213503	0.210784	0.6942
9232	0.213503	0.210784	0.6942
9233	0.213503	0.210784	0.6942
9234	0.213503	0.210784	0.6942
9235	0.213503	0.210784	0.6942
9236	0.213503	0.210784	0.6942
9237	0.213503	0.210784	0.6942
9238	0.213503	0.210784	0.6942
9239	0.213503	0.210784	0.6942
9240	0.213503	0.210784	0.6942
9241	0.213503	0.210784	0.6942
9242	0.213503	0.210784	0.6942
9243	0.213503	0.210784	0.6942
9244	0.213503	0.210784	0.6942
9245	0.213503	0.210784	0.6942
9246	0.213503	0.210784	0.6942
9247	0.213503	0.210784	0.6942
9248	0.213503	0.210784	0.6942
9249	0.213503	0.210784	0.6942
9250	0.213503	0.210784	0.6942
9251	0.213503	0.210784	0.6942
9252	0.213503	0.210784	0.6942
9253	0.213503	0.210784	0.6942
9254	0.213503	0.210784	0.6942
9255	0.213503	0.210784	0.6942
9256	0.213503	0.210784	0.6942
9257	0.213503	0.210784	0.6942
9258	0.213503	0.210784	0.6942
9259	0.213503	0.210784	0.6942
9260	0.213503	0.210784	0.6942
9261	0.213503	0.210784	0.6942
9262	0.213503	0.210784	0.6942
9263	0.213503	0.210784	0.6942
9264	0.213503	0.210784	0.6942
9265	0.213503	0.210784	0.6942
9266	0.213503	0.210784	0.6942
9267	0.213503	0.210784	0.6942
9268	0.213503	0.210784	0.6942
9269	0.213503	0.210784	0.6942
9270	0.213503	0.210784	0.6942
9271	0.213503	0.210784	0.6942
9272	0.213503	0.210784	0.6942
9273	0.213503	0.210784	0.6942
9274	0.213503	0.210784	0.6942
9275	0.213503	0.210784	0.6942
9276	0.213503	0.210784	0.6942
9277	0.213503	0.210784	0.6942
9278	0.213503	0.210784	0.6942
9279	0.213503	0.210784	0.6942
9280	0.213503	0.210784	0.6942
9281	0.213503	0.210784	0.6942
9282	0.213503	0.210784	0.6942
9283	0.213503	0.210784	0.6942
9284	0.213503	0.210784	0.6942
9285	0.213503	0.210784	0.6942
9286	0.213503	0.210784	0.6942
9287	0.213503	0.210784	0.6942
9288	0.213503	0.210784	0.6942
9289	0.213503	0.210784	0.6942
9290	0.213503	0.210783	0.6942
9291	0.213503	0.210783	0.6942
9292	0.213503	0.210783	0.6942
9293	0.213503	0.210783	0.6942
9294	0.213503	0.210783	0.6942
9295	0.213503	0.210783	0.6942
9296	0.213503	0.210783	0.6942
9297	0.213503	0.210783	0.6942
9298	0.213503	0.210783	0.6942
9299	0.213503	0.210783	0.6942
9300	0.213503	0.210783	0.6942
9301	0.213503	0.210783	0.6942
9302	0.213503	0.210783	0.6942
9303	0.213503	0.210783	0.6942
9304	0.213503	0.210783	0.6942
9305	0.213503	0.210783	0.6942
9306	0.213503	0.210783	0.6942
9307	0.213503	0.210783	0.6942
9308	0.213503	0.210783	0.6942
9309	0.213503	0.210783	0.6942
9310	0.213503	0.210783	0.6942
9311	0.213503	0.210783	0.6942
9312	0.213503	0.210783	0.6942
9313	0.213503	0.210783	0.6942
9314	0.213503	0.210783	0.6942
9315	0.213503	0.210783	0.6942
9316	0.213503	0.210783	0.6942
9317	0.213503	0.210783	0.6942
9318	0.213503	0.210783	0.6942
9319	0.213503	0.210783	0.6942
9320	0.213503	0.210783	0.6942
9321	0.213503	0.210783	0.6942
9322	0.213503	0.210783	0.6942
9323	0.213503	0.210783	0.6942
9324	0.213503	0.210783	0.6942
9325	0.213503	0.210783	0.6942
9326	0.213503	0.210783	0.6942
9327	0.213503	0.210783	0.6942
9328	0.213503	0.210783	0.6942
9329	0.213503	0.210783	0.6942
9330	0.213503	0.210783	0.6942
9331	0.213503	0.210783	0.6942
9332	0.213503	0.210783	0.6942
9333	0.213503	0.210783	0.6942
9334	0.213503	0.210783	0.6942
9335	0.213503	0.210783	0.6942
9336	0.213503	0.210783	0.6942
9337	0.213503	0.210783	0.6942
9338	0.213503	0.210783	0.6942
9339	0.213503	0.210783	0.6942
9340	0.213503	0.210783	0.6942
9341	0.213503	0.210783	0.6942
9342	0.213503	0.210783	0.6942
9343	0.213503	0.210783	0.6942
9344	0.213503	0.210783	0.6942
9345	0.213503	0.210783	0.6942
9346	0.213503	0.210783	0.6942
9347	0.213503	0.210783	0.6942
9348	0.213503	0.210783	0.6942
9349	0.213503	0.210783	0.6942
9350	0.213503	0.210783	0.6942
9351	0.213503	0.210783	0.6942
9352	0.213503	0.210783	0.6942
9353	0.213503	0.210783	0.6942
9354	0.213503	0.210783	0.6942
9355	0.213503	0.210783	0.6942
9356	0.213503	0.210783	0.6942
9357	0.213503	0.210783	0.6942
9358	0.213503	0.210783	0.6942
9359	0.213503	0.210783	0.6942
9360	0.213503	0.210783	0.6942
9361	0.213502	0.210783	0.6942
9362	0.213502	0.210782	0.6942
9363	0.213502	0.210782	0.6942
9364	0.213502	0.210782	0.6942
9365	0.213502	0.210782	0.6942
9366	0.213502	0.210782	0.6942
9367	0.213502	0.210782	0.6942
9368	0.213502	0.210782	0.6942
9369	0.213502	0.210782	0.6942
9370	0.213502	0.210782	0.6942
9371	0.213502	0.210782	0.6942
9372	0.213502	0.210782	0.6942
9373	0.213502	0.210782	0.6942
9374	0.213502	0.210782	0.6942
9375	0.213502	0.210782	0.6942
9376	0.213502	0.210782	0.6942
9377	0.213502	0.210782	0.6942
9378	0.213502	0.210782	0.6942
9379	0.213502	0.210782	0.6942
9380	0.213502	0.210782	0.6942
9381	0.213502	0.210782	0.6942
9382	0.213502	0.210782	0.6942
9383	0.213502	0.210782	0.6942
9384	0.213502	0.210782	0.6942
9385	0.213502	0.210782	0.6942
9386	0.213502	0.210782	0.6942
9387	0.213502	0.210782	0.6942
9388	0.213502	0.210782	0.6942
9389	0.213502	0.210782	0.6942
9390	0.213502	0.210782	0.6942
9391	0.213502	0.210782	0.6942
9392	0.213502	0.210782	0.6942
9393	0.213502	0.210782	0.6942
9394	0.213502	0.210782	0.6942
9395	0.213502	0.210782	0.6942
9396	0.213502	0.210782	0.6942
9397	0.213502	0.210782	0.6942
9398	0.213502	0.210782	0.6942
9399	0.213502	0.210782	0.6942
9400	0.213502	0.210782	0.6942
9401	0.213502	0.210782	0.6942
9402	0.213502	0.210782	0.6942
9403	0.213502	0.210782	0.6942
9404	0.213502	0.210782	0.6942
9405	0.213502	0.210782	0.6942
9406	0.213502	0.210782	0.6942
9407	0.213502	0.210782	0.6942
9408	0.213502	0.210782	0.6942
9409	0.213502	0.210782	0.6942
9410	0.213502	0.210782	0.6942
9411	0.213502	0.210782	0.6942
9412	0.213502	0.210782	0.6942
9413	0.213502	0.210782	0.6942
9414	0.213502	0.210782	0.6942
9415	0.213502	0.210782	0.6942
9416	0.213502	0.210782	0.6942
9417	0.213502	0.210782	0.6942
9418	0.213502	0.210782	0.6942
9419	0.213502	0.210782	0.6942
9420	0.213502	0.210782	0.6942
9421	0.213502	0.210782	0.6942
9422	0.213502	0.210782	0.6942
9423	0.213502	0.210782	0.6942
9424	0.213502	0.210782	0.6942
9425	0.213502	0.210782	0.6942
9426	0.213502	0.210782	0.6942
9427	0.213502	0.210782	0.6942
9428	0.213502	0.210782	0.6942
9429	0.213502	0.210782	0.6942
9430	0.213502	0.210782	0.6942
9431	0.213502	0.210782	0.6942
9432	0.213502	0.210782	0.6942
9433	0.213502	0.210782	0.6942
9434	0.213502	0.210782	0.6942
9435	0.213502	0.210782	0.6942
9436	0.213502	0.210781	0.6942
9437	0.213502	0.210781	0.6942
9438	0.213502	0.210781	0.6942
9439	0.213502	0.210781	0.6942
9440	0.213502	0.210781	0.6942
9441	0.213502	0.210781	0.6942
9442	0.213502	0.210781	0.6942
9443	0.213502	0.210781	0.6942
9444	0.213502	0.210781	0.6942
9445	0.213502	0.210781	0.6942
9446	0.213502	0.210781	0.6942
9447	0.213502	0.210781	0.6942
9448	0.213502	0.210781	0.6942
9449	0.213502	0.210781	0.6942
9450	0.213502	0.210781	0.6942
9451	0.213502	0.210781	0.6942
9452	0.213502	0.210781	0.6942
9453	0.213502	0.210781	0.6942
9454	0.213502	0.210781	0.6942
9455	0.213502	0.210781	0.6942
9456	0.213502	0.210781	0.6942
9457	0.213502	0.210781	0.6942
9458	0.213502	0.210781	0.6942
9459	0.213502	0.210781	0.6942
9460	0.213502	0.210781	0.6942
9461	0.213502	0.210781	0.6942
9462	0.213502	0.210781	0.6942
9463	0.213502	0.210781	0.6942
9464	0.213502	0.210781	0.6942
9465	0.213502	0.210781	0.6942
9466	0.213502	0.210781	0.6942
9467	0.213502	0.210781	0.6942
9468	0.213502	0.210781	0.6942
9469	0.213502	0.210781	0.6942
9470	0.213502	0.210781	0.6942
9471	0.213502	0.210781	0.6942
9472	0.213502	0.210781	0.6942
9473	0.213502	0.210781	0.6942
9474	0.213502	0.210781	0.6942
9475	0.213502	0.210781	0.6942
9476	0.213502	0.210781	0.6942
9477	0.213502	0.210781	0.6942
9478	0.213502	0.210781	0.6942
9479	0.213502	0.210781	0.6942
9480	0.213502	0.210781	0.6942
9481	0.213502	0.210781	0.6942
9482	0.213502	0.210781	0.6942
9483	0.213502	0.210781	0.6942
9484	0.213502	0.210781	0.6942
9485	0.213502	0.210781	0.6942
9486	0.213502	0.210781	0.6942
9487	0.213502	0.210781	0.6942
9488	0.213502	0.210781	0.6942
9489	0.213502	0.210781	0.6942
9490	0.213502	0.210781	0.6942
9491	0.213502	0.210781	0.6942
9492	0.213502	0.210781	0.6942
9493	0.213502	0.210781	0.6942
9494	0.213502	0.210781	0.6942
9495	0.213502	0.210781	0.6942
9496	0.213502	0.210781	0.6942
9497	0.213502	0.210781	0.6942
9498	0.213502	0.210781	0.6942
9499	0.213502	0.210781	0.6942
9500	0.213502	0.210781	0.6942
9501	0.213502	0.210781	0.6942
9502	0.213502	0.210781	0.6942
9503	0.213502	0.210781	0.6942
9504	0.213502	0.210781	0.6942
9505	0.213502	0.210781	0.6942
9506	0.213502	0.210781	0.6942
9507	0.213502	0.210781	0.6942
9508	0.213502	0.210781	0.6942
9509	0.213502	0.210781	0.6942
9510	0.213502	0.210781	0.6942
9511	0.213502	0.210781	0.6942
9512	0.213502	0.210781	0.6942
9513	0.213502	0.210780	0.6942
9514	0.213502	0.210780	0.6942
9515	0.213502	0.210780	0.6942
9516	0.213502	0.210780	0.6942
9517	0.213502	0.210780	0.6942
9518	0.213502	0.210780	0.6942
9519	0.213502	0.210780	0.6942
9520	0.213502	0.210780	0.6942
9521	0.213502	0.210780	0.6942
9522	0.213502	0.210780	0.6942
9523	0.213502	0.210780	0.6942
9524	0.213502	0.210780	0.6942
9525	0.213502	0.210780	0.6942
9526	0.213502	0.210780	0.6942
9527	0.213502	0.210780	0.6942
9528	0.213502	0.210780	0.6942
9529	0.213502	0.210780	0.6942
9530	0.213502	0.210780	0.6942
9531	0.213502	0.210780	0.6942
9532	0.213502	0.210780	0.6942
9533	0.213502	0.210780	0.6942
9534	0.213502	0.210780	0.6942
9535	0.213502	0.210780	0.6942
9536	0.213502	0.210780	0.6942
9537	0.213502	0.210780	0.6942
9538	0.213502	0.210780	0.6942
9539	0.213502	0.210780	0.6942
9540	0.213502	0.210780	0.6942
9541	0.213502	0.210780	0.6942
9542	0.213502	0.210780	0.6942
9543	0.213502	0.210780	0.6942
9544	0.213502	0.210780	0.6942
9545	0.213502	0.210780	0.6942
9546	0.213502	0.210780	0.6942
9547	0.213502	0.210780	0.6942
9548	0.213502	0.210780	0.6942
9549	0.213501	0.210780	0.6942
9550	0.213501	0.210780	0.6942
9551	0.213501	0.210780	0.6942
9552	0.213501	0.210780	0.6942
9553	0.213501	0.210780	0.6942
9554	0.213501	0.210780	0.6942
9555	0.213501	0.210780	0.6942
9556	0.213501	0.210780	0.6942
9557	0.213501	0.210780	0.6942
9558	0.213501	0.210780	0.6942
9559	0.213501	0.210780	0.6942
9560	0.213501	0.210780	0.6942
9561	0.213501	0.210780	0.6942
9562	0.213501	0.210780	0.6942
9563	0.213501	0.210780	0.6942
9564	0.213501	0.210780	0.6942
9565	0.213501	0.210780	0.6942
9566	0.213501	0.210780	0.6942
9567	0.213501	0.210780	0.6942
9568	0.213501	0.210780	0.6942
9569	0.213501	0.210780	0.6942
9570	0.213501	0.210780	0.6942
9571	0.213501	0.210780	0.6942
9572	0.213501	0.210780	0.6942
9573	0.213501	0.210780	0.6942
9574	0.213501	0.210780	0.6942
9575	0.213501	0.210780	0.6942
9576	0.213501	0.210780	0.6942
9577	0.213501	0.210780	0.6942
9578	0.213501	0.210780	0.6942
9579	0.213501	0.210780	0.6942
9580	0.213501	0.210780	0.6942
9581	0.213501	0.210780	0.6942
9582	0.213501	0.210780	0.6942
9583	0.213501	0.210780	0.6942
9584	0.213501	0.210780	0.6942
9585	0.213501	0.210780	0.6942
9586	0.213501	0.210780	0.6942
9587	0.213501	0.210780	0.6942
9588	0.213501	0.210780	0.6942
9589	0.213501	0.210780	0.6942
9590	0.213501	0.210780	0.6942
9591	0.213501	0.210780	0.6942
9592	0.213501	0.210779	0.6942
9593	0.213501	0.210779	0.6942
9594	0.213501	0.210779	0.6942
9595	0.213501	0.210779	0.6942
9596	0.213501	0.210779	0.6942
9597	0.213501	0.210779	0.6942
9598	0.213501	0.210779	0.6942
9599	0.213501	0.210779	0.6942
9600	0.213501	0.210779	0.6942
9601	0.213501	0.210779	0.6942
9602	0.213501	0.210779	0.6942
9603	0.213501	0.210779	0.6942
9604	0.213501	0.210779	0.6942
9605	0.213501	0.210779	0.6942
9606	0.213501	0.210779	0.6942
9607	0.213501	0.210779	0.6942
9608	0.213501	0.210779	0.6942
9609	0.213501	0.210779	0.6942
9610	0.213501	0.210779	0.6942
9611	0.213501	0.210779	0.6942
9612	0.213501	0.210779	0.6942
9613	0.213501	0.210779	0.6942
9614	0.213501	0.210779	0.6942
9615	0.213501	0.210779	0.6942
9616	0.213501	0.210779	0.6942
9617	0.213501	0.210779	0.6942
9618	0.213501	0.210779	0.6942
9619	0.213501	0.210779	0.6942
9620	0.213501	0.210779	0.6942
9621	0.213501	0.210779	0.6942
9622	0.213501	0.210779	0.6942
9623	0.213501	0.210779	0.6942
9624	0.213501	0.210779	0.6942
9625	0.213501	0.210779	0.6942
9626	0.213501	0.210779	0.6942
9627	0.213501	0.210779	0.6942
9628	0.213501	0.210779	0.6942
9629	0.213501	0.210779	0.6942
9630	0.213501	0.210779	0.6942
9631	0.213501	0.210779	0.6942
9632	0.213501	0.210779	0.6942
9633	0.213501	0.210779	0.6942
9634	0.213501	0.210779	0.6942
9635	0.213501	0.210779	0.6942
9636	0.213501	0.210779	0.6942
9637	0.213501	0.210779	0.6942
9638	0.213501	0.210779	0.6942
9639	0.213501	0.210779	0.6942
9640	0.213501	0.210779	0.6942
9641	0.213501	0.210779	0.6942
9642	0.213501	0.210779	0.6942
9643	0.213501	0.210779	0.6942
9644	0.213501	0.210779	0.6942
9645	0.213501	0.210779	0.6942
9646	0.213501	0.210779	0.6942
9647	0.213501	0.210779	0.6942
9648	0.213501	0.210779	0.6942
9649	0.213501	0.210779	0.6942
9650	0.213501	0.210779	0.6942
9651	0.213501	0.210779	0.6942
9652	0.213501	0.210779	0.6942
9653	0.213501	0.210779	0.6942
9654	0.213501	0.210779	0.6942
9655	0.213501	0.210779	0.6942
9656	0.213501	0.210779	0.6942
9657	0.213501	0.210779	0.6942
9658	0.213501	0.210779	0.6942
9659	0.213501	0.210779	0.6942
9660	0.213501	0.210779	0.6942
9661	0.213501	0.210779	0.6942
9662	0.213501	0.210779	0.6942
9663	0.213501	0.210779	0.6942
9664	0.213501	0.210779	0.6942
9665	0.213501	0.210779	0.6942
9666	0.213501	0.210779	0.6942
9667	0.213501	0.210779	0.6942
9668	0.213501	0.210779	0.6942
9669	0.213501	0.210779	0.6942
9670	0.213501	0.210779	0.6942
9671	0.213501	0.210779	0.6942
9672	0.213501	0.210779	0.6942
9673	0.213501	0.210778	0.6942
9674	0.213501	0.210778	0.6942
9675	0.213501	0.210778	0.6942
9676	0.213501	0.210778	0.6942
9677	0.213501	0.210778	0.6942
9678	0.213501	0.210778	0.6942
9679	0.213501	0.210778	0.6942
9680	0.213501	0.210778	0.6942
9681	0.213501	0.210778	0.6942
9682	0.213501	0.210778	0.6942
9683	0.213501	0.210778	0.6942
9684	0.213501	0.210778	0.6942
9685	0.213501	0.210778	0.6942
9686	0.213501	0.210778	0.6942
9687	0.213501	0.210778	0.6942
9688	0.213501	0.210778	0.6942
9689	0.213501	0.210778	0.6942
9690	0.213501	0.210778	0.6942
9691	0.213501	0.210778	0.6942
9692	0.213501	0.210778	0.6942
9693	0.213501	0.210778	0.6942
9694	0.213501	0.210778	0.6942
9695	0.213501	0.210778	0.6942
9696	0.213501	0.210778	0.6942
9697	0.213501	0.210778	0.6942
9698	0.213501	0.210778	0.6942
9699	0.213501	0.210778	0.6942
9700	0.213501	0.210778	0.6942
9701	0.213501	0.210778	0.6942
9702	0.213501	0.210778	0.6942
9703	0.213501	0.210778	0.6942
9704	0.213501	0.210778	0.6942
9705	0.213501	0.210778	0.6942
9706	0.213501	0.210778	0.6942
9707	0.213501	0.210778	0.6942
9708	0.213501	0.210778	0.6942
9709	0.213501	0.210778	0.6942
9710	0.213501	0.210778	0.6942
9711	0.213501	0.210778	0.6942
9712	0.213501	0.210778	0.6942
9713	0.213501	0.210778	0.6942
9714	0.213501	0.210778	0.6942
9715	0.213501	0.210778	0.6942
9716	0.213501	0.210778	0.6942
9717	0.213501	0.210778	0.6942
9718	0.213501	0.210778	0.6942
9719	0.213501	0.210778	0.6942
9720	0.213501	0.210778	0.6942
9721	0.213501	0.210778	0.6942
9722	0.213501	0.210778	0.6942
9723	0.213501	0.210778	0.6942
9724	0.213501	0.210778	0.6942
9725	0.213501	0.210778	0.6942
9726	0.213501	0.210778	0.6942
9727	0.213501	0.210778	0.6942
9728	0.213501	0.210778	0.6942
9729	0.213501	0.210778	0.6942
9730	0.213501	0.210778	0.6942
9731	0.213501	0.210778	0.6942
9732	0.213501	0.210778	0.6942
9733	0.213501	0.210778	0.6942
9734	0.213501	0.210778	0.6942
9735	0.213501	0.210778	0.6942
9736	0.213501	0.210778	0.6942
9737	0.213501	0.210778	0.6942
9738	0.213501	0.210778	0.6942
9739	0.213501	0.210778	0.6942
9740	0.213501	0.210778	0.6942
9741	0.213501	0.210778	0.6942
9742	0.213501	0.210778	0.6942
9743	0.213501	0.210778	0.6942
9744	0.213501	0.210778	0.6942
9745	0.213501	0.210778	0.6942
9746	0.213501	0.210778	0.6942
9747	0.213501	0.210778	0.6942
9748	0.213501	0.210778	0.6942
9749	0.213501	0.210778	0.6942
9750	0.213500	0.210778	0.6942
9751	0.213500	0.210778	0.6942
9752	0.213500	0.210778	0.6942
9753	0.213500	0.210778	0.6942
9754	0.213500	0.210778	0.6942
9755	0.213500	0.210778	0.6942
9756	0.213500	0.210777	0.6942
9757	0.213500	0.210777	0.6942
9758	0.213500	0.210777	0.6942
9759	0.213500	0.210777	0.6942
9760	0.213500	0.210777	0.6942
9761	0.213500	0.210777	0.6942
9762	0.213500	0.210777	0.6942
9763	0.213500	0.210777	0.6942
9764	0.213500	0.210777	0.6942
9765	0.213500	0.210777	0.6942
9766	0.213500	0.210777	0.6942
9767	0.213500	0.210777	0.6942
9768	0.213500	0.210777	0.6942
9769	0.213500	0.210777	0.6942
9770	0.213500	0.210777	0.6942
9771	0.213500	0.210777	0.6942
9772	0.213500	0.210777	0.6942
9773	0.213500	0.210777	0.6942
9774	0.213500	0.210777	0.6942
9775	0.213500	0.210777	0.6942
9776	0.213500	0.210777	0.6942
9777	0.213500	0.210777	0.6942
9778	0.213500	0.210777	0.6942
9779	0.213500	0.210777	0.6942
9780	0.213500	0.210777	0.6942
9781	0.213500	0.210777	0.6942
9782	0.213500	0.210777	0.6942
9783	0.213500	0.210777	0.6942
9784	0.213500	0.210777	0.6942
9785	0.213500	0.210777	0.6942
9786	0.213500	0.210777	0.6942
9787	0.213500	0.210777	0.6942
9788	0.213500	0.210777	0.6942
9789	0.213500	0.210777	0.6942
9790	0.213500	0.210777	0.6942
9791	0.213500	0.210777	0.6942
9792	0.213500	0.210777	0.6942
9793	0.213500	0.210777	0.6942
9794	0.213500	0.210777	0.6942
9795	0.213500	0.210777	0.6942
9796	0.213500	0.210777	0.6942
9797	0.213500	0.210777	0.6942
9798	0.213500	0.210777	0.6942
9799	0.213500	0.210777	0.6942
9800	0.213500	0.210777	0.6942
9801	0.213500	0.210777	0.6942
9802	0.213500	0.210777	0.6942
9803	0.213500	0.210777	0.6942
9804	0.213500	0.210777	0.6942
9805	0.213500	0.210777	0.6942
9806	0.213500	0.210777	0.6942
9807	0.213500	0.210777	0.6942
9808	0.213500	0.210777	0.6942
9809	0.213500	0.210777	0.6942
9810	0.213500	0.210777	0.6942
9811	0.213500	0.210777	0.6942
9812	0.213500	0.210777	0.6942
9813	0.213500	0.210777	0.6942
9814	0.213500	0.210777	0.6942
9815	0.213500	0.210777	0.6942
9816	0.213500	0.210777	0.6942
9817	0.213500	0.210777	0.6942
9818	0.213500	0.210777	0.6942
9819	0.213500	0.210777	0.6942
9820	0.213500	0.210777	0.6942
9821	0.213500	0.210777	0.6942
9822	0.213500	0.210777	0.6942
9823	0.213500	0.210777	0.6942
9824	0.213500	0.210777	0.6942
9825	0.213500	0.210777	0.6942
9826	0.213500	0.210777	0.6942
9827	0.213500	0.210777	0.6942
9828	0.213500	0.210777	0.6942
9829	0.213500	0.210777	0.6942
9830	0.213500	0.210777	0.6942
9831	0.213500	0.210777	0.6942
9832	0.213500	0.210777	0.6942
9833	0.213500	0.210777	0.6942
9834	0.213500	0.210777	0.6942
9835	0.213500	0.210777	0.6942
9836	0.213500	0.210777	0.6942
9837	0.213500	0.210777	0.6942
9838	0.213500	0.210777	0.6942
9839	0.213500	0.210777	0.6942
9840	0.213500	0.210777	0.6942
9841	0.213500	0.210777	0.6942
9842	0.213500	0.210777	0.6942
9843	0.213500	0.210776	0.6942
9844	0.213500	0.210776	0.6942
9845	0.213500	0.210776	0.6942
9846	0.213500	0.210776	0.6942
9847	0.213500	0.210776	0.6942
9848	0.213500	0.210776	0.6942
9849	0.213500	0.210776	0.6942
9850	0.213500	0.210776	0.6942
9851	0.213500	0.210776	0.6942
9852	0.213500	0.210776	0.6942
9853	0.213500	0.210776	0.6942
9854	0.213500	0.210776	0.6942
9855	0.213500	0.210776	0.6942
9856	0.213500	0.210776	0.6942
9857	0.213500	0.210776	0.6942
9858	0.213500	0.210776	0.6942
9859	0.213500	0.210776	0.6942
9860	0.213500	0.210776	0.6942
9861	0.213500	0.210776	0.6942
9862	0.213500	0.210776	0.6942
9863	0.213500	0.210776	0.6942
9864	0.213500	0.210776	0.6942
9865	0.213500	0.210776	0.6942
9866	0.213500	0.210776	0.6942
9867	0.213500	0.210776	0.6942
9868	0.213500	0.210776	0.6942
9869	0.213500	0.210776	0.6942
9870	0.213500	0.210776	0.6942
9871	0.213500	0.210776	0.6942
9872	0.213500	0.210776	0.6942
9873	0.213500	0.210776	0.6942
9874	0.213500	0.210776	0.6942
9875	0.213500	0.210776	0.6942
9876	0.213500	0.210776	0.6942
9877	0.213500	0.210776	0.6942
9878	0.213500	0.210776	0.6942
9879	0.213500	0.210776	0.6942
9880	0.213500	0.210776	0.6942
9881	0.213500	0.210776	0.6942
9882	0.213500	0.210776	0.6942
9883	0.213500	0.210776	0.6942
9884	0.213500	0.210776	0.6942
9885	0.213500	0.210776	0.6942
9886	0.213500	0.210776	0.6942
9887	0.213500	0.210776	0.6942
9888	0.213500	0.210776	0.6942
9889	0.213500	0.210776	0.6942
9890	0.213500	0.210776	0.6942
9891	0.213500	0.210776	0.6942
9892	0.213500	0.210776	0.6942
9893	0.213500	0.210776	0.6942
9894	0.213500	0.210776	0.6942
9895	0.213500	0.210776	0.6942
9896	0.213500	0.210776	0.6942
9897	0.213500	0.210776	0.6942
9898	0.213500	0.210776	0.6942
9899	0.213500	0.210776	0.6942
9900	0.213500	0.210776	0.6942
9901	0.213500	0.210776	0.6942
9902	0.213500	0.210776	0.6942
9903	0.213500	0.210776	0.6942
9904	0.213500	0.210776	0.6942
9905	0.213500	0.210776	0.6942
9906	0.213500	0.210776	0.6942
9907	0.213500	0.210776	0.6942
9908	0.213500	0.210776	0.6942
9909	0.213500	0.210776	0.6942
9910	0.213500	0.210776	0.6942
9911	0.213500	0.210776	0.6942
9912	0.213500	0.210776	0.6942
9913	0.213500	0.210776	0.6942
9914	0.213500	0.210776	0.6942
9915	0.213500	0.210776	0.6942
9916	0.213500	0.210776	0.6942
9917	0.213500	0.210776	0.6942
9918	0.213500	0.210776	0.6942
9919	0.213500	0.210776	0.6942
9920	0.213500	0.210776	0.6942
9921	0.213500	0.210776	0.6942
9922	0.213500	0.210776	0.6942
9923	0.213500	0.210776	0.6942
9924	0.213500	0.210776	0.6942
9925	0.213500	0.210776	0.6942
9926	0.213500	0.210776	0.6942
9927	0.213500	0.210776	0.6942
9928	0.213500	0.210776	0.6942
9929	0.213500	0.210776	0.6942
9930	0.213500	0.210776	0.6942
9931	0.213500	0.210775	0.6942
9932	0.213500	0.210775	0.6942
9933	0.213500	0.210775	0.6942
9934	0.213500	0.210775	0.6942
9935	0.213500	0.210775	0.6942
9936	0.213500	0.210775	0.6942
9937	0.213500	0.210775	0.6942
9938	0.213500	0.210775	0.6942
9939	0.213500	0.210775	0.6942
9940	0.213500	0.210775	0.6942
9941	0.213500	0.210775	0.6942
9942	0.213500	0.210775	0.6942
9943	0.213500	0.210775	0.6942
9944	0.213500	0.210775	0.6942
9945	0.213500	0.210775	0.6942
9946	0.213500	0.210775	0.6942
9947	0.213500	0.210775	0.6942
9948	0.213500	0.210775	0.6942
9949	0.213500	0.210775	0.6942
9950	0.213500	0.210775	0.6942
9951	0.213500	0.210775	0.6942
9952	0.213500	0.210775	0.6942
9953	0.213500	0.210775	0.6942
9954	0.213500	0.210775	0.6942
9955	0.213500	0.210775	0.6942
9956	0.213500	0.210775	0.6942
9957	0.213500	0.210775	0.6942
9958	0.213500	0.210775	0.6942
9959	0.213500	0.210775	0.6942
9960	0.213500	0.210775	0.6942
9961	0.213500	0.210775	0.6942
9962	0.213500	0.210775	0.6942
9963	0.213500	0.210775	0.6942
9964	0.213499	0.210775	0.6942
9965	0.213499	0.210775	0.6942
9966	0.213499	0.210775	0.6942
9967	0.213499	0.210775	0.6942
9968	0.213499	0.210775	0.6942
9969	0.213499	0.210775	0.6942
9970	0.213499	0.210775	0.6942
9971	0.213499	0.210775	0.6942
9972	0.213499	0.210775	0.6942
9973	0.213499	0.210775	0.6942
9974	0.213499	0.210775	0.6942
9975	0.213499	0.210775	0.6942
9976	0.213499	0.210775	0.6942
9977	0.213499	0.210775	0.6942
9978	0.213499	0.210775	0.6942
9979	0.213499	0.210775	0.6942
9980	0.213499	0.210775	0.6942
9981	0.213499	0.210775	0.6942
9982	0.213499	0.210775	0.6942
9983	0.213499	0.210775	0.6942
9984	0.213499	0.210775	0.6942
9985	0.213499	0.210775	0.6942
9986	0.213499	0.210775	0.6942
9987	0.213499	0.210775	0.6942
9988	0.213499	0.210775	0.6942
9989	0.213499	0.210775	0.6942
9990	0.213499	0.210775	0.6942
9991	0.213499	0.210775	0.6942
9992	0.213499	0.210775	0.6942
9993	0.213499	0.210775	0.6942
9994	0.213499	0.210775	0.6942
9995	0.213499	0.210775	0.6942
9996	0.213499	0.210775	0.6942
9997	0.213499	0.210775	0.6942
9998	0.213499	0.210775	0.6942
9999	0.213499	0.210775	0.6942
10000	0.213499	0.210775	0.6942